-7.7214,1.3417e-06,1.1977e-06,2.3123e-06,2.9616e-06,3.502e-06,2.004e-06,1.7145e-06,3.8883e-06,1.9552e-06,2.0922e-06,3.3384e-06,2.1629e-06,1.3521e-06,2.0743e-06,3.0137e-06,3.2037e-06,1.5853e-06,1.8849e-06,1.9297e-06,1.3573e-06,1.7937e-06,2.1268e-06,3.9467e-06,1.5155e-06,1.6087e-06,1.7127e-06,2.8891e-06,2.2657e-06,3.5722e-06,2.7621e-06,3.9141e-06,2.947e-06,4.0432e-06,1.939e-06,3.7684e-06,2.2224e-06,2.1009e-06,3.8752e-06,2.7044e-06,3.3531e-06,2.1103e-06,3.0355e-06,2.1983e-06,2.0944e-06,2.321e-06,2.1922e-06,2.3073e-06,3.8066e-06,4.1531e-06,1.5182e-06,1.5188e-06,3.3647e-06,2.2817e-06,2.4453e-06,1.9449e-06,2.4012e-06,2.3123e-06,2.8911e-06,-9.8137e-07,1.7755e-06,2.4015e-06,2.6746e-06,2.8442e-06,2.5052e-06,2.0744e-06,2.3471e-06,1.8983e-06,4.0496e-06,1.937e-06,1.7214e-06,1.5386e-06,1.6058e-06,3.3549e-06,1.766e-06,2.2379e-06,2.1781e-06,2.3048e-06,2.3226e-06,1.8755e-06,3.0531e-06,1.8977e-06,0.18471,1.685e-06,3.0715e-06
7.7735e-08,-6.6617,1.7622e-07,2.7743e-07,1.5948e-07,6.0055e-07,3.489e-08,8.2316e-08,5.4776e-07,4.985e-08,1.7967e-07,1.6107e-07,2.553e-07,4.7537e-08,1.2559e-07,1.4513e-07,2.3184e-07,5.9308e-08,1.0914e-07,1.3629e-07,6.9414e-08,5.146e-08,4.1796e-08,3.8012e-07,7.1766e-08,7.3892e-08,4.7565e-08,1.6951e-07,1.2557e-07,2.8265e-07,2.577e-07,2.3702e-07,2.051e-07,2.6749e-07,7.7518e-08,2.874e-07,3.4927e-08,1.9987e-07,4.1498e-07,1.6519e-07,2.4188e-07,3.8926e-07,5.8976e-07,1.7995e-07,1.8114e-07,7.3923e-08,8.8655e-08,1.5416e-07,4.9048e-07,4.1189e-07,4.8726e-08,6.9065e-08,5.3918e-07,1.2252e-07,1.1208e-07,3.111e-08,1.3278e-07,2.8815e-07,2.2938e-07,-3.1648e-08,2.2415e-07,5.5371e-08,8.5522e-08,2.7913e-07,2.6125e-07,1.1571e-07,9.9704e-08,1.2447e-07,3.8661e-07,1.4037e-07,7.2523e-08,8.1923e-08,3.3277e-08,2.634e-07,8.2209e-08,1.3772e-07,2.1866e-07,7.9204e-08,5.8997e-08,8.4715e-08,2.7426e-07,1.5314e-07,1.6311e-06,1.7811e-07,1.4791e-07
2.7017e-07,7.1634e-07,-6.3015,2.1419e-06,8.2676e-07,2.5643e-06,3.9103e-08,1.7969e-07,2.7024e-06,2.2622e-07,1.1764e-06,1.4388e-06,1.7067e-06,4.3992e-07,9.0167e-07,1.0061e-06,1.5626e-06,1.4551e-07,1.0786e-06,5.875e-07,5.4801e-07,4.8289e-07,2.9631e-07,2.2337e-06,7.1578e-07,5.2951e-07,7.9687e-08,1.7487e-06,9.3637e-07,1.7651e-06,1.5288e-06,2.2217e-06,1.4749e-06,2.2696e-06,2.3568e-07,1.846e-06,3.8465e-07,1.4929e-06,3.497e-06,1.0508e-06,1.7874e-06,2.3661e-06,2.9044e-06,1.8652e-06,1.0024e-06,3.8899e-07,3.2388e-07,1.266e-06,2.306e-06,2.149e-06,4.3997e-07,2.5684e-07,2.345e-06,8.048e-07,7.7603e-07,5.4383e-07,8.2995e-07,2.2033e-06,1.2033e-06,3.3371e-07,7.2473e-07,6.0202e-07,5.5737e-07,1.289e-06,1.1e-06,4.2167e-07,3.0913e-07,6.1997e-07,1.5107e-06,6.6274e-07,4.9848e-07,5.9067e-07,2.5744e-07,1.8609e-06,3.6295e-07,1.193e-06,1.4528e-06,4.0573e-07,2.0714e-07,3.6603e-07,2.7716e-06,6.7122e-07,0.2206,1.1329e-06,1.201e-06
7.1462e-08,1.5662e-07,2.9567e-07,-5.6526,3.5364e-07,1.075e-06,6.3825e-10,5.9025e-08,1.2355e-06,2.2107e-08,4.3266e-07,4.1156e-07,9.8318e-07,1.194e-07,2.8207e-07,2.3191e-07,4.0729e-07,4.0524e-08,3.9981e-07,1.6643e-07,1.1923e-07,8.0963e-08,6.5006e-08,8.9449e-07,1.4464e-07,1.6434e-07,5.3043e-08,3.7884e-07,2.9e-07,4.8897e-07,5.1163e-07,6.8899e-07,4.0541e-07,8.5492e-07,1.3267e-08,5.1484e-07,1.2451e-07,4.866e-07,2.9308e-06,3.0578e-07,4.9597e-07,1.065e-06,1.1975e-06,5.723e-07,2.8893e-07,6.8924e-08,9.7771e-08,3.5456e-07,9.2465e-07,9.9517e-07,1.6227e-07,4.1277e-08,1.2075e-06,2.8469e-07,2.8676e-07,9.9377e-08,2.6109e-07,1.4889e-06,3.4296e-07,3.4664e-07,2.3372e-07,1.8736e-07,9.6918e-08,5.3717e-07,5.3101e-07,9.6973e-08,7.1907e-08,1.871e-07,4.9341e-07,2.2404e-07,8.523e-08,1.0962e-07,7.0758e-08,7.5068e-07,9.8574e-08,3.3589e-07,4.6908e-07,7.6095e-08,4.3677e-08,1.0981e-07,1.6426e-06,1.5255e-07,0.23831,3.9444e-07,3.0566e-07
1.1251e-06,1.0445e-06,1.345e-06,4.1152e-06,-7.1743,5.1968e-06,8.3733e-07,1.1683e-06,5.3964e-06,7.5939e-07,2.3519e-06,2.8515e-06,3.5532e-06,8.8681e-07,1.6421e-06,1.8256e-06,2.582e-06,6.2408e-07,1.7323e-06,1.1544e-06,9.617e-07,1.0503e-06,1.0781e-06,4.4111e-06,8.9361e-07,1.1142e-06,9.2571e-07,2.3623e-06,1.8007e-06,3.6217e-06,2.9195e-06,3.3882e-06,2.3925e-06,4.1441e-06,6.4395e-07,3.0579e-06,1.2748e-06,2.5904e-06,5.905e-06,2.0669e-06,3.1028e-06,3.8648e-06,5.0572e-06,2.7319e-06,1.955e-06,1.0838e-06,1.1027e-06,1.9804e-06,4.0857e-06,5.0962e-06,1.2802e-06,7.7095e-07,4.2035e-06,1.9403e-06,1.9686e-06,1.2503e-06,1.7311e-06,4.3332e-06,2.4663e-06,6.3458e-07,1.2527e-06,1.5608e-06,1.1503e-06,2.5352e-06,2.6302e-06,9.9263e-07,1.1327e-06,1.4573e-06,3.4358e-06,1.4932e-06,6.8471e-07,1.0691e-06,7.1313e-07,3.7654e-06,9.7738e-07,1.835e-06,1.7899e-06,1.154e-06,1.0412e-06,1.0437e-06,4.1478e-06,1.381e-06,0.040454,2.207e-06,2.0712e-06
1.902e-05,5.0636e-05,4.5188e-05,0.00014113,6.8894e-05,-0.0033965,1.9938e-05,2.9978e-05,0.010207,9.9752e-06,7.2245e-05,8.1809e-05,0.00012123,2.725e-05,4.5224e-05,6.3759e-05,9.7858e-05,1.9978e-05,5.8109e-05,3.3049e-05,2.5784e-05,1.7352e-05,2.4674e-05,0.00016869,3.1091e-05,2.8109e-05,1.8811e-05,7.1756e-05,5.1071e-05,0.0001332,9.6669e-05,0.00013863,8.7071e-05,0.00015512,1.7217e-05,0.00011735,1.7138e-05,8.9461e-05,0.00029673,6.067e-05,0.00012987,0.0010719,0.014239,8.1953e-05,5.5691e-05,1.3409e-05,2.1589e-05,6.0215e-05,0.00038368,0.00056456,3.0009e-05,1.1248e-05,0.00062574,3.9753e-05,3.8127e-05,3.3548e-05,5.3351e-05,0.00015881,7.4884e-05,-2.6695e-06,6.9827e-05,3.8458e-05,2.2732e-05,7.3046e-05,5.8249e-05,2.7191e-05,2.6198e-05,4.234e-05,0.00023168,5.9842e-05,1.7363e-05,1.824e-05,1.5169e-05,0.00013105,2.2239e-05,6.2711e-05,6.3533e-05,1.3496e-05,1.542e-05,2.3518e-05,0.00016158,3.9208e-05,7.9625e-05,6.4115e-05,5.9324e-05
0.0019575,0.00058567,0.00017336,5.8338e-05,0.0021573,0.0031508,-12.937,0.0020348,0.0031219,0.0020573,0.0019384,0.0010834,0.0010967,0.00052953,0.0017029,0.0025645,0.0016489,0.0022084,0.0006121,0.001616,0.0018733,0.0010258,0.0017036,0.0031123,0.00098491,0.0010789,0.0031174,0.00020382,0.00061182,0.002382,0.00013293,0.0024382,0.0010737,0.0018226,0.0019981,0.0013799,0.0013221,0.00061523,-0.00026705,0.0014843,0.0010362,0.00053545,0.00099443,5.3733e-05,0.0011926,0.0014712,0.001982,0.0011859,0.0015414,0.0025337,0.00094315,0.0012877,-0.0017166,0.0022349,0.0022288,0.0017064,0.0017868,0.00084218,0.001848,-3.4676e-05,0.0018559,0.0016655,0.0013293,0.00059269,0.00037048,0.0012858,0.0032568,0.00072979,0.0041945,0.00071191,0.0013708,0.0014682,0.0013717,-0.00071802,0.0012512,-0.00026989,0.00047227,0.0013675,0.0017941,0.0014193,0.0002297,0.0021027,0.020494,0.0014746,0.0015953
0.00038005,0.00031264,0.00017033,0.00040173,0.00068089,0.001185,0.00046061,-1.0538e+06,0.00044763,0.00042282,0.00068892,-2.031e-05,0.00052087,0.00035862,0.00053439,0.00041811,0.00056796,0.00057645,0.00047103,0.00079906,0.00048868,0.00039997,0.00047533,0.00072473,0.00016759,0.00041259,0.00034144,-3.8386e-05,0.00013603,0.00054625,0.00044847,0.0002111,0.00042704,0.00035798,0.00054112,0.00027524,0.00034785,0.00026686,0.00050175,0.00027799,0.00027638,0.00039271,0.00019709,0.00015568,0.00049669,0.00044271,0.00057819,0.00011418,0.00022318,0.0012381,0.00040083,0.00053377,0.00024348,0.000549,0.00050941,0.00088871,0.00015434,0.00065945,0.0010006,0.0002494,0.00036663,0.00051059,0.00041148,0.00028766,0.00031581,0.00043783,0.00041844,0.0004276,0.00086672,0.00068324,0.0002634,0.00051677,0.00045818,0.00045384,0.00043539,8.2699e-06,0.00041765,0.00045499,0.00061908,0.00039003,0.00013947,0.00053499,0.0036296,0.00040111,0.00043548
2.4995e-06,1.0945e-05,1.2371e-05,6.018e-05,2.4627e-05,0.00018137,4.9224e-06,6.8529e-06,-0.0005339,-1.5629e-05,3.3904e-05,6.8193e-05,4.49e-05,-5.7848e-06,2.5502e-05,1.14e-05,2.426e-05,2.0739e-06,3.1379e-05,6.6062e-06,1.1069e-05,8.311e-06,3.8901e-06,4.0258e-05,1.4864e-05,-4.7485e-06,1.2646e-05,4.5291e-05,3.0014e-05,4.9242e-05,-2.2817e-06,2.5622e-05,2.6859e-05,7.4606e-05,-1.024e-05,4.6848e-05,-5.8489e-06,3.5605e-05,8.9156e-05,1.2968e-05,8.9599e-05,0.00010458,0.0022169,3.3437e-05,1.6649e-05,-1.5455e-05,7.4465e-06,2.5632e-05,8.0834e-05,5.0001e-05,-5.2147e-06,-2.1639e-06,0.00046618,1.8737e-05,1.9345e-05,-3.8089e-07,3.6022e-05,8.0378e-05,7.1921e-06,2.051e-05,8.647e-06,8.2136e-06,-8.245e-06,2.8519e-05,6.3175e-05,1.2824e-05,5.0352e-06,-3.6941e-06,1.9113e-05,1.5681e-05,9.8814e-06,1.996e-06,-5.1798e-06,4.5366e-05,1.5786e-06,1.7356e-05,5.0375e-05,-2.5582e-06,-5.6761e-06,4.0393e-06,7.6021e-05,7.1908e-06,5.2633e-06,1.5907e-05,2.043e-05
1.3384e-06,5.8459e-07,6.5904e-07,4.7695e-07,1.3694e-06,8.6854e-07,1.4413e-06,1.3083e-06,1.5736e-07,-7.8455,1.5595e-06,7.031e-07,9.688e-07,7.9018e-07,1.4542e-06,1.5576e-06,1.0463e-06,1.5632e-06,1.1909e-06,1.1675e-06,1.6876e-06,1.1572e-06,1.5041e-06,5.3939e-07,1.8339e-07,9.1169e-07,1.1409e-06,4.9242e-07,5.6892e-07,1.954e-06,7.4055e-07,1.7597e-06,1.0707e-06,2.7448e-08,2.677e-06,8.6967e-07,1.4567e-06,8.4546e-07,5.3517e-07,9.7564e-07,9.7851e-07,2.1469e-07,1.0684e-06,4.0761e-08,1.3589e-06,1.9638e-06,1.8099e-06,6.483e-07,4.025e-07,1.7751e-06,8.083e-07,1.31e-06,3.8636e-07,1.6347e-06,1.6854e-06,1.3603e-06,6.7984e-07,5.2966e-07,1.4647e-06,-4.0995e-08,1.0093e-06,1.6051e-06,1.7036e-06,9.5561e-07,6.8633e-07,1.052e-06,1.2448e-06,1.6111e-06,1.6272e-06,8.6572e-07,1.1748e-06,1.0779e-06,1.4374e-06,7.3889e-07,1.2163e-06,-1.6523e-08,1.415e-06,1.5595e-06,1.7024e-06,1.3038e-06,-2.981e-07,1.5388e-06,1.079e-05,8.3345e-07,1.2789e-06
2.5676e-07,3.8392e-07,6.2136e-07,1.6442e-06,7.668e-07,1.914e-06,2.4564e-07,3.8626e-07,1.9015e-06,2.8283e-07,-7.2801,7.207e-07,1.4404e-06,3.9171e-07,8.0279e-07,5.527e-07,9.6213e-07,3.5388e-07,1.1666e-06,5.9608e-07,5.333e-07,4.0954e-07,3.2037e-07,1.7009e-06,3.544e-07,4.3445e-07,2.3115e-07,7.9098e-07,6.8164e-07,1.0836e-06,9.5937e-07,1.2456e-06,9.2743e-07,1.45e-06,2.5246e-07,1.066e-06,3.7866e-07,9.7143e-07,2.4511e-06,6.4851e-07,9.6641e-07,1.4151e-06,1.9265e-06,8.6223e-07,7.8298e-07,2.6e-07,4.6638e-07,7.6163e-07,1.1806e-06,1.5387e-06,3.471e-07,2.061e-07,1.8286e-06,7.9551e-07,8.3732e-07,4.1293e-07,6.2799e-07,1.5713e-06,8.7079e-07,5.7013e-07,2.759e-07,5.4916e-07,2.7935e-07,9.8406e-07,9.6581e-07,3.8734e-07,3.3728e-07,4.0552e-07,1.1102e-06,4.9325e-07,3.3628e-07,4.7867e-07,3.7863e-07,1.0662e-06,4.2759e-07,8.1058e-07,1.1098e-06,3.2702e-07,1.8609e-07,4.0811e-07,1.7395e-06,5.1345e-07,0.2703,6.859e-07,7.7717e-07
0.0015057,0.0008092,0.0021722,0.0048133,0.0032072,0.0087667,0.00037509,-0.00042142,0.02835,0.00016826,0.0021691,-0.50123,0.0049993,0.00079709,0.0013289,0.0050543,0.0059316,0.0019034,0.0022826,0.00071613,0.00058466,0.0012968,0.00094552,0.0077741,0.0024107,0.0020515,0.0001824,0.01627,0.0053416,0.009682,0.0067183,0.008462,0.0063333,0.012347,-0.00020316,0.014041,0.0030086,0.005456,0.0098111,0.0051829,0.018923,0.013939,0.021236,0.0077984,0.0041242,0.00039012,0.001544,0.0054065,0.011427,0.0079328,0.0020393,0.00039204,0.016625,0.00067826,0.00069277,0.00017799,0.0044451,0.0066678,0.0040109,-0.0019815,0.0025713,0.0025542,0.0022768,0.0055455,0.0060706,0.0017936,0.001285,0.0028763,0.0074324,0.0025362,0.0019806,0.000981,0.0012694,0.01141,0.0017395,0.005493,0.0026302,0.00088685,0.00039276,0.0013534,0.0073952,0.001973,0.047157,0.0036681,0.0045436
0.010905,0.025338,0.038944,0.18976,0.055363,0.16672,0.0052658,0.014698,0.20634,0.0083305,0.073376,0.072914,-6.7572,0.015598,0.050914,0.031408,0.066723,0.0061803,0.069531,0.022217,0.022768,0.015361,0.010512,0.14154,0.022534,0.018521,0.013085,0.063059,0.050744,0.0909,0.076719,0.094327,0.065699,0.12226,0.0055453,0.083298,0.029783,0.083792,0.35241,0.05126,0.082009,0.18724,0.20948,0.082147,0.053406,0.013962,0.012418,0.055603,0.15416,0.16519,0.028351,0.012533,0.17255,0.052197,0.052294,0.018395,0.037262,0.21363,0.053973,0.057859,0.034666,0.037778,0.017237,0.085122,0.082551,0.02232,0.013925,0.029324,0.085847,0.03412,0.015298,0.020257,0.013193,0.11864,0.011793,0.053736,0.073177,0.019728,0.0092913,0.017311,0.20154,0.026308,0.63677,0.062002,0.049605
2.1215e-07,1.2716e-07,2.887e-07,5.6213e-07,3.6668e-07,7.9563e-07,8.5473e-08,2.5505e-07,4.9659e-07,1.8123e-07,4.9367e-07,3.8457e-07,4.4907e-07,-7.6672,2.3656e-07,3.5852e-07,4.8937e-07,2.2317e-07,4.5633e-07,4.2804e-07,2.1468e-07,2.9041e-07,2.2786e-07,4.8763e-07,3.9529e-07,2.8518e-07,1.4551e-07,4.798e-07,1.5658e-07,5.9181e-07,4.5551e-07,3.8217e-07,4.3327e-07,3.8338e-07,1.6432e-07,5.7225e-07,2.5146e-07,5.2352e-07,6.6791e-07,4.4499e-07,5.6735e-07,7.8e-07,1.0146e-06,1.6373e-07,2.8484e-07,2.9561e-07,2.3849e-07,4.0197e-07,5.6533e-07,5.9724e-07,3.2901e-07,1.655e-07,1.005e-06,2.892e-07,3.3259e-07,4.3377e-07,4.9534e-07,4.7528e-07,5.6368e-07,4.8574e-08,2.1559e-07,3.3512e-07,2.4177e-07,2.59e-07,3.1724e-07,1.0096e-07,2.051e-07,3.5266e-07,4.7759e-07,3.2901e-07,1.4002e-07,3.6063e-07,1.6795e-07,6.2612e-07,1.6493e-07,2.0151e-07,1.8208e-07,2.1747e-07,1.4184e-07,2.0562e-07,6.2668e-07,2.171e-07,4.1067e-07,4.3937e-07,4.9713e-07
4.8274e-05,5.1743e-05,9.1535e-05,0.00020528,0.00010243,0.00021981,4.0639e-05,5.7875e-05,0.00025877,5.0664e-05,0.00015529,8.9952e-05,0.00018816,3.557e-05,-0.022801,7.1323e-05,0.0001199,4.7337e-05,0.00013267,6.0145e-05,6.5969e-05,5.2599e-05,5.1886e-05,0.00016073,5.0522e-05,4.9445e-05,4.238e-05,9.0696e-05,7.1309e-05,0.00015161,9.105e-05,0.00014943,0.00010866,0.00011758,4.6758e-05,0.00013933,6.334e-05,0.00012944,0.00028865,7.6871e-05,0.00010237,0.00015549,0.00019769,0.00010853,7.4416e-05,5.1035e-05,6.6014e-05,7.2807e-05,0.00016043,0.00016664,4.8692e-05,3.8968e-05,0.00017847,0.00013947,0.00014163,7.0787e-05,5.9893e-05,0.00021854,0.00010531,9.1081e-05,3.8067e-05,7.9578e-05,4.7238e-05,0.00012562,0.00012127,5.1628e-05,6.1491e-05,5.5591e-05,0.00012723,6.2691e-05,5.056e-05,6.3915e-05,5.1746e-05,0.00013177,6.5453e-05,9.7341e-05,0.00015363,5.3562e-05,5.3287e-05,6.8022e-05,0.00020169,6.6164e-05,0.00080758,8.725e-05,8.932e-05
0.00060426,0.00050782,0.00087332,0.0014285,0.00097852,0.0031998,0.00053594,0.0003909,0.0026584,0.00047298,0.0009232,0.0022968,0.0013271,0.00047017,0.0006107,-0.18034,0.001562,0.00079825,0.00069997,0.00036551,0.00033377,0.00036246,0.00053685,0.0020349,0.00046792,0.00046099,0.00050366,0.0018807,0.0011358,0.0019981,0.0015799,0.002151,0.0017848,0.0019042,0.00028784,0.0018109,0.0012442,0.0011917,0.0021742,0.0010595,0.0024656,0.0031801,0.0026128,0.0015034,0.001192,0.00049378,0.00068654,0.0010411,0.0021179,0.0026754,0.00055844,0.00035912,0.0032208,0.00057993,0.00050982,0.00036811,0.0011289,0.00091288,0.0013263,-0.00043385,0.00062272,0.00084059,0.00062045,0.0010567,0.001031,0.00050981,0.00069583,0.00084506,0.0019454,0.00043665,0.00035924,0.00055601,0.00061658,0.001736,0.00065807,0.0012754,0.00084773,0.00051254,0.00044863,0.00066108,0.0020578,0.0014178,0.015397,0.0011045,0.00095048
0.0009605,0.0012406,0.0020445,0.0037909,0.0020898,0.0064868,0.00052128,0.00081251,0.0060868,0.0004725,0.0023905,0.0040195,0.003538,0.00097663,0.0015561,0.002311,-0.44208,0.00063677,0.0020992,0.0011979,0.0008697,0.00070686,0.00082316,0.0049155,0.0014023,0.0010671,0.00018914,0.003426,0.0022132,0.0035919,0.0043219,0.0042675,0.0035831,0.0053238,0.00055226,0.0040492,0.0011065,0.0028491,0.0060353,0.0026923,0.0040349,0.0057539,0.0064984,0.0033306,0.0025213,0.00070386,0.00071984,0.0027899,0.0047733,0.0050646,0.0012593,0.00046397,0.0066434,0.0013766,0.0013288,0.001092,0.0020211,0.0040037,0.0028424,-9.7138e-05,0.0015646,0.0016287,0.0010089,0.0022651,0.0021245,0.0012076,0.0011111,0.0016314,0.0035568,0.0014758,0.0011688,0.0010612,0.00052824,0.0040377,0.00074865,0.003256,0.0020009,0.00070255,0.00056025,0.0007245,0.0050468,0.0013916,0.041666,0.0024869,0.0024798
4.5465e-07,2.9064e-07,1.6464e-07,3.276e-07,4.7119e-07,9.1741e-07,6.4949e-07,7.497e-07,1.121e-06,6.5684e-07,8.1198e-07,9.698e-07,2.9697e-07,4.0787e-07,5.5979e-07,1.0446e-06,5.6084e-07,-8.0574,7.1528e-07,4.0044e-07,7.528e-07,4.2158e-07,5.0677e-07,7.6299e-07,1.7761e-07,5.5183e-07,6.5469e-07,3.997e-07,2.6904e-09,7.2826e-07,3.8587e-07,6.4296e-07,4.3233e-07,3.4482e-07,5.8936e-07,8.4545e-07,4.3605e-07,2.0174e-07,3.1602e-07,1.4058e-07,8.8407e-07,8.0094e-07,4.099e-07,1.4208e-07,3.5483e-07,4.6508e-07,1.175e-06,1.2801e-07,6.4288e-07,1.161e-06,3.9608e-07,4.9053e-07,-3.2462e-07,4.9694e-07,5.5482e-07,8.1168e-07,4.4044e-07,2.7073e-07,5.9032e-07,-2.6678e-07,5.158e-07,6.9266e-07,6.0507e-07,4.6334e-07,2.6234e-07,5.3151e-07,7.0657e-07,5.2043e-07,1.3339e-06,4.8761e-07,5.9787e-07,5.7427e-07,1.1441e-06,-1.5321e-07,9.8353e-07,1.8172e-07,5.6271e-07,4.9653e-07,5.8044e-07,8.8164e-07,1.7804e-07,9.6134e-07,-5.599e-06,4.2086e-07,3.8402e-07
5.8439e-05,2.5197e-05,0.00016071,0.00047877,0.00014965,0.00031755,1.5192e-06,0.00014804,0.00032281,0.0001144,0.00057176,9.3222e-05,0.00049677,0.00018589,0.00031919,6.8623e-05,0.00025711,0.00019011,-0.005002,0.00022066,0.00029268,0.00010825,6.8497e-05,0.00036392,0.00016587,7.8272e-05,-7.7678e-06,0.00016994,0.00021101,0.00024375,0.00033712,0.00024292,0.00021836,0.00022816,5.0185e-05,0.00047209,0.00021206,0.00027775,0.00078511,5.866e-05,0.00014728,0.00025378,0.00028096,9.7525e-05,0.00010029,0.00010199,0.00010028,0.00017989,0.00037322,0.00035617,0.00013999,7.6081e-05,0.00044562,0.00020687,0.00021749,0.00015999,6.051e-05,0.00048211,0.00023494,0.00021804,1.5595e-05,0.0002076,1.1344e-05,0.00016845,0.00012252,0.0001606,0.00011464,3.8258e-05,0.00014934,0.00023446,0.00019005,0.00014628,0.00015337,0.00028622,0.00016653,0.00035065,0.00048505,5.015e-05,2.7394e-05,0.00020102,0.00059181,0.00012126,4.5673e-05,0.00020902,0.00021647
2.6718e-06,3.2387e-06,3.4446e-06,7.0143e-06,4.2068e-06,8.7061e-06,2.2922e-06,5.0066e-06,6.2254e-06,2.3607e-06,6.6497e-06,3.237e-06,5.5829e-06,3.7723e-06,3.5133e-06,2.6892e-06,5.2882e-06,1.9325e-06,4.8658e-06,-7.2187,3.275e-06,2.6497e-06,2.424e-06,7.1952e-06,2.9791e-06,2.6462e-06,1.4903e-06,3.6741e-06,3.5101e-06,5.6009e-06,5.0003e-06,5.7505e-06,4.6454e-06,8.4982e-06,2.1514e-06,5.6195e-06,1.5837e-06,4.1707e-06,1.0244e-05,4.3298e-06,4.9134e-06,5.5301e-06,8.9443e-06,3.0703e-06,4.5815e-06,2.3508e-06,3.3453e-06,3.722e-06,5.0544e-06,8.6342e-06,2.3347e-06,1.7487e-06,9.7553e-06,3.8892e-06,4.0041e-06,2.8752e-06,3.4869e-06,6.9388e-06,6.6152e-06,1.4086e-06,3.0558e-06,2.7451e-06,1.9589e-06,4.5663e-06,3.6946e-06,2.0674e-06,2.9663e-06,2.8455e-06,7.2346e-06,4.282e-06,2.6466e-06,3.612e-06,2.5284e-06,8.0734e-06,2.0453e-06,1.2891e-06,5.3617e-06,2.4599e-06,2.964e-06,2.0402e-06,7.118e-06,3.3657e-06,3.9373e-05,3.6327e-06,4.1766e-06
4.5933e-07,4.0686e-07,7.8667e-07,1.2286e-06,8.6279e-07,1.327e-06,6.5343e-07,7.547e-07,1.5716e-06,8.4153e-07,1.4615e-06,7.1205e-07,1.261e-06,4.6701e-07,9.4777e-07,5.8416e-07,9.5778e-07,8.9595e-07,1.4272e-06,8.0771e-07,-6.7533,8.1369e-07,7.9375e-07,1.5999e-06,6.5511e-07,5.931e-07,5.739e-07,9.7322e-07,7.1108e-07,1.022e-06,8.3881e-07,1.7168e-06,8.3733e-07,1.3956e-06,6.9412e-07,1.375e-06,6.0449e-07,8.9829e-07,1.9747e-06,5.9972e-07,8.8585e-07,8.1576e-07,3.7267e-07,7.9031e-07,9.4187e-07,7.9691e-07,9.3427e-07,7.3911e-07,1.0194e-06,1.5786e-06,7.2249e-07,6.2742e-07,7.1234e-08,8.578e-07,9.1557e-07,6.2268e-07,9.0459e-07,1.3547e-06,1.2166e-06,2.7262e-07,4.5912e-07,8.3393e-07,5.2583e-07,8.8122e-07,1.0311e-06,8.3508e-07,8.3253e-07,7.1112e-07,1.7543e-06,5.8641e-07,7.1998e-07,8.629e-07,6.2818e-07,1.1138e-06,8.8531e-07,4.6224e-07,1.0418e-06,8.4836e-07,6.2451e-07,8.5065e-07,1.4706e-06,7.4342e-07,3.6933e-06,8.4869e-07,9.0767e-07
2.1635e-05,1.0644e-05,2.4844e-05,3.0223e-05,3.3331e-05,3.8361e-05,1.2677e-05,2.173e-05,5.1962e-05,2.0332e-05,3.977e-05,3.484e-05,3.3204e-05,2.2208e-05,2.6843e-05,2.2175e-05,2.8172e-05,1.7627e-05,2.7411e-05,2.299e-05,2.872e-05,-10.613,2.1293e-05,3.8026e-05,1.9139e-05,2.1739e-05,1.3304e-05,4.1594e-05,2.4767e-05,3.4537e-05,2.6214e-05,3.9053e-05,3.601e-05,4.8311e-05,2.2777e-05,3.5698e-05,2.3608e-05,3.5583e-05,5.2947e-05,3.2392e-05,3.9964e-05,2.0234e-05,2.7045e-05,2.8519e-05,2.9138e-05,2.8177e-05,2.1798e-05,3.2398e-05,3.1713e-05,5.1118e-05,1.9898e-05,1.7792e-05,2.3604e-05,2.876e-05,3.115e-05,2.8061e-05,2.7252e-05,4.1547e-05,3.9043e-05,1.3771e-05,8.0139e-06,2.9629e-05,2.9625e-05,2.8857e-05,2.634e-05,1.8363e-05,2.063e-05,2.7249e-05,4.4117e-05,2.6732e-05,1.8749e-05,2.7658e-05,1.2478e-05,4.9688e-05,2.1862e-05,2.0027e-05,3.3917e-05,2.6192e-05,1.9689e-05,2.1673e-05,3.2745e-05,1.8618e-05,0.00034315,2.7436e-05,3.5841e-05
0.0002543,8.5807e-05,0.00015121,0.00023964,0.00034028,0.00052615,0.00020842,0.00025792,0.00053568,0.00026334,0.00031004,0.00031094,0.00026521,0.00017367,0.0002645,0.00032342,0.00032055,0.00021183,0.00020729,0.00020955,0.00027868,0.0002116,-0.28107,0.00031436,0.00015914,0.00015764,0.00017339,0.0002702,0.00013653,0.0004928,0.00024567,0.00036312,0.00028094,0.00020989,0.00021863,0.00032863,0.00023845,0.00032657,0.0005085,0.00017501,0.00035369,0.00039061,0.00038968,0.00018408,0.00022229,0.00027582,0.00025851,0.00017787,0.00028426,0.00049009,0.00020703,0.000232,0.00030016,0.00025995,0.00025831,0.00024723,0.00027817,0.00033409,0.00044181,-6.4232e-05,0.0001099,0.00039184,0.00029979,0.00023499,0.00025688,0.00019032,0.00020986,0.00031622,0.00039237,0.00022671,0.00010911,0.00025974,0.00018155,0.00027037,0.00020193,0.000165,0.00016315,0.00023485,0.00033097,0.00023233,0.00032149,0.00025698,0.0029264,0.00021178,0.00025528
0.00029529,0.00059618,0.00082028,0.0024369,0.0010249,0.0036979,0.00027176,0.00028955,0.0037538,4.3346e-05,0.0012274,0.0015205,0.0020214,0.00029071,0.00059783,0.00087235,0.0014571,0.00028497,0.00098027,0.00045664,0.00042771,0.00025871,0.00020869,-0.073473,0.00047593,0.00050137,0.00028026,0.0012636,0.00088893,0.0015517,0.0015782,0.0029159,0.0011375,0.0036712,0.00016592,0.0016112,0.00038078,0.0010316,0.0039353,0.0010369,0.0017825,0.0036509,0.0050504,0.0018443,0.00096011,0.00024837,0.00041596,0.00103,0.0029168,0.0032618,0.00054088,0.00018119,0.0037708,0.00061616,0.00062935,0.00028224,0.00091562,0.0025515,0.0010903,0.0001728,0.00081067,0.00049099,0.00034625,0.001672,0.001537,0.00035327,0.0003545,0.00050621,0.0024477,0.00050697,0.00042025,0.00031907,0.0004236,0.0021745,0.0004303,0.0010671,0.0010034,0.00026509,0.00017436,0.00037358,0.0030777,0.00062825,0.0066812,0.00092376,0.00096916
1.7155e-06,1.4679e-06,3.6485e-06,5.4563e-06,2.7818e-06,8.879e-06,1.1972e-06,8.9672e-07,1.1385e-05,2.8798e-07,3.4258e-06,6.7774e-06,5.3011e-06,3.1371e-06,2.613e-06,2.9814e-06,5.6363e-06,8.4628e-07,3.9592e-06,2.6089e-06,2.3651e-06,1.9017e-06,1.5959e-06,7.2156e-06,-6.6502,2.503e-06,1.2577e-06,6.6746e-06,2.8318e-06,5.4506e-06,5.5121e-06,6.1118e-06,5.1233e-06,7.8375e-06,1.375e-06,7.39e-06,3.3915e-06,6.8254e-06,9.7995e-06,4.1536e-06,7.2963e-06,1.0747e-05,1.165e-05,4.7847e-06,3.2974e-06,1.7936e-06,1.1471e-06,3.8988e-06,8.8696e-06,8.2336e-06,3.1628e-06,9.1058e-07,1.0055e-05,2.2321e-06,2.3041e-06,2.0779e-06,5.1658e-06,5.8825e-06,4.8561e-06,-7.3698e-07,1.3885e-06,2.78e-06,2.2934e-06,4.3726e-06,4.9304e-06,1.8207e-06,1.7051e-06,2.6355e-06,6.7667e-06,2.2957e-06,2.4878e-06,2.3643e-06,9.5795e-07,7.6272e-06,9.6578e-07,3.6886e-06,2.6706e-06,1.4818e-06,8.6475e-07,1.271e-06,8.2717e-06,1.7143e-06,0.32785,3.8098e-06,3.5366e-06
7.6467e-08,6.0471e-08,1.0696e-07,2.39e-07,1.3955e-07,2.7217e-07,5.2848e-08,8.8584e-08,2.2962e-07,6.3398e-08,1.6629e-07,2.2772e-07,1.8373e-07,8.6408e-08,1.0117e-07,1.1326e-07,1.6687e-07,9.1304e-08,1.1952e-07,9.1033e-08,8.3107e-08,8.5827e-08,6.3173e-08,2.7487e-07,9.8899e-08,-6.8465,5.1075e-08,2.0082e-07,1.3914e-07,2.4859e-07,2.1837e-07,2.6788e-07,1.6959e-07,3.5522e-07,8.7893e-08,2.2453e-07,8.2543e-08,1.5365e-07,3.25e-07,1.6638e-07,2.3656e-07,2.4953e-07,2.3562e-07,1.6723e-07,1.5724e-07,6.5599e-08,1.0496e-07,1.5272e-07,2.4657e-07,3.3922e-07,1.0126e-07,5.9191e-08,2.4311e-07,9.0344e-08,9.5052e-08,1.0447e-07,1.5215e-07,2.5139e-07,1.8221e-07,4.7206e-11,8.3763e-08,1.0417e-07,8.6513e-08,1.8975e-07,1.925e-07,7.302e-08,7.1651e-08,1.0888e-07,2.7227e-07,1.1303e-07,5.5227e-08,1.0188e-07,7.4707e-08,2.2856e-07,7.5619e-08,1.561e-07,1.349e-07,6.5975e-08,4.5256e-08,8.8185e-08,3.0025e-07,1.1341e-07,1.9055e-06,1.3887e-07,1.4581e-07
0.00020091,9.5393e-05,3.8097e-05,0.00018711,0.00028691,0.00037594,0.0003754,0.0001818,0.00048437,0.00019571,0.00021837,9.409e-05,0.00023937,0.00010847,0.00021202,0.00028799,7.4435e-05,0.00026814,7.508e-05,0.00012603,0.00019737,0.00012964,0.00017035,0.00036051,0.00011927,0.00012473,-0.49867,4.0499e-05,5.2309e-05,0.00026475,4.9608e-05,0.00023499,5.6401e-05,0.00019552,0.00019546,0.00024794,0.00016254,0.00016429,0.0002443,0.0001237,0.00018453,0.00028132,0.00022461,1.1656e-05,0.00011536,0.00022782,0.00024652,5.2309e-05,0.00039506,0.00029366,0.00013286,0.00017943,-0.00024782,0.00027193,0.00028681,0.00023439,0.00024747,0.00021756,0.00021183,7.2402e-06,0.00013889,0.00018869,0.00018636,0.00023896,0.00028718,0.0001427,0.00031499,0.00015936,0.00039858,9.9779e-05,0.00018351,0.00012168,0.00021047,0.00013688,0.00014556,-1.6458e-05,6.9109e-05,0.00023843,0.00020156,0.00019499,0.0001076,0.00031436,0.00067737,0.00019386,0.00018138
0.00020859,0.00022503,0.00062352,0.00087601,0.00048545,0.0012746,-2.834e-05,-6.2471e-05,0.0017973,3.8257e-05,0.00050416,0.0026521,0.0008181,0.0002648,0.00029058,0.00076456,0.0009321,0.00013813,0.00048356,0.00019778,0.00023439,0.00029623,0.00016426,0.0010984,0.00043783,0.00033892,-3.2615e-06,-0.016196,0.00082591,0.0010144,0.00097963,0.001392,0.00095063,0.0018151,2.908e-07,0.0023569,0.00057783,0.00095224,0.0017166,0.00073387,0.0026215,0.0017934,0.0015648,0.00096667,0.00066757,0.00014782,0.00013503,0.00092173,0.0013641,0.0010976,0.00023135,0.00015253,0.0020278,0.00015775,0.00014256,8.2145e-05,0.00063134,0.00097916,0.00060331,1.7196e-05,0.0004297,0.00035233,0.00032908,0.00084094,0.00094198,0.00037298,6.9601e-05,0.00043641,0.0010804,0.00036746,0.00022524,0.00023445,0.00011604,0.0018392,0.00024363,0.00084259,0.00057461,0.00022195,0.00010766,0.00020595,0.0013337,0.00018142,0.0010059,0.000644,0.00074547
1.3921e-07,1.4452e-07,2.6335e-07,6.1182e-07,3.1603e-07,8.152e-07,3.6952e-08,3.7154e-08,9.3171e-07,5.2689e-08,3.6952e-07,7.1323e-07,5.5518e-07,7.1879e-08,2.0167e-07,3.6991e-07,4.9763e-07,9.5256e-09,3.47e-07,1.704e-07,1.4452e-07,1.3596e-07,7.2819e-08,7.0448e-07,1.5007e-07,1.9712e-07,3.0073e-08,6.5294e-07,-6.6939,4.9716e-07,6.4892e-07,7.2955e-07,6.2682e-07,8.8108e-07,3.8832e-08,7.1549e-07,1.4927e-07,5.0775e-07,9.4509e-07,6.3499e-07,7.967e-07,6.3546e-07,8.245e-07,5.865e-07,5.9202e-07,1.669e-07,1.1422e-07,6.5041e-07,7.0475e-07,6.8827e-07,1.4147e-07,7.2546e-08,9.3655e-07,1.6342e-07,1.6616e-07,5.9918e-08,3.0376e-07,6.9064e-07,3.7062e-07,1.4241e-07,1.9528e-07,2.3419e-07,2.0737e-07,3.6139e-07,3.7619e-07,2.086e-07,1.1991e-07,2.0274e-07,4.9965e-07,1.6434e-07,1.8609e-07,1.04e-07,4.297e-08,7.2872e-07,1.3669e-07,6.3112e-07,3.2745e-07,1.7241e-07,6.4647e-08,1.1927e-07,8.2685e-07,2.1356e-07,0.41333,3.4078e-07,4.4632e-07
0.052055,0.1045,0.18933,0.38936,0.20682,0.67019,0.045298,0.043102,1.0145,0.042475,0.20521,0.39502,0.36897,0.09387,0.13767,0.2247,0.29127,0.043884,0.18356,0.093029,0.057929,0.05741,0.081377,0.4187,0.1054,0.12346,0.038052,0.29216,0.15929,-2.1228,0.32438,0.45533,0.29614,0.42911,0.036616,0.35045,0.092246,0.26669,0.68139,0.19339,0.46113,0.67102,1.4537,0.33635,0.20476,0.042052,0.06227,0.18656,0.5996,0.57654,0.12165,0.019729,0.98642,0.14661,0.13148,0.091456,0.17251,0.44346,0.23167,0.029561,0.16385,0.13857,0.082986,0.27169,0.21866,0.074053,0.094387,0.14437,0.39961,0.15545,0.062618,0.10137,0.037661,0.47904,0.064427,0.27402,0.1985,0.050135,0.036533,0.079213,0.50374,0.11287,0.030017,0.21736,0.18118
0.00044481,0.00079823,0.0010884,0.0026695,0.0013428,0.0041748,-5.3315e-05,0.00038389,0.0018514,0.0001471,0.0013312,0.0025934,0.0022985,0.00044958,0.0005516,0.0012814,0.0025744,0.00021152,0.0014399,0.00063281,0.00035161,0.00030539,0.00029515,0.0031403,0.00074884,0.00079541,-8.8633e-06,0.002058,0.0017924,0.0021096,-0.096045,0.0020389,0.0027468,0.0039045,0.00017073,0.0022444,0.00076606,0.0021086,0.0047293,0.0018135,0.0026209,0.0034774,0.0041385,0.0024262,0.0017306,0.00025843,0.00029978,0.0017192,0.0020378,0.0036122,0.00060593,0.00012829,0.0040084,0.00069058,0.000594,0.00088224,0.0015596,0.0029935,0.0019157,0.0001583,0.00061218,0.00093698,0.00056333,0.0014022,0.0017735,0.00085041,0.00041154,0.00088871,0.0021745,0.0011257,0.00032757,0.00051172,0.00028193,0.0037162,0.00041989,0.0026573,0.0014554,0.00044916,0.00019671,0.00030546,0.0039414,0.00086289,0.008287,0.0020209,0.0015312
0.007739,0.0079056,0.020106,0.04683,0.018194,0.081287,0.0057863,0.0010864,0.10702,0.0055126,0.021452,0.041511,0.036449,0.0039277,0.012943,0.021929,0.030249,0.0051654,0.018985,0.0085105,0.01121,0.0064433,0.0056799,0.078271,0.0089513,0.011751,0.0041028,0.037636,0.023173,0.043409,0.026301,-0.84757,0.025663,0.064907,0.0066088,0.046379,0.0088327,0.021535,0.1013,0.02194,0.047686,0.0792,0.10919,0.041656,0.018919,0.0089463,0.0086132,0.02107,0.075985,0.079204,0.011126,0.0039148,0.084667,0.012207,0.010984,0.0075678,0.015778,0.043942,0.023219,-0.00010254,0.016305,0.010443,0.010496,0.03469,0.027355,0.0091335,0.0071105,0.01297,0.048671,0.0087453,0.010757,0.0044542,0.0058085,0.056942,0.0088266,0.026055,0.018305,0.0058618,0.0064403,0.0079953,0.070405,0.013566,0.064274,0.021147,0.020886
0.00026932,0.00035263,0.00061596,0.0012406,0.00061846,0.0021203,9.7416e-05,0.00018857,0.0022121,0.00014993,0.00074075,0.0013526,0.0011469,0.00028453,0.00045457,0.000861,0.0011718,0.00016748,0.00064904,0.00033125,0.00024452,0.00029167,0.00022621,0.0012913,0.00040129,0.00034853,4.2225e-05,0.0011511,0.00090483,0.0012267,0.0014698,0.0012309,-0.068396,0.0016647,0.00012548,0.0012396,0.00034896,0.00097283,0.0021788,0.00089174,0.0014986,0.0022544,0.0025756,0.0012141,0.00089495,0.00016175,0.0001665,0.00090962,0.0015483,0.001811,0.00037003,0.00010811,0.0022701,0.0003668,0.00035341,0.00029905,0.00058529,0.0014167,0.00085352,0.00014333,0.00044552,0.00051259,0.00034831,0.00070814,0.00062962,0.00031498,0.00027485,0.000488,0.0011562,0.00048484,0.00018711,0.00037203,0.00018084,0.0018433,0.00026166,0.0010882,0.00072797,0.00023135,0.00010043,0.00024731,0.0015898,0.00041203,0.0062662,0.00085258,0.00085722
0.00067414,0.00087476,0.001807,0.004979,0.0020734,0.0069707,0.00031012,0.0002621,0.0090477,-6.3503e-05,0.0022362,0.0047453,0.0038286,0.00047909,0.00090328,0.0017385,0.0034049,0.00031223,0.0016929,0.0012077,0.00080505,0.00075582,0.00025368,0.0078415,0.0011219,0.0014627,0.00030977,0.0042989,0.002456,0.0032355,0.0041214,0.005284,0.0031875,-0.13457,0.0001801,0.0035357,0.00091822,0.0020587,0.0089316,0.0026336,0.0055096,0.0072797,0.0080035,0.0040487,0.0025222,0.00043955,0.000381,0.0028407,0.0058112,0.0067117,0.00086351,0.00032466,0.0098151,0.00077498,0.00094164,0.00045251,0.0020983,0.005565,0.0020919,0.00042617,0.0018953,0.0010525,0.00078771,0.003938,0.0036937,0.00045292,0.00034467,0.00093703,0.0046465,0.0014114,0.0010235,0.0004305,0.0006776,0.0044905,0.00078928,0.0022774,0.0025409,0.0004814,0.00018632,0.00057999,0.0075106,0.00078825,0.011887,0.0019704,0.0020187
3.8624e-07,2.6413e-07,1.9884e-07,8.3131e-08,3.3865e-07,6.4919e-07,4.067e-07,4.8765e-07,3.0266e-07,7.7789e-07,4.0552e-07,7.96e-08,2.4804e-07,2.0738e-07,3.9511e-07,2.9865e-07,3.5433e-07,4.0711e-07,2.1992e-07,3.0806e-07,4.0425e-07,3.7695e-07,3.6329e-07,4.0354e-07,2.2497e-07,3.6714e-07,3.3044e-07,8.677e-08,1.2194e-07,3.6126e-07,2.3894e-07,5.7001e-07,2.6423e-07,2.3501e-07,-6554,3.0259e-07,3.2856e-07,2.4636e-07,4.5671e-08,3.1039e-07,1.9378e-07,1.9682e-07,1.6195e-07,5.3243e-08,2.0978e-07,4.6782e-07,4.2414e-07,1.6176e-07,3.1594e-07,5.9665e-07,2.3782e-07,3.8895e-07,-8.3853e-08,4.2067e-07,4.2424e-07,5.299e-07,1.7543e-07,2.6608e-07,4.6596e-07,4.2613e-08,1.9118e-07,3.7203e-07,4.8135e-07,3.8828e-07,3.7493e-07,3.124e-07,3.2844e-07,3.9876e-07,6.9129e-07,4.1082e-07,3.4083e-07,2.4952e-07,3.1193e-07,4.111e-08,3.2697e-07,2.2967e-08,3.0338e-07,3.1741e-07,4.8138e-07,3.1428e-07,-1.598e-08,3.3846e-07,2.462e-06,2.029e-07,3.8945e-07
0.0051908,0.0070359,0.0099012,0.018386,0.010076,0.028728,0.0012903,0.001043,0.037069,0.0010092,0.011429,0.039881,0.01661,0.0049697,0.0078843,0.010467,0.017382,0.004995,0.014119,0.0052019,0.0056415,0.0035977,0.0029608,0.021434,0.0077698,0.0056311,0.0030523,0.041144,0.015292,0.020261,0.015839,0.024932,0.015381,0.021752,0.0013571,-0.32824,0.0070067,0.018056,0.031298,0.011333,0.040871,0.031064,0.021876,0.01562,0.0076609,0.0026623,0.003773,0.011373,0.035984,0.02244,0.0029288,0.0043509,0.018983,0.006078,0.0068386,0.0021039,0.013089,0.022649,0.010722,-0.0017534,0.0075295,0.0067785,0.0047903,0.014427,0.018165,0.005731,0.0050718,0.0036707,0.022283,0.0068038,0.0061496,0.0028858,0.002725,0.026426,0.0056606,0.014002,0.010149,0.0033634,0.0053581,0.0046882,0.027267,0.0027968,0.022842,0.0055259,0.014147
3.9275e-07,1.0545e-07,2.9263e-07,7.03e-07,6.0292e-07,7.3821e-07,2.4383e-07,2.8459e-07,5.2862e-07,3.8625e-07,5.5003e-07,1.0899e-06,8.7983e-07,2.9586e-07,4.865e-07,1.0655e-06,6.707e-07,2.8539e-07,6.9332e-07,2.0586e-07,3.246e-07,3.532e-07,3.6073e-07,8.8601e-07,5.1243e-07,3.119e-07,2.5435e-07,1.1967e-06,4.2707e-07,8.555e-07,8.0421e-07,8.6207e-07,6.7163e-07,9.6651e-07,3.0083e-07,9.5352e-07,-6.3604,7.9443e-07,1.2652e-06,4.0394e-07,9.9827e-07,1.0688e-06,5.6653e-07,4.839e-07,5.8516e-07,5.6015e-07,3.2244e-07,3.8277e-07,8.5843e-07,1.0384e-06,3.6015e-07,2.929e-07,9.502e-07,4.2824e-07,4.1093e-07,4.3691e-07,6.0407e-07,6.5562e-07,6.3998e-07,2.0974e-07,2.5942e-07,4.0435e-07,4.5919e-07,8.0734e-07,9.3596e-07,4.2167e-07,3.2957e-07,5.5773e-07,7.7777e-07,2.7927e-07,2.7209e-07,4.7377e-07,4.3083e-07,8.8831e-07,3.7837e-07,6.6067e-07,5.9098e-07,4.4429e-07,2.6211e-07,3.6608e-07,9.1386e-07,5.027e-07,0.24686,5.6846e-07,4.8717e-07
5.6738e-06,1.0358e-05,1.8934e-05,4.5237e-05,2.0369e-05,6.301e-05,1.6085e-06,3.4781e-06,7.6297e-05,3.555e-06,2.3516e-05,3.6232e-05,4.1344e-05,1.0342e-05,1.6428e-05,1.7683e-05,2.8403e-05,2.4839e-06,2.1951e-05,8.9772e-06,7.9919e-06,8.7548e-06,8.0935e-06,3.6214e-05,1.6609e-05,9.5691e-06,4.203e-06,3.4781e-05,2.235e-05,3.5006e-05,3.6041e-05,3.3567e-05,2.9657e-05,3.4308e-05,3.59e-06,4.0695e-05,1.2823e-05,-6.5411,7.7883e-05,2.2899e-05,4.132e-05,5.8811e-05,7.3962e-05,2.7436e-05,2.1097e-05,5.4377e-06,4.8641e-06,2.1494e-05,4.7993e-05,5.188e-05,1.1359e-05,3.7756e-06,6.5577e-05,1.5882e-05,1.5183e-05,7.208e-06,1.949e-05,4.9615e-05,2.3429e-05,9.4754e-06,1.0808e-05,1.598e-05,8.3779e-06,2.5662e-05,2.8677e-05,9.0705e-06,5.7425e-06,1.5615e-05,3.1975e-05,1.45e-05,7.6304e-06,8.9215e-06,3.0623e-06,3.8603e-05,6.5894e-06,2.5027e-05,2.2134e-05,6.8369e-06,5.4071e-06,7.7357e-06,5.515e-05,1.1309e-05,0.37889,2.4424e-05,2.1033e-05
2.1525e-06,4.9028e-06,9.8484e-06,5.8484e-05,1.0338e-05,5.2271e-05,-4.1364e-07,1.4308e-06,6.2465e-05,4.5256e-07,1.3227e-05,1.4822e-05,3.5285e-05,3.0642e-06,8.2065e-06,7.2005e-06,1.3466e-05,1.0543e-06,1.42e-05,5.099e-06,4.0164e-06,2.8495e-06,2.8007e-06,3.0422e-05,5.1413e-06,4.529e-06,1.443e-06,1.5312e-05,9.0447e-06,2.2681e-05,1.7899e-05,2.7468e-05,1.4587e-05,3.2884e-05,6.4566e-08,1.9053e-05,4.3902e-06,1.7096e-05,-4.2834,8.4447e-06,2.1415e-05,6.4853e-05,6.1813e-05,1.9233e-05,1.0113e-05,2.3117e-06,1.9865e-06,9.9447e-06,4.0553e-05,5.4083e-05,4.7066e-06,1.728e-06,7.8321e-05,8.1612e-06,8.0466e-06,3.1131e-06,7.097e-06,6.6271e-05,1.0995e-05,8.4798e-06,7.0085e-06,6.4175e-06,2.9382e-06,1.6438e-05,1.4399e-05,3.3078e-06,2.5197e-06,4.6968e-06,2.123e-05,7.4091e-06,2.0388e-06,4.0323e-06,1.9422e-06,4.0855e-05,2.7951e-06,1.1341e-05,1.4662e-05,2.5401e-06,1.6009e-06,3.2904e-06,9.542e-05,5.3023e-06,0.26497,1.1784e-05,9.629e-06
1.347e-07,1.4441e-07,2.2563e-07,4.7577e-07,2.7433e-07,6.8982e-07,7.6766e-08,6.3353e-08,8.1904e-07,7.2274e-08,2.6363e-07,5.4458e-07,4.3358e-07,1.4512e-07,1.652e-07,2.598e-07,4.4008e-07,2.7151e-08,2.0908e-07,1.5888e-07,9.0492e-08,1.3559e-07,7.4288e-08,5.9587e-07,1.7418e-07,1.7742e-07,5.4367e-08,4.3667e-07,4.6832e-07,4.2079e-07,4.9271e-07,5.2186e-07,4.5379e-07,6.8646e-07,7.9015e-08,4.4498e-07,1.1361e-07,3.8614e-07,6.6029e-07,-6.1503,5.5838e-07,6.1388e-07,7.7961e-07,4.5657e-07,4.0377e-07,1.1575e-07,9.4662e-08,5.2527e-07,6.5495e-07,6.4759e-07,1.7111e-07,6.5285e-08,7.1717e-07,1.5967e-07,1.6085e-07,1.1899e-07,2.6607e-07,5.1557e-07,3.537e-07,5.6611e-09,1.979e-07,2.1409e-07,1.4941e-07,3.4465e-07,3.2439e-07,1.3332e-07,1.2774e-07,2.0697e-07,4.8797e-07,1.7094e-07,1.5048e-07,1.6892e-07,8.855e-08,5.731e-07,7.5927e-08,4.1251e-07,2.0049e-07,1.0258e-07,5.0329e-08,8.755e-08,6.1027e-07,1.7129e-07,0.20198,3.2409e-07,3.9504e-07
0.017976,0.032334,0.058563,0.11415,0.058801,0.21364,0.0095069,0.0091488,0.30221,0.0086438,0.059576,0.20509,0.10295,0.028804,0.034449,0.082207,0.095538,0.019095,0.051591,0.025936,0.018887,0.021156,0.0209,0.14031,0.038266,0.036431,0.011596,0.17695,0.073734,0.1377,0.1086,0.14374,0.10264,0.17751,0.0074793,0.17208,0.033597,0.090145,0.19495,0.072283,-0.63777,0.23242,0.24365,0.11098,0.070516,0.011731,0.018628,0.07826,0.16851,0.18192,0.033944,0.0085207,0.23573,0.028981,0.025789,0.019444,0.074689,0.13512,0.06707,0.0081023,0.048779,0.045329,0.033405,0.089973,0.089592,0.025716,0.022622,0.045388,0.13364,0.047012,0.024845,0.024701,0.015775,0.16651,0.023185,0.089673,0.068251,0.013357,0.0060746,0.023636,0.16009,0.032282,0.0020446,0.061233,0.067361
-0.00023093,0.00075866,0.00086768,0.0047919,0.001281,0.024346,-0.00041719,0.00039313,0.032927,-0.00093624,0.0020034,0.0040832,0.0041611,0.00052767,0.00080795,0.0021914,0.002294,6.6555e-05,0.0018957,0.00044408,-3.9859e-05,-0.00013138,6.6703e-05,0.0041339,0.0012536,-8.7787e-05,0.00033868,0.0038419,0.001613,0.0030482,0.0023109,0.001782,0.0030868,0.0045805,-0.00078006,0.0034512,0.00079004,0.0027043,0.0087386,0.00096926,0.0059318,-0.028145,0.049362,0.0037125,0.0016691,-0.00094311,-0.00048888,0.00195,0.0095159,0.0095773,0.00010142,-0.00016977,0.023324,0.00022864,7.0475e-05,-0.00021742,0.0020237,0.0042509,0.0010639,0.0021765,0.0022805,0.00094863,-0.00031713,0.0025442,0.0039214,0.00030171,9.7724e-06,0.0005805,0.0038386,0.001526,-0.00025209,-9.286e-05,0.000289,0.0045117,0.00023335,0.0013643,0.0015248,-0.00010885,-0.00026948,9.8805e-05,0.0048968,0.00033805,0.00031245,0.0014996,0.0010984
6.8265e-06,1.3354e-05,9.7594e-07,-9.5752e-06,1.6724e-07,0.00014991,-7.7911e-06,1.487e-05,0.00068378,-1.7296e-05,5.8318e-05,-2.7931e-05,1.3113e-05,-4.7492e-05,6.0334e-05,-6.2997e-05,2.5392e-06,-1.9689e-05,2.1671e-05,3.2048e-05,1.1409e-05,-4.7199e-06,-3.4823e-05,0.00010219,-8.2674e-06,-3.4324e-05,2.7552e-05,2.8197e-05,4.5965e-05,8.3675e-05,-6.8281e-05,6.197e-05,-1.1182e-06,9.9938e-05,-2.1199e-05,1.0211e-05,-0.00011341,-2.9892e-05,4.1479e-05,-3.6613e-05,4.6568e-05,6.9656e-05,-0.00036498,-1.0541e-05,5.0028e-05,-6.1132e-06,2.2922e-05,-2.6801e-05,6.2148e-05,4.5675e-05,-7.7497e-05,-2.4958e-05,0.00086923,1.1626e-05,2.4636e-05,-8.0843e-06,-1.0377e-05,1.2005e-05,-3.4759e-05,-6.911e-05,9.227e-07,-6.7544e-05,-1.555e-05,6.9021e-05,2.4884e-06,-2.1733e-05,-2.9955e-05,-0.00017316,0.00011773,-7.2521e-05,-4.6883e-05,-5.1439e-05,9.6982e-06,9.672e-05,7.2337e-07,-0.00011949,0.00014392,1.7481e-05,-5.3113e-05,3.3523e-05,-4.2021e-05,4.3138e-05,-1.3969e-05,-3.2019e-05,1.7916e-06
8.3986e-05,0.00014633,0.00036957,0.00082896,0.00033223,0.00098802,-8.4211e-06,2.5299e-05,0.0013601,-3.2441e-06,0.00031983,0.00077029,0.00065378,5.0896e-05,0.0002124,0.00034092,0.0005143,3.4167e-05,0.00028275,0.00010045,0.0001089,0.00010512,6.5597e-05,0.00095624,0.0001693,0.00016005,5.5125e-07,0.00055836,0.00039376,0.0006947,0.00063905,0.00086113,0.00056783,0.00097843,6.1793e-06,0.00060914,0.00010814,0.00041585,0.0013421,0.00041915,0.00077021,0.0013453,0.0015453,-0.014393,0.00039197,8.0542e-05,7.2856e-05,0.00049858,0.00092486,0.0010447,0.00015054,5.2547e-05,0.0015467,0.00020565,0.00020838,6.4621e-05,0.00031243,0.00088752,0.00038795,7.0807e-05,0.00021915,0.00019318,0.00016723,0.00052506,0.00047262,0.00015893,0.00011678,0.00020787,0.0006494,0.00023003,0.00013992,0.00014502,9.5435e-05,0.00076071,0.00010538,0.00057817,0.00041421,6.2268e-05,3.4202e-06,8.8494e-05,0.0010404,0.00014029,0.001099,0.00036427,0.0003502
1.1297e-07,1.7653e-07,2.3779e-07,5.0104e-07,2.8812e-07,7.258e-07,6.8261e-08,1.2683e-07,7.9489e-07,1.1294e-07,3.5467e-07,5.2273e-07,5.033e-07,1.0566e-07,1.7552e-07,3.1761e-07,4.6304e-07,7.5105e-08,2.4477e-07,1.8815e-07,1.5837e-07,1.3596e-07,1.0442e-07,6.1866e-07,1.5284e-07,1.8718e-07,5.7107e-08,4.5128e-07,4.8855e-07,5.6696e-07,5.3736e-07,5.2703e-07,5.069e-07,7.4218e-07,5.9925e-08,3.976e-07,1.8049e-07,3.9611e-07,8.6497e-07,4.4976e-07,6.0391e-07,6.5658e-07,1.1603e-06,4.7629e-07,-5.8387,1.6194e-07,1.3136e-07,5.4255e-07,6.1537e-07,7.3426e-07,1.3805e-07,7.29e-08,7.7986e-07,1.5867e-07,1.4182e-07,1.1174e-07,3.2436e-07,5.3444e-07,3.9122e-07,1.502e-08,2.2177e-07,2.0405e-07,1.9704e-07,3.2524e-07,2.99e-07,1.612e-07,1.7927e-07,2.3691e-07,4.8055e-07,1.8481e-07,1.6488e-07,1.4643e-07,8.1862e-08,5.9976e-07,1.0767e-07,3.8815e-07,2.7554e-07,1.9468e-07,3.1219e-08,1.1924e-07,6.213e-07,2.7643e-07,0.24098,3.1464e-07,3.2271e-07
8.6455e-07,4.779e-07,6.1769e-07,8.3278e-07,1.0829e-06,8.6355e-07,5.7709e-07,7.76e-07,3.7177e-07,1.1207e-06,7.9011e-07,5.9331e-07,9.4467e-07,7.4923e-07,8.3458e-07,9.5322e-07,9.2704e-07,6.6513e-07,8.1158e-07,6.4697e-07,9.1709e-07,9.0411e-07,8.9113e-07,1.355e-06,5.6821e-07,5.174e-07,7.6346e-07,8.8702e-07,1.0043e-06,1.2552e-06,7.3312e-07,1.6803e-06,7.2094e-07,1.1661e-06,9.209e-07,1.0392e-06,1.1842e-06,7.532e-07,1.5097e-06,8.7255e-07,9.0858e-07,3.7938e-07,1.3501e-06,8.0754e-07,1.1119e-06,-1301.4,8.8486e-07,1.0879e-06,1.1228e-06,1.3196e-06,5.0978e-07,6.3183e-07,1.2468e-06,1.0471e-06,1.0718e-06,8.7089e-07,6.7608e-07,8.0959e-07,1.2149e-06,1.3343e-07,7.9863e-07,9.0801e-07,1.7328e-06,6.3906e-07,4.2314e-07,6.27e-07,9.4946e-07,1.0528e-06,1.6909e-06,7.2561e-07,8.0054e-07,9.9439e-07,7.1858e-07,9.5199e-07,6.281e-07,1.0631e-07,4.4669e-07,1.5532e-06,8.3099e-07,6.9205e-07,8.6496e-07,9.9072e-07,134.32,6.9398e-07,9.5845e-07
0.00025322,0.00017539,0.00015606,0.00033821,0.00033613,0.0004143,0.00023467,0.00030229,0.0004698,0.00030543,0.00043328,0.00035708,0.00024178,0.00017505,0.00031993,0.00037962,0.00026472,0.00047223,0.00025401,0.00027867,0.00031634,0.00020961,0.00024935,0.0005018,0.00010468,0.00025495,0.00024229,0.00019578,0.00018462,0.0003773,0.00022191,0.00043527,0.00018897,0.00022132,0.0002464,0.0003097,0.00020185,0.00018181,0.00031823,0.00021333,0.0003187,-4.5798e-06,0.00035357,0.00017208,0.00026201,0.00025663,-0.76752,0.00019365,0.0003203,0.000395,0.00016857,0.00024354,0.00031113,0.00031205,0.00034202,0.00026707,0.00036087,0.00025362,0.00032541,7.0533e-06,0.00013775,0.00029328,0.00024973,0.00034619,0.00036637,0.00029447,0.0002409,0.00024254,0.0004761,0.00014701,0.00026881,0.00024332,0.00047103,0.00018465,0.00039917,0.00012932,0.00030497,0.00026919,0.00026732,0.00038514,0.00033714,0.00044179,-0.00016983,0.00024958,0.00026168
1.8523e-06,2.178e-06,4.3861e-06,8.8867e-06,4.2451e-06,1.0871e-05,9.9075e-07,4.2026e-07,1.2604e-05,7.7983e-07,5.0066e-06,9.007e-06,7.4788e-06,2.1246e-06,2.5059e-06,4.0806e-06,7.3511e-06,4.0656e-07,4.1103e-06,2.2131e-06,1.7947e-06,2.1957e-06,1.2168e-06,9.4879e-06,2.6465e-06,2.6344e-06,3.8351e-07,8.4627e-06,7.7409e-06,6.3995e-06,7.6849e-06,8.1513e-06,7.435e-06,1.184e-05,6.6946e-07,7.0558e-06,1.739e-06,5.8464e-06,1.2325e-05,8.4774e-06,9.4591e-06,9.9196e-06,1.3076e-05,8.6218e-06,7.8488e-06,2.3222e-06,1.3942e-06,-5.9015,9.5926e-06,9.6206e-06,2.3457e-06,1.1728e-06,1.0826e-05,2.6565e-06,2.7823e-06,1.4992e-06,4.2048e-06,8.8088e-06,5.4651e-06,1.9464e-06,3.1966e-06,3.432e-06,3.221e-06,4.9277e-06,4.8861e-06,2.0201e-06,2.1028e-06,3.7677e-06,7.1599e-06,2.777e-06,2.348e-06,1.8778e-06,9.8162e-07,7.9345e-06,1.2006e-06,6.054e-06,4.4199e-06,1.9672e-06,3.3373e-07,1.3129e-06,1.1383e-05,3.0713e-06,0.17255,5.3382e-06,6.4204e-06
0.034918,0.089613,0.080739,0.24165,0.095746,0.77242,0.010719,0.0030578,0.96022,-0.0013473,0.081567,0.22826,0.22216,0.030051,0.05943,0.077195,0.1319,0.02315,0.10707,0.027209,0.021876,0.019165,0.012892,0.27183,0.063662,0.037236,0.037936,0.15374,0.096943,0.26288,0.092816,0.25668,0.1272,0.25367,0.0081498,0.2509,0.040744,0.1381,0.46731,0.1223,0.22148,0.82919,1.213,0.1616,0.09675,0.021452,0.026675,0.11155,-1.9208,0.49579,0.048557,0.014671,0.61949,0.04877,0.050039,0.0053055,0.082809,0.2681,0.086899,0.00021398,0.15492,0.051395,0.032397,0.17046,0.12985,0.043668,0.052226,0.041864,0.29422,0.078985,0.058805,0.024357,0.018966,0.28443,0.036651,0.08718,0.079373,0.034416,0.024805,0.0406,0.32907,0.055425,0.07377,0.11461,0.09273
0.0031907,0.0056658,0.0059491,0.022848,0.010813,0.14476,0.0020278,0.0054964,0.11549,0.0019807,0.0099067,0.014342,0.021225,0.0025925,0.0052083,0.0091896,0.012274,0.0038375,0.0097205,0.0050835,0.0037375,0.003392,0.0029696,0.027678,0.0047278,0.0052383,0.0019859,0.010888,0.007809,0.018657,0.015272,0.023819,0.013371,0.02707,0.0020975,0.01543,0.0044913,0.013012,0.061071,0.010064,0.020887,0.12856,0.46739,0.016527,0.01031,0.0021381,0.0028556,0.0093728,0.047572,-0.29625,0.0053377,0.001681,0.12345,0.0051101,0.0045088,0.0039809,0.006807,0.023881,0.011737,0.0011987,0.010994,0.0057651,0.0047756,0.012772,0.010166,0.0043267,0.001957,0.0072047,0.038395,0.007444,0.0012741,0.0023783,0.0036819,0.030128,0.003793,0.0088208,0.0095193,0.0025769,0.0028006,0.0038422,0.026372,0.0062253,0.012864,0.009254,0.0083849
9.8088e-07,5.3417e-07,1.222e-06,3.2277e-06,2.1687e-06,4.4529e-06,6.2048e-07,1.1679e-06,3.9636e-06,7.5859e-07,1.8163e-06,3.1348e-06,3.2373e-06,1.3466e-06,1.3197e-06,1.7716e-06,2.6481e-06,8.8626e-07,1.9234e-06,1.0858e-06,1.3615e-06,1.067e-06,1.1083e-06,4.0959e-06,1.7085e-06,1.3735e-06,7.2359e-07,2.0982e-06,1.4469e-06,3.1054e-06,2.4669e-06,3.4626e-06,2.4597e-06,3.2116e-06,7.6526e-07,2.2829e-06,1.3075e-06,2.4896e-06,4.6607e-06,2.1933e-06,2.9675e-06,4.1952e-06,4.2543e-06,2.1922e-06,1.6182e-06,9.0384e-07,9.3606e-07,1.8618e-06,3.9125e-06,4.7389e-06,-7.1259,8.0345e-07,2.6691e-06,1.3942e-06,1.4638e-06,2.0756e-06,1.3592e-06,3.3222e-06,2.7268e-06,5.3784e-09,1.1721e-06,1.7961e-06,1.524e-06,1.9988e-06,1.9099e-06,1.4266e-06,1.2331e-06,2.4375e-06,3.1787e-06,1.5352e-06,5.5473e-07,8.8326e-07,8.5396e-07,3.7744e-06,7.9377e-07,2.1018e-06,1.2323e-06,7.7808e-07,6.9117e-07,9.1743e-07,3.2434e-06,1.2395e-06,6.3121e-05,3.1698e-06,2.0311e-06
1.801e-07,1.4154e-07,1.2816e-07,1.4862e-07,2.4109e-07,1.6026e-07,1.5678e-07,2.871e-07,-8.2848e-08,2.2793e-07,1.9664e-07,1.2197e-07,2.0245e-07,1.2603e-07,1.9257e-07,1.9962e-07,1.7525e-07,2.0361e-07,1.6483e-07,1.5099e-07,2.1897e-07,1.7596e-07,2.2998e-07,2.345e-07,8.9178e-08,1.4824e-07,1.8194e-07,1.9238e-07,1.2531e-07,1.3951e-07,1.1432e-07,2.2163e-07,1.2951e-07,1.9095e-07,2.3304e-07,2.951e-07,1.9096e-07,1.4858e-07,2.9331e-07,1.5129e-07,1.5415e-07,4.6178e-08,-4.7654e-07,1.2931e-07,1.5119e-07,1.9184e-07,2.5111e-07,1.6854e-07,1.5362e-07,2.0623e-07,1.4851e-07,-6.8287,-1.5866e-07,2.3676e-07,2.5606e-07,2.4124e-07,1.8171e-07,2.825e-07,3.385e-07,1.184e-07,1.4326e-07,2.5253e-07,1.6488e-07,1.8177e-07,2.1643e-07,1.7847e-07,1.5116e-07,1.9535e-07,3.0337e-07,1.4614e-07,1.6295e-07,9.9944e-08,1.9742e-07,-1.0491e-07,1.8173e-07,4.6383e-09,1.2991e-07,2.1705e-07,3.0208e-07,1.935e-07,1.7839e-07,2.5746e-07,8.8669e-07,1.3541e-07,2.0412e-07
0.013772,0.0058759,-0.031113,-0.017962,-0.0016994,0.046251,-0.024762,0.016054,0.28568,-0.014893,0.038855,-0.04192,-0.0095871,-0.0016996,0.020421,0.009002,0.013746,-0.045406,0.015164,0.0448,-0.020376,-1.4187e-05,-0.016955,0.010583,-0.0040622,-0.0072528,-0.025768,0.041832,0.053355,0.0048862,-0.023124,0.00033832,-0.00066511,0.088049,-0.012952,-0.026035,-0.021647,-0.012678,0.048817,0.0015851,0.039174,-0.021693,0.28176,0.0027168,-0.02461,0.0083662,0.012662,-0.032594,0.00059002,0.0020523,-0.049802,0.018997,-0.18006,-0.01967,0.00057067,-0.02644,-0.0090937,-0.0045887,-0.0095824,-0.0013595,-0.010196,-0.038914,-0.015683,0.027461,0.041122,-0.014604,-0.022861,-0.056985,0.067831,-0.035739,-0.010418,0.0067273,0.018105,0.079998,-0.020932,-0.052274,0.096822,-0.00069479,-0.016271,0.0096145,-0.033247,-0.011854,-0.0020995,-0.0062775,-0.0070741
0.00021392,0.00020246,0.00032891,0.00084035,0.00049055,0.00078469,0.00021786,0.00024007,0.00099982,0.00023046,0.00062214,0.00027889,0.00080592,0.0001771,0.00056554,0.00027703,0.00043186,0.00017081,0.00043299,0.0002688,0.00024046,0.00022799,0.00020548,0.00069122,0.00017412,0.00017619,0.00022185,0.00025678,0.00023938,0.00065449,0.00041981,0.00058804,0.00036161,0.00044247,0.00020158,0.00050424,0.0002237,0.00051071,0.0011741,0.00029997,0.0003306,0.00052299,0.00075944,0.00043614,0.00027183,0.00026026,0.00026094,0.00031167,0.00061265,0.00070875,0.00020617,0.00019418,0.00049568,-0.075841,0.00074831,0.00025838,0.00023638,0.00095375,0.00042181,0.00044732,0.00015065,0.00032614,0.00019305,0.00044611,0.00040143,0.00024943,0.00027704,0.00023153,0.00058451,0.00024934,0.00015446,0.00023941,0.00016612,0.00034689,0.00022564,0.00028172,0.00054829,0.00025073,0.00028561,0.00023378,0.00087404,0.00029505,0.0062227,0.00035729,0.00038047
0.00026345,0.00021317,0.00036387,0.00097853,0.00057511,0.00083194,0.00025099,0.00025705,0.001109,0.000275,0.00075661,0.00029435,0.00090884,0.00023774,0.00066377,0.00028075,0.00048051,0.00022305,0.00052021,0.0003202,0.0002984,0.00028597,0.00023584,0.00080241,0.0002034,0.00021486,0.00027161,0.00026731,0.00027454,0.00068473,0.00042948,0.00061812,0.00039926,0.00058228,0.00023522,0.00059777,0.00024428,0.00056019,0.0013345,0.00034731,0.00032658,0.00050356,0.000816,0.00050713,0.0002775,0.00030301,0.00033294,0.000376,0.00068878,0.00073,0.00024847,0.00024358,0.00060239,0.00086382,-0.069502,0.00031306,0.00028092,0.0010962,0.00048243,0.00048433,0.00017663,0.00038105,0.00022613,0.00053415,0.0004961,0.00026779,0.00032173,0.00025473,0.00069446,0.00028044,0.00021214,0.00030339,0.0002313,0.00041477,0.00028642,0.00031619,0.00068403,0.00027993,0.00031631,0.00028839,0.0010041,0.00034535,0.0056894,0.00042349,0.00045793
8.5671e-06,2.3299e-06,1.0155e-05,1.3346e-05,1.4473e-05,3.0485e-05,7.6725e-06,1.7662e-05,1.7934e-05,8.7386e-06,1.4634e-05,6.2518e-06,1.3984e-05,1.2132e-05,1.2923e-05,8.0143e-06,1.5353e-05,1.2408e-05,1.1924e-05,9.1202e-06,8.0082e-06,1.0265e-05,9.0455e-06,1.4283e-05,7.5218e-06,9.677e-06,8.742e-06,6.0499e-06,4.1163e-06,1.5213e-05,1.9596e-05,1.5858e-05,1.3131e-05,1.1213e-05,1.1688e-05,9.8083e-06,1.0576e-05,1.0569e-05,2.029e-05,1.0337e-05,7.6856e-06,1.1244e-05,1.7913e-05,6.4681e-06,8.7144e-06,9.8469e-06,1.0153e-05,8.0492e-06,8.3183e-06,2.2273e-05,1.4159e-05,8.9105e-06,6.7619e-06,1.1708e-05,1.2251e-05,-9.6403,8.5972e-06,1.3125e-05,1.6121e-05,-6.1651e-07,4.1286e-06,1.1769e-05,1.2066e-05,1.0138e-05,1.1849e-05,8.4694e-06,1.1398e-05,1.2805e-05,1.5488e-05,1.319e-05,5.123e-06,9.5903e-06,8.668e-06,-2.5579e-06,9.3859e-06,1.2711e-05,1.1158e-05,9.0669e-06,9.0068e-06,9.1626e-06,9.4959e-06,1.0324e-05,8.0385e-05,1.7393e-05,1.3487e-05
0.00024239,0.0002467,0.00037224,0.00086835,0.00048737,0.0012775,0.00019284,6.505e-05,0.0016843,0.0001006,0.00054898,0.0010077,0.00069127,0.00035808,0.00026945,0.00060053,0.00072303,0.00018371,0.00033716,0.00026807,0.0002909,0.00024101,0.00024738,0.0011196,0.00045073,0.00034402,0.00023151,0.00082573,0.00047929,0.00082279,0.00092287,0.00085536,0.00063784,0.0011859,8.4838e-05,0.0010059,0.00034789,0.00069933,0.0011549,0.00057015,0.0012063,0.0012446,0.0011818,0.00073969,0.00063022,0.0001686,0.00035371,0.00056114,0.0010244,0.00099967,0.0002142,0.00017092,0.00098375,0.00025594,0.00026805,0.00021183,-0.049033,0.00095389,0.00066797,-5.592e-05,0.00028197,0.00038401,0.00021297,0.00063131,0.00081643,0.00027743,0.00036671,0.00041645,0.0010011,0.0003406,0.00026814,0.00024914,0.0002579,0.00069528,0.00021123,0.00057138,0.00044479,0.0001978,1.8914e-06,0.00027365,0.0012576,0.00039793,0.0042884,0.00053051,0.00047851
8.1174e-07,1.9051e-06,3.5437e-06,1.7405e-05,4.3534e-06,1.3233e-05,3.1689e-07,1.1392e-06,1.9743e-05,2.9054e-07,4.8253e-06,5.9243e-06,1.2773e-05,1.1975e-06,3.52e-06,1.7997e-06,5.0243e-06,4.1858e-07,4.9024e-06,1.9343e-06,1.5503e-06,1.31e-06,1.067e-06,1.0999e-05,1.8089e-06,2.0259e-06,7.3262e-07,4.8906e-06,3.8112e-06,7.1529e-06,6.5034e-06,7.6666e-06,5.408e-06,1.1246e-05,5.1623e-07,7.1566e-06,1.3366e-06,6.2377e-06,3.9069e-05,3.861e-06,7.3929e-06,1.4089e-05,1.3039e-05,7.201e-06,3.5865e-06,7.6684e-07,8.7431e-07,4.0925e-06,1.2161e-05,1.2253e-05,1.9391e-06,9.2604e-07,1.2967e-05,3.7812e-06,3.7619e-06,1.1398e-06,3.3484e-06,-5.3497,3.9824e-06,4.7563e-06,2.5909e-06,2.5625e-06,1.1453e-06,5.4269e-06,5.2806e-06,1.6294e-06,7.8751e-07,1.8249e-06,7.1324e-06,3.3962e-06,1.4586e-06,1.7857e-06,5.9938e-07,8.9588e-06,9.7925e-07,3.2184e-06,5.12e-06,8.2497e-07,8.3273e-07,1.2104e-06,2.2265e-05,1.6774e-06,0.2503,4.5821e-06,3.8516e-06
0.00034326,0.00051557,0.00064841,0.0013701,0.00083393,0.0021554,0.00023553,0.00059621,0.0018109,0.00027344,0.00090537,0.0011834,0.0012165,0.00048471,0.00057523,0.00084965,0.0012119,0.00029391,0.00077821,0.00062404,0.00047093,0.0004154,0.00047717,0.0016251,0.00049614,0.00049221,0.00023535,0.0010063,0.00069447,0.0013556,0.0013735,0.0014459,0.0011212,0.0014718,0.00030239,0.0011876,0.00043207,0.0010045,0.0021548,0.0008996,0.0012292,0.0016727,0.0023515,0.0011002,0.00089388,0.00038001,0.00037902,0.00086265,0.0014715,0.0020261,0.00053641,0.00037879,0.0020462,0.00056113,0.00056082,0.00048167,0.00080094,0.0013598,-0.12193,-2.0926e-05,0.00049921,0.00067325,0.00044846,0.0011243,0.0011805,0.0003582,0.00039392,0.00074655,0.001541,0.00070478,0.00040571,0.00054051,0.00030042,0.0017541,0.00031251,0.00084471,0.0007521,0.00036891,0.00032495,0.000355,0.0015185,0.00071887,0.011724,0.001017,0.00086319
-2.421e-06,-2.1845e-06,2.435e-06,1.9115e-05,2.7326e-06,-2.3513e-06,-8.3081e-07,2.1108e-06,-4.0662e-05,-9.631e-07,7.9844e-06,-7.6959e-06,1.3629e-05,1.5401e-06,6.3085e-06,-2.6731e-06,5.3787e-07,-3.3141e-06,6.9861e-06,1.5338e-06,6.7643e-07,1.9099e-06,-1.3675e-06,6.9894e-07,-1.2131e-06,7.9265e-07,-1.3488e-06,1.2318e-06,3.8563e-06,-3.6175e-06,6.0855e-06,-1.4457e-06,2.6451e-06,1.8503e-06,4.9885e-08,3.7879e-07,2.7903e-06,5.4074e-06,2.1125e-05,-6.808e-07,-8.12e-07,2.7776e-06,-2.6187e-05,4.7524e-06,1.9257e-07,9.163e-07,-4.9338e-07,5.2331e-06,-3.084e-06,-5.466e-07,-1.2739e-06,1.8657e-06,-1.0306e-05,7.4675e-06,6.5299e-06,-6.2346e-07,-1.5018e-06,2.1408e-05,-3.8699e-07,-6.4104,-1.5943e-06,2.9258e-06,-1.7838e-06,1.7501e-06,6.0983e-06,-5.3449e-07,-2.7194e-06,-5.5205e-07,-7.4594e-06,4.5372e-07,-1.2877e-06,-9.8195e-08,-4.4776e-07,-4.6414e-06,-7.8655e-07,-6.0451e-06,5.2968e-06,6.7268e-07,2.2907e-06,-4.5782e-07,1.6987e-05,-3.817e-06,-21.43,1.7851e-06,2.5912e-06
0.00016328,0.00035488,0.00027717,0.00063779,0.0003031,0.0012139,0.00017429,0.00015225,0.0012235,0.00013553,0.00020112,0.00049509,0.00047641,0.00012587,0.00014232,0.00025942,0.00044683,0.00016452,0.0002036,0.00020253,0.00012321,6.1271e-05,8.3629e-05,0.00070311,9.1425e-05,0.00016233,0.0001079,0.00039599,0.00023058,0.00065988,0.00034589,0.0006236,0.00037142,0.00074338,8.8008e-05,0.00044864,0.00012396,0.0003002,0.00084734,0.00035414,0.00054198,0.0012645,0.0018313,0.00036967,0.00034676,0.0001723,0.00010924,0.00035396,0.0011936,0.0010649,0.00016728,0.0001107,0.0015118,0.0001367,0.00013519,8.6192e-05,0.00020768,0.00059479,0.0003138,1.176e-05,-236.57,0.00014776,0.00019731,0.00041671,0.00024843,0.00011391,0.00021482,0.00026477,0.00092642,0.00035101,0.00017142,0.00011116,0.00012305,0.00070941,0.00010308,0.00014287,0.00029032,0.00016301,3.8385e-05,0.00013153,0.00054169,0.00026425,-0.0059218,0.00030507,0.00030459
0.00027547,0.00011123,0.00029814,0.00066859,0.0004768,0.00091648,0.00019516,0.00026971,0.0007863,0.00027323,0.00051637,0.0006665,0.00071491,0.00024979,0.00038983,0.0004778,0.00061404,0.00028493,0.00049006,0.00023083,0.00028389,0.00028491,0.00037974,0.00066947,0.00026786,0.00025175,0.0001852,0.00051886,0.0004071,0.00073949,0.0006263,0.00063555,0.00060338,0.00066628,0.00021603,0.0006289,0.00025913,0.00061977,0.0011217,0.00049042,0.00076242,0.00084126,0.00057651,0.00049013,0.00042451,0.00027489,0.00029557,0.00049027,0.00070172,0.00086305,0.00032683,0.00024913,0.00048855,0.00039575,0.00040043,0.00031407,0.00041451,0.00078139,0.00060648,0.00017747,0.00019176,-0.095748,0.00036285,0.00049587,0.00050681,0.00026702,0.0002678,0.00037261,0.00063877,0.00034823,0.00023099,0.00032019,0.00024729,0.000641,0.00025553,0.00045209,0.00038394,0.00028287,0.00028098,0.00029757,0.00086271,0.0003631,0.0060537,0.00045937,0.00045322
1.8898e-05,1.0379e-05,1.6939e-05,2.1459e-05,2.1362e-05,3.3597e-05,9.5931e-06,1.3084e-05,3.5186e-05,1.753e-05,1.6014e-05,3.373e-05,2.1151e-05,1.083e-05,1.4116e-05,2.118e-05,2.3357e-05,1.4803e-05,1.1054e-05,9.9653e-06,1.0878e-05,1.7343e-05,1.76e-05,3.0047e-05,1.3731e-05,1.2849e-05,1.1149e-05,2.7609e-05,2.23e-05,3.0281e-05,2.365e-05,3.5034e-05,2.548e-05,3.0997e-05,1.6992e-05,2.6902e-05,1.8102e-05,2.0478e-05,3.3633e-05,2.1061e-05,3.7755e-05,2.6858e-05,5.4707e-05,2.63e-05,2.495e-05,3.151e-05,1.5188e-05,2.7955e-05,2.7841e-05,4.1488e-05,1.6662e-05,9.7765e-06,3.5171e-05,1.4363e-05,1.4658e-05,1.9309e-05,1.4611e-05,2.2002e-05,2.5213e-05,-3.9474e-06,1.5092e-05,2.198e-05,-29.085,2.0577e-05,1.717e-05,1.3261e-05,1.2303e-05,2.5557e-05,3.3208e-05,1.8519e-05,1.2595e-05,1.3891e-05,1.1584e-05,1.8812e-05,1.6198e-05,1.7042e-05,1.0566e-05,2.4526e-05,1.4058e-05,1.629e-05,1.51e-05,1.714e-05,0.00047295,1.8367e-05,2.1136e-05
5.9211e-07,1.0414e-06,1.1749e-06,3.5525e-06,1.432e-06,3.611e-06,1.1829e-07,2.7566e-07,4.2307e-06,2.9485e-07,1.7102e-06,2.5747e-06,2.9461e-06,3.599e-07,1.1379e-06,1.1391e-06,1.6122e-06,3.6292e-07,1.2742e-06,7.0916e-07,5.5665e-07,5.0905e-07,4.1531e-07,4.0312e-06,7.682e-07,8.5556e-07,4.379e-07,2.1944e-06,1.1534e-06,2.5741e-06,1.8837e-06,3.3699e-06,1.5487e-06,4.3329e-06,4.1713e-07,2.4065e-06,9.5006e-07,1.8382e-06,5.2686e-06,1.4621e-06,2.8093e-06,4.0013e-06,5.3728e-06,2.4015e-06,1.2426e-06,3.5327e-07,6.5282e-07,1.2954e-06,3.8606e-06,3.5773e-06,6.6004e-07,3.3001e-07,5.2711e-06,9.9931e-07,1.0393e-06,4.9688e-07,1.261e-06,3.0667e-06,1.8704e-06,3.7571e-07,1.0149e-06,9.1254e-07,6.1709e-07,-6.1913,4.4222e-06,3.4646e-07,4.0913e-07,8.0881e-07,2.5993e-06,9.0571e-07,5.6452e-07,6.1374e-07,6.6909e-07,3.1115e-06,6.1849e-07,1.7919e-06,2.0528e-06,3.4623e-07,3.1423e-07,7.1416e-07,3.8505e-06,7.4928e-07,0.26012,1.5603e-06,1.3238e-06
1.9892e-06,3.741e-06,3.8375e-06,1.3476e-05,5.7075e-06,1.1256e-05,2.6618e-07,1.1677e-06,1.6769e-05,8.0475e-07,6.4396e-06,9.9954e-06,1.0505e-05,1.6961e-06,4.2132e-06,4.2407e-06,5.7897e-06,8.0832e-07,4.3295e-06,2.1985e-06,2.5081e-06,1.7794e-06,1.7501e-06,1.4157e-05,3.3337e-06,3.3345e-06,2.0286e-06,9.0408e-06,4.6048e-06,7.3124e-06,8.2554e-06,1.0568e-05,5.3055e-06,1.5495e-05,1.5492e-06,1.0051e-05,4.2402e-06,7.8773e-06,1.7735e-05,5.2749e-06,1.0504e-05,1.2541e-05,1.2862e-05,8.312e-06,4.383e-06,9.0787e-07,2.6553e-06,4.9285e-06,1.071e-05,1.0198e-05,2.4233e-06,1.5132e-06,1.7238e-05,3.4551e-06,3.7091e-06,2.2361e-06,6.1631e-06,1.1449e-05,7.5325e-06,3.1578e-06,2.3526e-06,3.582e-06,1.9641e-06,1.6977e-05,-6.0953,1.6225e-06,1.0777e-06,3.2814e-06,7.0006e-06,3.7401e-06,1.9573e-06,2.1362e-06,2.7189e-06,1.0503e-05,2.4125e-06,6.6066e-06,6.6845e-06,1.2153e-06,1.3991e-06,2.5222e-06,1.4266e-05,2.6433e-06,0.24813,6.5301e-06,5.3678e-06
2.4641e-06,2.3736e-06,2.1531e-06,3.5869e-06,3.1069e-06,6.5517e-06,1.5667e-06,2.3522e-06,7.5506e-06,1.8305e-06,3.7162e-06,4.4945e-06,4.5556e-06,7.7558e-07,2.595e-06,3.0162e-06,4.6045e-06,2.203e-06,3.6108e-06,1.788e-06,2.9158e-06,1.8132e-06,1.8931e-06,5.0145e-06,1.8419e-06,1.8308e-06,1.4509e-06,5.0399e-06,3.7129e-06,4.0492e-06,5.1599e-06,4.9376e-06,3.8593e-06,3.3596e-06,1.8691e-06,4.9043e-06,2.7948e-06,3.6664e-06,6.1272e-06,3.1484e-06,4.7245e-06,4.0249e-06,3.7961e-06,4.1382e-06,3.431e-06,1.9857e-06,3.0296e-06,2.9567e-06,5.4579e-06,6.1949e-06,2.6419e-06,1.7879e-06,1.9806e-06,3.0975e-06,2.8931e-06,2.2901e-06,3.0875e-06,5.1282e-06,3.3999e-06,4.5916e-07,1.4712e-06,2.7374e-06,2.233e-06,1.9906e-06,2.3985e-06,-6.9086,1.7292e-06,3.4094e-06,5.7099e-06,2.432e-06,2.1669e-06,2.3619e-06,1.4785e-06,3.5719e-06,2.3175e-06,3.9328e-06,3.0486e-06,2.6295e-06,2.6133e-06,1.7252e-06,5.5267e-06,3.5516e-06,4.9392e-05,4.8246e-06,3.9358e-06
0.00023326,0.00017055,0.00012898,0.00021483,0.00029651,0.00046957,0.00033337,0.00018906,0.00037793,0.00018075,0.00027104,0.00029628,0.00024247,0.00012877,0.00025858,0.000336,0.00035254,0.00024688,0.00023017,0.00021235,0.00024274,0.00017007,0.00017323,0.00039702,0.00013713,0.00014729,0.0002669,0.00012779,0.00017599,0.00057958,0.00025508,0.00035423,0.00027501,0.00020141,0.00016311,0.00036131,0.00017912,0.00018986,0.0003707,0.00024965,0.00029482,0.00015204,0.00033413,0.00024963,0.00031537,0.00024134,0.00020703,0.00025548,0.00048497,0.0002925,0.00019125,0.00012659,0.00010769,0.00028715,0.00028839,0.00026028,0.00033098,0.00020015,0.00030016,-0.00012585,0.00023654,0.00022935,0.00017375,0.00018807,0.00012846,0.00014323,-0.23202,0.0002644,0.00048406,0.0002601,0.00028269,0.0002463,0.00016604,0.00057264,0.00014491,0.00026125,0.00020177,0.00022965,0.00014544,0.00019194,0.00022093,0.00026534,0.0014828,0.00020266,0.00019935
1.8467e-06,2.0881e-06,2.5414e-06,5.4947e-06,3.7359e-06,9.4456e-06,7.3135e-07,1.8827e-06,9.4674e-06,2.2941e-06,3.1669e-06,5.7822e-06,4.8589e-06,2.1893e-06,2.2713e-06,3.9457e-06,5.0025e-06,1.7658e-06,2.2798e-06,2.0073e-06,2.0341e-06,2.2055e-06,2.5677e-06,5.2091e-06,2.059e-06,2.2346e-06,1.3246e-06,4.6833e-06,2.7737e-06,5.6697e-06,4.7406e-06,5.5828e-06,4.6001e-06,4.5188e-06,1.9534e-06,3.512e-06,2.9627e-06,4.8996e-06,6.474e-06,3.9551e-06,5.9308e-06,6.7644e-06,1.1398e-05,4.0839e-06,4.0167e-06,2.5712e-06,2.0478e-06,4.4572e-06,5.1069e-06,8.376e-06,3.6862e-06,1.601e-06,8.733e-06,2.3317e-06,2.2068e-06,2.8353e-06,3.5596e-06,4.5501e-06,5.3777e-06,2.7131e-07,2.8021e-06,3.1015e-06,3.5311e-06,3.6097e-06,3.8138e-06,2.7941e-06,2.5764e-06,-7.2529,5.8686e-06,3.1562e-06,2.0154e-06,2.251e-06,1.6712e-06,4.95e-06,1.865e-06,4.0257e-06,2.951e-06,2.0273e-06,1.8453e-06,1.8391e-06,3.7157e-06,2.7577e-06,1.506e-06,5.1805e-06,3.4087e-06
0.00014336,0.00024626,0.00023175,0.00055168,0.00033001,0.0018464,0.00015735,0.00014421,0.0016017,8.6135e-05,0.00032674,0.00059658,0.00055279,0.00011322,0.00019626,0.00034558,0.00042497,0.00017721,0.00025757,0.00019155,0.00019069,0.000133,0.00011844,0.00099992,0.00019873,0.00020952,0.00012535,0.00048358,0.00026502,0.00065989,0.00046113,0.00077408,0.00042227,0.00088539,0.00012724,0.00064418,0.00015224,0.00038475,0.0011552,0.00035244,0.00071521,0.0018203,0.0025192,0.00050609,0.00031022,0.00015456,0.0001539,0.00032016,0.0012106,0.0017001,0.00017765,9.4908e-05,0.0017097,0.00022108,0.00022804,0.000129,0.00033399,0.00068268,0.00043003,-9.1748e-05,0.00038603,0.00019965,0.00017015,0.00043966,0.00030775,0.0001752,0.00017898,0.00022545,-0.089133,0.00027064,0.00014002,0.00014791,0.0001436,0.00068661,0.00014723,0.00028241,0.00033176,0.00010948,9.4142e-05,0.00014094,0.00072958,0.00025764,0.0087547,0.00029686,0.00026389
0.0002764,0.00034843,0.00040001,0.00098084,0.0005693,0.0018215,9.9113e-05,0.00045567,0.0014824,0.0001803,0.00057846,0.00079659,0.00084046,0.00030186,0.00037962,0.00032243,0.00068643,0.00024841,0.00062153,0.00044505,0.00024728,0.00032253,0.00026904,0.00080626,0.0002608,0.0003423,0.0001175,0.00063448,0.00034372,0.00090642,0.0008805,0.00067488,0.00068794,0.0010177,0.00029882,0.00076065,0.00021217,0.00068452,0.001538,0.00048853,0.00085595,0.0013047,0.0013421,0.00069266,0.00047466,0.0002637,0.00017901,0.00049053,0.0011902,0.0013372,0.00034209,0.00017879,0.0011834,0.00037166,0.0003625,0.0004389,0.0004441,0.0012761,0.00076721,5.1166e-05,0.00056903,0.00042899,0.0003833,0.00059404,0.00064121,0.00029316,0.00037695,0.00047269,0.0010641,-0.2851,0.00029639,0.00032254,0.00018353,0.00098628,0.00028118,0.00046071,0.00049381,0.00022064,0.00016512,0.00023359,0.001042,0.00027835,0.0040331,0.00059412,0.00058191
7.9285e-08,5.7671e-08,9.7488e-08,1.2084e-07,8.3021e-08,1.5771e-07,6.4757e-08,5.5281e-08,2.2834e-07,7.9498e-08,1.2517e-07,1.8069e-07,1.1598e-07,4.1656e-08,9.689e-08,8.2032e-08,1.7026e-07,9.6561e-08,1.3174e-07,8.8776e-08,9.7519e-08,7.2042e-08,4.2145e-08,2.1584e-07,9.5278e-08,5.3665e-08,7.2329e-08,1.2067e-07,1.2729e-07,1.5408e-07,9.3597e-08,2.1003e-07,8.9216e-08,2.3497e-07,7.9495e-08,1.8339e-07,6.9857e-08,1.1838e-07,1.4269e-07,1.3663e-07,1.8985e-07,4.8758e-08,7.9952e-08,1.3584e-07,1.345e-07,9.6511e-08,1.0789e-07,1.3196e-07,2.3329e-07,9.3298e-08,4.0151e-08,6.3264e-08,8.2122e-08,7.4389e-08,8.8165e-08,5.4072e-08,1.1294e-07,1.7599e-07,1.4502e-07,-1.4563e-08,8.6281e-08,9.0638e-08,8.2497e-08,1.214e-07,1.0972e-07,8.3925e-08,1.3024e-07,9.5493e-08,1.7635e-07,9.5276e-08,-6.4575,9.6512e-08,7.7112e-08,1.8712e-07,8.3188e-08,9.4312e-08,9.3317e-08,8.6564e-08,5.5188e-08,8.8452e-08,1.8845e-07,1.0659e-07,1.4154e-06,6.2072e-08,1.1929e-07
3.8038e-06,3.5056e-06,6.2261e-06,8.3122e-06,7.0162e-06,7.993e-06,3.728e-06,5.8239e-06,9.2664e-06,3.9023e-06,9.6192e-06,6.5484e-06,8.7937e-06,5.7164e-06,6.7282e-06,6.9359e-06,8.4647e-06,4.9768e-06,7.1604e-06,6.4874e-06,6.2972e-06,5.7182e-06,5.388e-06,9.1276e-06,4.8175e-06,5.3217e-06,2.5728e-06,7.2028e-06,3.8512e-06,1.1391e-05,7.4414e-06,6.6669e-06,9.2657e-06,6.1668e-06,3.1151e-06,6.9576e-06,6.4777e-06,7.3768e-06,1.4578e-05,8.2852e-06,8.004e-06,6.2541e-06,5.7764e-06,7.6164e-06,6.4226e-06,6.3247e-06,5.2327e-06,5.7044e-06,7.9179e-06,8.9064e-06,3.44e-06,2.0798e-06,9.2805e-06,6.2534e-06,6.8191e-06,5.4446e-06,5.7681e-06,1.1487e-05,1.0244e-05,-3.0658e-07,3.0229e-06,6.8686e-06,4.9127e-06,7.1131e-06,6.4552e-06,4.9391e-06,6.1655e-06,5.7436e-06,1.0045e-05,5.6267e-06,5.1995e-06,-7.2036,5.7703e-06,1.0056e-05,5.4471e-06,4.655e-06,6.2412e-06,4.3076e-06,2.342e-06,6.0679e-06,1.015e-05,5.5895e-06,4.0963e-05,7.7268e-06,7.7596e-06
0.00041872,0.00014864,0.00027997,0.00054987,0.00049042,0.00073873,0.00036648,0.00053937,0.00019537,0.00054728,0.0007906,0.0006298,0.00049249,0.00027813,0.00056285,0.00074176,0.00043217,0.0010358,0.000632,0.00047507,0.00048039,0.0002704,0.00039557,0.0011071,0.00019362,0.00040991,0.00046631,0.00033761,0.00014331,0.0005015,0.00043499,0.00069151,0.00045013,0.00079307,0.00040859,0.00047721,0.00060947,0.00024973,0.00069102,0.00045096,0.00066332,0.0005234,0.00075424,0.00049031,0.00036462,0.00046326,0.0010603,0.00030765,0.00046964,0.0009658,0.00034482,0.00043259,0.00087311,0.00044599,0.00053124,0.00051346,0.00058091,0.00038784,0.00056989,-3.6294e-06,0.0003486,0.00055393,0.00042888,0.00079552,0.00084256,0.00032433,0.00043302,0.00044735,0.00099017,0.00032574,0.00043453,0.00060426,-4.7288e+05,0.00027647,0.00086385,0.00015654,0.00069738,0.0004131,0.00033972,0.00077647,0.00045595,0.00079164,-0.0021434,0.00043334,0.00046971
0.00023482,0.00039918,0.00066565,0.0020354,0.00085884,0.0029135,-0.00011058,0.00017061,0.0035769,7.5577e-05,0.00073348,0.0020038,0.0017256,0.00037843,0.00047858,0.00074824,0.0011802,-2.4457e-05,0.00085845,0.00051979,0.00028958,0.00035287,0.00017567,0.0021529,0.00050679,0.00040743,9.4014e-05,0.0020015,0.00090674,0.0020905,0.0018327,0.0021791,0.0016346,0.0020974,-7.7005e-06,0.0019436,0.00038222,0.0010992,0.0052645,0.00098268,0.0025171,0.0032829,0.011171,0.0014396,0.00092405,0.00014966,0.00014737,0.00084282,0.0030094,0.0035843,0.00049589,-9.6491e-05,0.0074873,0.00027912,0.00029973,-8.4402e-05,0.00055395,0.002068,0.00117,-3.0352e-05,0.00080552,0.00046662,0.00019121,0.0012658,0.0011092,0.00023364,0.00052037,0.00047906,0.0016605,0.00063082,0.00035821,0.0003553,0.00010618,-0.027844,0.00016677,0.0010162,0.0008924,0.00027773,0.00015202,0.00028249,0.0027324,0.00041055,0.0019,0.00114,0.00091253
0.00019275,0.00015389,0.00016488,0.0003199,0.00028127,0.00047061,0.00014009,0.00021444,0.00025908,0.00019364,0.00037342,0.00038669,0.00022204,0.00011402,0.00029882,0.0003376,0.00025887,0.00037252,0.00029854,0.00016041,0.00028312,0.00019827,0.00018433,0.00047083,7.9848e-05,0.00017329,0.00013521,0.00029062,0.00020131,0.00032023,0.00027734,0.00043265,0.0002718,0.00039177,0.00017902,0.00039572,0.00022247,0.00022652,0.00041766,0.00016076,0.000361,0.00023553,0.00024655,0.00022793,0.00019988,0.00016721,0.00037615,0.00015679,0.00039002,0.0004676,0.0001338,0.00016637,0.00010681,0.00025368,0.00027577,0.0002326,0.00020143,0.00026586,0.00024567,-1.095e-05,0.0001223,0.0002404,0.00025104,0.00030706,0.00031222,0.00021276,0.00015926,0.00020882,0.00042474,0.00020868,0.00019581,0.00023911,0.00036157,0.00018042,-370.93,0.00025181,0.00033625,0.00019904,0.00026106,0.00047977,0.00027787,0.00028752,-0.0013348,0.00024676,0.00021513
2.2665e-06,2.4319e-06,5.1387e-06,1.044e-05,4.8943e-06,1.6109e-05,-2.4569e-07,2.5731e-08,1.9446e-05,2.4414e-08,6.6255e-06,1.2425e-05,9.956e-06,1.3528e-06,4.1433e-06,6.2663e-06,1.0619e-05,7.1121e-07,6.8609e-06,9.9801e-07,1.4249e-06,1.7067e-06,1.4372e-06,1.2223e-05,3.1359e-06,3.3776e-06,-8.0007e-08,1.0173e-05,9.3541e-06,1.0127e-05,1.4035e-05,1.2169e-05,1.0963e-05,1.2221e-05,1.6845e-07,1.1295e-05,3.7369e-06,8.4142e-06,1.7183e-05,8.2523e-06,1.2102e-05,1.4735e-05,1.6965e-05,1.2259e-05,6.9511e-06,4.2177e-07,1.1943e-06,7.4755e-06,1.173e-05,1.3028e-05,3.2984e-06,6.0179e-08,1.6045e-05,3.0107e-06,2.9342e-06,2.9375e-06,5.312e-06,8.5847e-06,6.6467e-06,-3.1163e-06,1.6147e-06,3.935e-06,2.4336e-06,8.463e-06,8.1324e-06,3.3669e-06,2.7032e-06,4.2416e-06,7.8828e-06,3.3073e-06,2.0949e-06,1.9528e-06,6.447e-07,1.1679e-05,2.3936e-06,-5.7139,7.878e-06,1.0552e-06,-7.4957e-07,2.1691e-06,1.4536e-05,2.4555e-06,0.11726,6.9325e-06,6.4529e-06
2.8301e-07,4.9349e-07,7.9978e-07,1.8516e-06,6.1457e-07,1.7655e-06,6.4557e-08,2.4785e-07,2.5078e-06,2.7205e-07,1.162e-06,8.1773e-07,1.502e-06,1.545e-07,8.326e-07,5.342e-07,8.3449e-07,2.5902e-07,1.1483e-06,5.0872e-07,4.0178e-07,3.6832e-07,1.7994e-07,1.3935e-06,2.8338e-07,3.7193e-07,8.0333e-08,8.6708e-07,6.0667e-07,1.0385e-06,1.0482e-06,1.1002e-06,9.2672e-07,1.6082e-06,2.0152e-07,9.9553e-07,4.236e-07,9.3607e-07,2.7325e-06,5.1214e-07,1.1125e-06,1.2714e-06,2.2909e-06,1.0993e-06,6.2982e-07,1.5028e-07,3.4684e-07,7.0154e-07,1.2067e-06,1.5663e-06,2.511e-07,1.4451e-07,2.4849e-06,7.3534e-07,7.8909e-07,3.3268e-07,5.2033e-07,1.7196e-06,7.3441e-07,5.8099e-07,4.1176e-07,4.3062e-07,1.9491e-07,1.2292e-06,1.0441e-06,3.3481e-07,2.6706e-07,3.9602e-07,1.1608e-06,4.4521e-07,2.6637e-07,3.2865e-07,3.4969e-07,1.253e-06,4.0332e-07,1.0064e-06,-5.8692,1.6444e-07,1.0181e-07,3.4616e-07,1.9257e-06,3.8934e-07,1.3478e-06,7.406e-07,6.7115e-07
1.2659e-07,7.5031e-08,9.6422e-08,1.3401e-07,1.675e-07,1.3351e-07,7.7411e-08,1.1383e-07,1.147e-07,1.2621e-07,1.4624e-07,1.356e-07,1.7128e-07,7.7123e-08,1.2639e-07,1.4152e-07,1.3231e-07,9.6858e-08,9.5955e-08,9.8185e-08,1.3817e-07,1.2023e-07,1.0863e-07,2.0097e-07,7.2177e-08,7.6145e-08,1.1282e-07,1.6424e-07,1.5073e-07,2.2131e-07,1.5499e-07,1.9031e-07,1.4239e-07,1.7495e-07,8.8571e-08,1.6257e-07,1.3734e-07,1.3631e-07,2.3794e-07,1.1314e-07,1.6228e-07,1.0512e-07,1.5065e-07,9.5387e-08,1.934e-07,2.2432e-07,1.2973e-07,1.3378e-07,1.9051e-07,1.8087e-07,6.5955e-08,1.0121e-07,1.006e-07,1.4653e-07,1.4324e-07,1.1411e-07,1.1197e-07,1.2735e-07,1.7029e-07,3.2347e-08,1.0002e-07,1.3547e-07,1.9217e-07,9.4171e-08,8.629e-08,1.219e-07,1.284e-07,1.1574e-07,1.7405e-07,8.652e-08,1.0335e-07,9.6137e-08,8.8463e-08,2.0892e-07,1.0202e-07,5.564e-08,6.9312e-08,-7.2484,1.1235e-07,1.2218e-07,1.2651e-07,1.5181e-07,0.25106,9.8732e-08,1.355e-07
0.00022298,9.7634e-05,8.4201e-05,0.00012764,0.00026439,0.00019675,0.00017537,0.00027109,2.4176e-06,0.00023897,0.00014453,0.00011501,0.00017103,8.629e-05,0.00021694,0.00021166,0.00017444,0.00019486,0.00010879,0.00020572,0.00017532,0.00015679,0.00026532,0.00020021,6.7789e-05,8.9247e-05,0.0001638,0.00013956,9.2634e-05,0.00023541,0.00012895,0.00027639,0.00010269,0.00011362,0.0002323,0.00033054,0.00013768,0.00017386,0.00022837,9.4291e-05,0.00011872,0.00011297,-0.00021827,1.7882e-05,5.3608e-05,0.00020323,0.00022226,3.893e-05,0.00026092,0.00033327,0.00010496,0.00024538,-0.00015044,0.00028538,0.00027313,0.00019878,1.4681e-05,0.00020636,0.00023971,0.0001022,4.096e-05,0.00023312,0.00019278,0.00014145,0.00016331,0.00021195,0.00014118,0.00018235,0.00024829,0.00011189,0.00011517,8.923e-05,0.00012468,0.00017688,0.00023015,-7.5156e-05,7.2732e-05,0.00019395,-0.16294,0.00018826,0.00013693,0.00018862,0.00092142,0.00013606,0.00015398
0.00022449,0.00017389,0.00018593,0.00039882,0.00032927,0.00051856,0.0001732,0.0002109,0.00041957,0.00022774,0.00039454,0.00038495,0.0003437,0.00015513,0.00034312,0.00038005,0.00028386,0.0003683,0.00036826,0.00017399,0.00029801,0.00021528,0.00023157,0.00049337,0.0001223,0.00022068,0.0001973,0.00030872,0.00020829,0.0005034,0.0002693,0.00047413,0.00029706,0.00036413,0.00018742,0.00041499,0.00023931,0.00030573,0.00058152,0.0002065,0.00044299,0.00029518,0.00053442,0.00023378,0.00025141,0.00021023,0.00039896,0.00019141,0.00049773,0.00055514,0.0001698,0.00019494,0.00042068,0.00029157,0.00031024,0.00024989,0.00029806,0.00037417,0.00032372,9.8398e-06,0.000173,0.00030742,0.00027791,0.000395,0.00036353,0.00017344,0.00023014,0.00022627,0.0004581,0.0001934,0.0002291,0.00029159,0.00035844,0.00038268,0.000529,0.00025362,0.00031752,0.00026281,0.00023386,-0.18218,0.00042715,0.00030049,0.0011509,0.00025709,0.00026382
7.1828e-05,0.00015206,0.00036877,0.0015688,0.0003385,0.0012582,-9.5729e-06,9.3565e-06,0.0015968,-2.7999e-05,0.00044647,0.00055642,0.0010162,0.00013733,0.00026983,0.00031807,0.00053114,3.1879e-05,0.00049448,0.00016483,0.00013906,7.4567e-05,7.5963e-05,0.0010682,0.00019862,0.00019466,2.4053e-05,0.00054841,0.00037391,0.00062821,0.00070243,0.00092245,0.0004934,0.0012361,-1.6787e-05,0.00072766,0.00014022,0.00056748,0.0038454,0.00037191,0.00073253,0.0012823,0.0012008,0.00069442,0.00034227,4.405e-05,9.972e-05,0.00044557,0.001288,0.00114,0.00014836,4.9832e-05,0.001379,0.00028212,0.00028222,6.2017e-05,0.00036561,0.0017904,0.00035438,0.00030973,0.00022727,0.00023136,4.65e-05,0.00056964,0.00055851,0.00014137,6.4825e-05,0.00012476,0.00061812,0.00024129,0.000134,0.00012825,6.1102e-05,0.00095489,8.7043e-05,0.00045909,0.00049824,4.7049e-05,3.7603e-05,0.00011124,-0.0057627,0.00018288,0.00020476,0.0004159,0.00037076
3.699e-06,5.126e-06,5.517e-06,8.9804e-06,7.0888e-06,1.5219e-05,4.1967e-06,4.714e-06,1.5859e-05,4.3803e-06,8.0413e-06,8.9171e-06,8.7463e-06,2.6907e-06,5.4208e-06,1.2779e-05,8.6751e-06,6.512e-06,5.8206e-06,4.7353e-06,4.2446e-06,3.0181e-06,4.1803e-06,1.3105e-05,2.7012e-06,4.6469e-06,5.2066e-06,4.9597e-06,5.9468e-06,1.0295e-05,9.465e-06,1.1895e-05,7.8948e-06,8.0085e-06,3.3152e-06,6.135e-06,5.3524e-06,7.1938e-06,1.4808e-05,6.5544e-06,7.9538e-06,1.1051e-05,1.8402e-05,5.7422e-06,9.4001e-06,4.8952e-06,7.4434e-06,7.2634e-06,1.1822e-05,1.4993e-05,3.7591e-06,4.2113e-06,9.9464e-06,5.9575e-06,6.0105e-06,4.5756e-06,6.931e-06,8.3961e-06,1.0485e-05,-1.7606e-06,5.6008e-06,6.0636e-06,4.7454e-06,6.729e-06,6.182e-06,5.8212e-06,5.1898e-06,5.512e-06,1.349e-05,3.7718e-06,4.4824e-06,4.3722e-06,5.9228e-06,8.7772e-06,5.1432e-06,4.643e-06,5.7781e-06,5.3276e-06,3.8209e-06,4.8981e-06,1.0793e-05,-8.5483,1.768e-05,8.3181e-06,6.3857e-06
0.012294,-0.00092962,0.0024138,0.0024563,-0.0056628,-0.0097925,0.0045432,0.0051077,-12.283,0.0051159,0.0023528,-0.0028023,0.0173,-0.0012226,-0.003347,-0.011137,-0.021789,0.001915,0.0075869,-0.012554,-0.0055061,-0.0071082,-0.00080607,19.053,0.010383,0.0032101,-0.0036659,-0.0061956,5.8753,0.79128,-0.014001,-0.0038172,0.0061386,3.7151,0.0048452,0.01231,-0.00040757,0.014406,0.27307,-0.0087577,-0.0047662,2.8644,-0.010056,0.0089155,-0.0057293,30.03,-0.0051169,0.0044886,-0.0092421,0.01039,0.0029796,0.0018801,0.00063706,0.0024539,0.0056734,0.0043317,0.0066967,-0.013178,0.016315,-0.022893,-0.065458,-0.003374,-0.0011576,-0.007597,-0.0014422,0.0062645,0.003101,-0.014504,-0.0046776,-0.0061,-0.0098763,-0.0067993,-0.008347,8.6965,-0.0126,-0.010027,-0.044064,0.0065786,0.0032233,-0.0014279,0.0063998,-0.0077983,0.011318,0.00088642,0.0052556
3.6319e-07,6.7646e-07,1.0624e-06,2.6697e-06,1.2798e-06,3.2196e-06,3.3206e-07,3.9972e-07,3.2759e-06,2.6744e-07,1.2199e-06,1.8924e-06,2.3223e-06,6.225e-07,8.1623e-07,1.2043e-06,1.7837e-06,3.3118e-07,1.2e-06,5.7958e-07,5.5265e-07,5.0149e-07,3.8998e-07,2.3638e-06,6.9795e-07,6.4404e-07,3.6638e-07,1.759e-06,1.1228e-06,1.8901e-06,2.3727e-06,2.2161e-06,1.898e-06,2.3526e-06,2.2366e-07,1.3936e-06,6.946e-07,1.7972e-06,3.9155e-06,1.4154e-06,1.8193e-06,2.9281e-06,3.9778e-06,1.7453e-06,1.2372e-06,4.0765e-07,4.8116e-07,1.4431e-06,2.8519e-06,2.8144e-06,1.0838e-06,2.5225e-07,3.4266e-06,8.2809e-07,8.5235e-07,8.7516e-07,1.0963e-06,2.6572e-06,1.7396e-06,3.5069e-07,7.4608e-07,8.7147e-07,5.695e-07,1.6021e-06,1.7443e-06,8.9418e-07,4.5528e-07,1.1819e-06,1.8085e-06,9.2012e-07,2.9392e-07,6.8637e-07,3.7179e-07,2.8733e-06,5.0676e-07,1.5085e-06,1.2588e-06,3.8949e-07,3.1211e-07,4.7796e-07,2.9323e-06,9.468e-07,0.2269,-6.5651,1.426e-06
0.00014117,0.00012103,0.0002427,0.00044705,0.00025788,0.00059977,7.4556e-05,9.3151e-05,0.00065662,8.788e-05,0.00029955,0.00044624,0.00039119,0.00015415,0.00017859,0.00022083,0.00038607,6.7773e-05,0.00026074,0.00014263,0.00012649,0.00014089,9.8774e-05,0.00052157,0.00013373,0.00014362,7.1966e-05,0.00041637,0.00031259,0.00036893,0.00041084,0.00046469,0.00041089,0.0005028,9.1406e-05,0.00047377,0.0001228,0.00033175,0.00068789,0.00037438,0.00047103,0.00048822,0.00063072,0.00035991,0.00027372,0.00011315,0.00010874,0.00037877,0.00049226,0.00052379,0.00014809,8.2996e-05,0.00052828,0.00018666,0.00019586,0.00014806,0.00021072,0.00048206,0.00031645,8.2152e-05,0.00017007,0.00018409,0.00014036,0.00029144,0.00030843,0.00015649,9.3883e-05,0.00017059,0.00034469,0.00019497,0.00012349,0.00014809,8.8285e-05,0.00049595,9.636e-05,0.00030529,0.00024957,0.00011027,7.3844e-05,0.00010452,0.00056147,0.0001574,0.004112,0.00030679,-0.044076
