1.3124e-09,-1.4712e-05,-2.7361e-05,-6.3982e-05,-5.1844e-06,-6.4458e-06,-7.1395e-07,4.7651e-06,-4.0434e-05,-8.0789e-06,-7.8922e-06,-2.6839e-07,-1.9486e-05,-2.9364e-06,5.5471e-06,-7.3027e-06,-1.6796e-05,-5.845e-06,7.9214e-06,2.8245e-06,-1.6709e-05,5.1977e-06,-4.1091e-06,-5.557e-06,-1.727e-05,-5.8288e-06,1.6982e-06,-4.9739e-07,4.968e-06,-1.2909e-06,-1.3039e-05,-1.7107e-05,-2.3833e-05,-6.9585e-06,-2.1627e-06,6.646e-06,-1.0337e-05,-1.4782e-05,-0.026302,-2.0638e-05,1.034e-05,-1.0607e-05,-1.1065e-05,-1.3511e-05,-1.5226e-05,4.3001e-06,3.8587e-06,-1.753e-05,-2.702e-05,-1.9303e-05,-1.0415e-05,-7.8342e-06,-1.5728e-05,1.1112e-07,-9.6507e-07,9.2554e-07,1.3874e-06,-6.7194e-05,-1.5537e-05,-2.556e-05,2.6882e-06,-1.7071e-05,-1.2306e-06,-2.2873e-05,-1.7275e-05,-1.241e-05,-1.0714e-05,-1.154e-05,-3.1005e-07,-6.1568e-06,-1.3068e-05,-4.0878e-06,-1.8318e-06,-4.708e-05,-5.7866e-06,-1.0629e-06,-2.4108e-05,-2.064e-06,-3.9709e-06,2.9094e-06,-7.5985e-05,-4.4951e-06,-0.19317,-1.8803e-05,-1.8464e-05
-0.00011082,1.3483e-09,-0.00027295,-0.00081358,-5.1911e-05,1.5097e-06,-1.6386e-05,6.4164e-05,-0.00040276,-8.8677e-05,-6.5572e-05,1.7543e-05,-0.00016578,-1.1468e-05,9.0007e-05,-8.5651e-05,-0.00015821,-5.443e-05,9.9482e-05,5.9053e-05,-0.00019326,6.8414e-05,-5.5929e-05,-1.9232e-05,-0.00018274,-6.0664e-05,2.1021e-05,8.7083e-06,6.5113e-05,1.0227e-05,-0.00013162,-0.00017703,-0.00026182,-5.8245e-05,-3.1896e-05,0.00011931,-0.00011561,-0.00012473,-0.028751,-0.00022904,0.00015433,-4.3186e-05,-3.3554e-05,-0.00012295,-0.00014212,4.4607e-05,4.5037e-05,-0.00017031,-0.00024903,-0.00018738,-9.4947e-05,-7.2178e-05,-0.00014494,2.2192e-05,5.7478e-06,1.1392e-05,2.5128e-05,-0.00085159,-0.00012771,-0.00025276,5.965e-05,-0.0001854,-1.9052e-05,-0.00021463,-0.00016935,-0.00013353,-0.00010932,-0.00010483,3.1025e-05,-4.2424e-05,-0.00014766,-2.2966e-05,-3.4889e-05,-0.0005596,-6.0375e-05,2.6029e-05,-0.00024261,-2.0585e-05,-4.8085e-05,2.8943e-05,-0.0010616,-3.5539e-05,-0.21754,-0.0001718,-0.00020355
-9.195e-05,-0.00010561,1.3464e-09,-0.0004899,-2.2103e-05,1.5732e-05,-1.2808e-05,4.0361e-05,-0.00029211,-7.5699e-05,-2.9211e-05,3.2172e-05,-0.00011152,-1.0739e-05,7.4997e-05,-3.9554e-05,-0.00010874,-5.1957e-05,0.00011384,4.2653e-05,-0.00012653,6.021e-05,-3.4258e-05,1.2134e-05,-0.00013245,-3.6247e-05,1.2773e-05,3.9122e-05,6.886e-05,3.0789e-05,-6.5881e-05,-9.2321e-05,-0.00016185,-3.7126e-06,-2.3475e-05,0.00010168,-8.2878e-05,-8.0188e-05,-0.0079522,-0.0001515,0.00014229,-1.8332e-05,-8.3543e-06,-6.3607e-05,-0.00010038,3.6559e-05,3.2126e-05,-0.00011255,-0.00018343,-0.00010133,-7.6704e-05,-6.7931e-05,-6.9176e-05,2.9375e-05,1.8585e-05,2.0283e-05,3.578e-05,-0.00054477,-0.00010777,-0.00017057,4.4527e-05,-0.00013306,-5.7831e-06,-0.00017134,-0.00011348,-9.8992e-05,-9.5204e-05,-8.3226e-05,3.2568e-05,-3.2969e-05,-0.00010497,-2.2135e-05,-1.5936e-05,-0.00040009,-5.2627e-05,2.8955e-05,-0.00015942,-1.521e-05,-3.4686e-05,2.6136e-05,-0.0005543,-2.0229e-05,-0.18179,-0.00011912,-0.00013103
-5.8306e-06,-5.9089e-06,-1.1396e-05,1.1401e-09,8.7399e-07,7.9896e-06,-6.9245e-07,5.9121e-06,-6.7679e-06,-3.2719e-06,1.6996e-06,5.6476e-06,4.1194e-06,6.7085e-07,1.0113e-05,-2.6836e-06,-4.7216e-06,-2.6846e-06,1.3078e-05,5.4394e-06,-9.3025e-06,4.2337e-06,-2.3958e-06,7.2028e-06,-7.6535e-06,-1.6069e-06,2.3616e-06,4.9205e-06,7.2513e-06,5.0342e-06,-1.9152e-06,-2.2299e-06,-9.5855e-06,3.936e-06,-7.834e-07,1.2277e-05,-4.7869e-06,-7.2532e-07,-2.2965e-05,-9.1349e-06,1.4208e-05,5.5547e-06,5.4642e-06,3.899e-07,-5.2656e-06,3.5469e-06,3.8905e-06,-6.5967e-06,-3.9991e-06,-2.8082e-06,-2.8441e-06,-2.7648e-06,-4.5102e-07,4.5407e-06,3.4992e-06,2.6359e-06,3.1576e-06,-7.4491e-06,-3.0342e-06,-7.212e-06,5.8416e-06,-7.888e-06,-2.014e-07,-5.2415e-06,-4.3523e-06,-6.5499e-06,-5.1744e-06,-4.4478e-06,5.4963e-06,3.6304e-07,-8.0508e-06,-1.0234e-06,-9.4841e-07,-1.3545e-05,-2.2262e-06,6.2278e-06,-5.0484e-06,-2.5322e-07,-1.5096e-06,2.7759e-06,-1.0637e-05,-8.8353e-07,-0.16056,-5.1576e-06,-7.6313e-06
-2.1637e-05,-2.9556e-05,-4.7196e-05,-0.00011148,1.1548e-09,5.173e-06,-5.9464e-07,1.1624e-05,-6.6491e-05,-1.5006e-05,-6.0181e-06,5.4859e-06,-2.4993e-05,-7.5701e-06,1.5687e-05,-9.403e-06,-3.0418e-05,-1.3135e-05,2.2059e-05,5.1806e-06,-2.7794e-05,8.9377e-06,-6.3301e-06,1.641e-06,-3.1449e-05,-8.5426e-06,4.7028e-06,5.8087e-06,1.506e-05,8.5667e-06,-1.4568e-05,-2.525e-05,-3.6425e-05,-1.7545e-06,-1.7356e-06,1.9754e-05,-1.7758e-05,-2.2946e-05,-0.0014448,-3.26e-05,2.8792e-05,-1.1255e-05,-1.2437e-05,-1.7706e-05,-2.4649e-05,1.013e-05,8.8997e-06,-3.2039e-05,-4.3235e-05,-2.0855e-05,-2.0454e-05,-1.5913e-05,-1.6345e-05,3.8724e-06,1.9305e-06,3.298e-06,4.6864e-06,-0.00011317,-2.8251e-05,-4.49e-05,9.3309e-06,-3.3707e-05,-1.6778e-06,-4.1163e-05,-2.3772e-05,-2.2329e-05,-2.1121e-05,-2.2357e-05,7.8763e-06,-9.8154e-06,-2.3795e-05,-1.0357e-05,-1.4964e-06,-8.7441e-05,-1.0894e-05,7.1372e-07,-3.753e-05,-2.9524e-06,-7.048e-06,6.9721e-06,-0.00012636,-5.1573e-06,-0.19376,-3.2135e-05,-3.1417e-05
-7.5046e-06,-6.8758e-06,-1.3173e-05,-1.8286e-05,1.0722e-06,1.1921e-09,3.8123e-07,6.3682e-06,1.4996e-06,-3.1458e-06,1.7776e-06,6.0529e-06,-1.3244e-06,-2.6813e-06,7.6638e-06,2.0233e-07,-6.4813e-06,-3.5725e-06,9.3275e-06,1.7526e-06,-8.5577e-06,1.7204e-06,-1.4888e-06,7.4683e-06,-7.478e-06,-1.6164e-06,2.3414e-06,6.2195e-06,7.1043e-06,8.8537e-06,-2.7687e-07,-1.7513e-06,-6.8582e-06,5.3393e-06,1.9172e-06,1.1563e-05,-5.6922e-06,-3.364e-06,-3.6064e-05,-7.6053e-06,1.7539e-05,1.416e-05,1.3898e-05,-1.0449e-06,-5.6392e-06,3.8211e-06,4.1279e-06,-9.6428e-06,-2.3083e-07,5.9327e-06,-6.0108e-06,-4.6758e-06,8.9705e-06,7.1346e-07,-3.6332e-07,2.5838e-06,2.0122e-06,-1.5998e-05,-5.7204e-06,-1.893e-05,8.0527e-06,-1.1129e-05,9.9223e-08,-9.0367e-06,-5.6716e-06,-6.0894e-06,-6.1208e-06,-6.0376e-06,1.262e-05,-8.1351e-07,-7.074e-06,-4.7811e-06,7.5849e-07,-1.4597e-05,-2.0937e-06,4.2168e-06,-6.249e-06,-1.1204e-06,-2.4942e-06,3.0947e-06,-1.6923e-05,-2.4862e-07,-0.15874,-8.1435e-06,-8.025e-06
-1.3866e-05,-1.9702e-05,-3.3453e-05,-0.00010747,-5.391e-06,-4.4413e-06,8.9908e-10,5.8533e-06,-5.7554e-05,-8.908e-06,-7.7167e-06,-1.6623e-06,-2.3412e-05,-6.141e-06,6.7316e-06,-7.6546e-06,-2.3255e-05,-7.5541e-06,8.4012e-06,1.6703e-06,-1.8062e-05,3.6491e-06,-4.7973e-06,-6.0083e-06,-2.0075e-05,-6.7429e-06,3.8145e-06,-1.3111e-06,5.1651e-06,-2.7703e-07,-1.5852e-05,-2.0902e-05,-2.8018e-05,-7.5925e-06,-8.2166e-07,6.6738e-06,-1.291e-05,-1.9771e-05,-0.27581,-2.339e-05,1.1397e-05,-1.4369e-05,-1.7658e-05,-1.7005e-05,-1.7928e-05,4.9233e-06,4.3639e-06,-2.2853e-05,-3.661e-05,-2.1914e-05,-1.4785e-05,-1.0199e-05,-2.1245e-05,-4.7854e-07,-1.73e-06,6.57e-07,7.6523e-07,-0.00010431,-2.1066e-05,-3.0686e-05,4.1057e-06,-2.2985e-05,-2.4402e-06,-3.1883e-05,-2.0748e-05,-1.4797e-05,-1.2036e-05,-1.5912e-05,1.2212e-06,-8.8153e-06,-1.4007e-05,-7.3432e-06,-1.483e-06,-7.6824e-05,-7.1877e-06,-3.8128e-06,-2.8529e-05,-3.2676e-06,-5.366e-06,3.2318e-06,-0.00012112,-4.8053e-06,-0.21571,-2.3842e-05,-2.315e-05
-1.7995e-05,-2.3732e-05,-4.3823e-05,-9.4034e-05,-6.7967e-06,-6.7241e-07,-8.3216e-07,9.9016e-10,-6.0571e-05,-6.4319e-06,-6.7918e-06,-2.3282e-06,-2.0816e-05,-6.9724e-06,1.2382e-05,-1.3067e-05,-2.9259e-05,-8.9714e-06,1.1795e-05,4.4316e-06,-2.3391e-05,3.6521e-06,-5.9534e-06,-5.8634e-06,-2.2524e-05,-6.6053e-06,3.6664e-06,-8.947e-07,6.3366e-06,4.6466e-07,-1.9338e-05,-2.874e-05,-3.5744e-05,-1.0311e-05,2.7635e-06,1.0994e-05,-1.5291e-05,-2.256e-05,-0.002526,-3.0899e-05,1.5441e-05,-1.7332e-05,-2.4655e-05,-1.7484e-05,-2.2685e-05,7.8326e-06,7.8344e-06,-3.4562e-05,-3.9821e-05,-2.8494e-05,-1.6895e-05,-8.6487e-06,-2.6759e-05,-2.2589e-06,-4.5104e-06,3.8115e-06,-4.2448e-06,-7.7618e-05,-1.9713e-05,-3.9052e-05,6.1694e-06,-2.9553e-05,-3.1458e-06,-3.5173e-05,-2.6312e-05,-1.8268e-05,-1.5009e-05,-1.9751e-05,1.5247e-06,-8.2466e-06,-1.8801e-05,-9.221e-06,-7.5284e-07,-7.1854e-05,-6.6308e-06,-2.3007e-06,-2.7445e-05,-2.7366e-06,-5.5799e-06,4.4763e-06,-0.00010368,-5.7124e-06,-0.22514,-3.0387e-05,-2.9424e-05
-9.9649e-06,-8.0739e-06,-2.2499e-05,-2.4337e-05,3.4111e-06,5.2323e-05,1.6516e-06,1.2442e-05,1.2389e-09,-6.2372e-06,3.8072e-06,2.8023e-05,6.0223e-06,1.0447e-06,2.1228e-05,-2.1563e-06,-4.9109e-06,-2.3138e-06,2.5773e-05,9.7318e-06,-1.8207e-05,1.0173e-05,-2.8578e-06,1.8641e-05,-1.2254e-05,-3.1006e-06,6.9078e-06,1.6656e-05,1.7892e-05,2.9124e-05,-5.6205e-06,3.726e-06,-1.4597e-05,1.6062e-05,-6.3855e-07,3.0514e-05,-9.7515e-06,2.6061e-06,-5.1603e-05,-1.4485e-05,5.0646e-05,4.0443e-05,0.00028014,6.47e-06,-7.5752e-06,6.2151e-06,9.0067e-06,-1.1479e-05,7.9988e-06,8.9998e-06,-5.2896e-06,-6.8046e-06,6.2323e-05,9.1269e-06,6.7803e-06,5.7661e-06,9.6299e-06,-1.7496e-05,-4.4129e-06,-2.7765e-05,1.6515e-05,-1.5396e-05,1.1563e-06,-9.2298e-06,-7.5539e-06,-9.3389e-06,-8.1808e-06,-5.2303e-06,2.4169e-05,2.1402e-06,-1.3149e-05,-7.219e-07,-3.162e-06,-1.6936e-05,-4.9153e-06,1.8157e-05,-7.5597e-06,-9.1779e-07,-4.5194e-06,5.1994e-06,-2.3448e-05,5.6179e-07,-0.15984,-8.8835e-06,-1.2288e-05
-0.00011887,-0.0001678,-0.00033097,-0.0012931,-4.5824e-05,2.0581e-06,7.3321e-07,0.00010853,-0.00073424,9.8681e-10,-3.973e-05,1.9654e-05,-0.00015831,-3.6093e-05,0.00011973,-8.7572e-05,-0.00022309,-5.7053e-05,0.00010503,3.7786e-05,-0.00017277,4.4685e-05,-3.6222e-05,-4.2604e-05,-0.00016505,-4.3199e-05,4.2147e-05,2.3409e-05,7.4552e-05,2.9735e-05,-0.00014793,-0.0002085,-0.00027171,-7.2905e-05,4.2539e-05,0.00011819,-9.9956e-05,-0.00015795,-0.079698,-0.0002271,0.00016643,-0.00013843,-0.00020936,-0.00012002,-0.00015988,7.443e-05,7.1419e-05,-0.000248,-0.00036309,-0.00027005,-0.00011048,-5.1683e-05,-0.00024804,4.1463e-06,-1.2545e-05,2.7475e-05,-9.6574e-06,-0.0010074,-0.00015221,-0.00030081,6.1524e-05,-0.00021013,-1.0276e-05,-0.00026914,-0.00019672,-0.00013352,-0.00010083,-0.00013149,2.2904e-05,-6.0619e-05,-0.00013278,-5.4847e-05,-5.0546e-06,-0.0008332,-4.3787e-05,1.3047e-05,-0.00019848,-7.5892e-06,-2.9699e-05,4.0592e-05,-0.0015118,-3.5327e-05,-0.22641,-0.00022937,-0.0002135
-4.8991e-05,-6.045e-05,-9.4607e-05,-0.0001727,-1.0239e-05,1.144e-05,-2.9458e-06,2.6161e-05,-0.00011623,-2.3588e-05,1.243e-09,3.9871e-06,-4.1498e-05,-1.8683e-05,3.6861e-05,-2.4232e-05,-6.6235e-05,-2.5087e-05,5.4824e-05,8.1328e-06,-5.314e-05,1.2875e-05,-1.4282e-05,6.0615e-07,-5.9767e-05,-1.5937e-05,9.4563e-06,9.5848e-06,2.6312e-05,1.0656e-05,-3.4584e-05,-5.3214e-05,-7.3996e-05,-8.5199e-06,2.8434e-06,3.6862e-05,-3.8803e-05,-4.7891e-05,-0.00051818,-6.8433e-05,4.9623e-05,-2.7168e-05,-3.4115e-05,-3.7503e-05,-5.0305e-05,1.8661e-05,2.1009e-05,-7.1109e-05,-8.7622e-05,-5.2563e-05,-4.7337e-05,-3.1296e-05,-3.7553e-05,3.9243e-06,5.2644e-07,5.1628e-06,1.8953e-06,-0.00016406,-5.7941e-05,-8.8584e-05,1.5311e-05,-7.4216e-05,-6.7944e-06,-8.0207e-05,-5.1173e-05,-4.4792e-05,-4.4225e-05,-5.0923e-05,1.0896e-05,-2.3939e-05,-4.6127e-05,-2.4171e-05,1.8446e-06,-0.00016947,-1.8008e-05,3.274e-07,-5.4994e-05,-7.7766e-06,-1.821e-05,1.4059e-05,-0.00018181,-1.1271e-05,-0.18634,-7.2249e-05,-6.6101e-05
-0.00010139,-0.00013225,-0.00022208,-0.0003915,-1.3287e-05,6.4785e-05,-1.1075e-05,5.0176e-05,-0.00012401,-7.1543e-05,-3.1536e-05,9.4933e-10,-8.5497e-05,-2.4073e-05,8.2275e-05,-1.5357e-05,-0.00010185,-4.1594e-05,0.00012141,2.9532e-05,-0.00015737,5.2353e-05,-3.4639e-05,4.0222e-05,-0.00013082,-3.5123e-05,1.9626e-05,0.00015744,0.00010737,8.9706e-05,-4.1234e-05,-6.5726e-05,-0.00014158,4.9265e-05,-1.641e-05,0.00022325,-7.5449e-05,-6.9513e-05,-0.000989,-0.0001371,0.00031601,4.3859e-05,5.6782e-05,-2.7589e-05,-9.0231e-05,4.4979e-05,5.2311e-05,-0.00011838,-0.0001177,-7.9492e-05,-8.0708e-05,-7.1885e-05,-7.0947e-06,6.2849e-06,-7.8372e-06,1.1732e-05,4.5819e-05,-0.00035398,-0.00010293,-0.00026518,6.7909e-05,-0.00015039,1.6885e-06,-0.00014548,-9.6609e-05,-0.0001085,-9.4924e-05,-8.5594e-05,7.8109e-05,-3.1156e-05,-0.00011557,-4.5054e-05,-5.3545e-06,-0.00024626,-3.9343e-05,6.171e-05,-0.0001639,-1.5036e-05,-4.0927e-05,3.9648e-05,-0.00039769,-2.0376e-05,-0.13697,-0.00013071,-0.00012818
-5.9677e-06,-6.087e-06,-1.2056e-05,-1.0659e-05,-2.7915e-07,6.3403e-06,-4.0609e-07,5.874e-06,-6.956e-06,-1.6317e-06,1.1287e-06,4.1486e-06,8.4396e-10,-7.8615e-07,8.5458e-06,-3.4118e-06,-5.7506e-06,-2.8269e-06,9.7162e-06,2.9207e-06,-8.4423e-06,2.4039e-06,-2.0767e-06,4.465e-06,-6.6286e-06,-1.7449e-06,2.3151e-06,3.8632e-06,5.2622e-06,4.6118e-06,-3.1401e-06,-3.9783e-06,-9.2278e-06,1.5726e-06,6.4515e-07,1.0114e-05,-4.2232e-06,-2.1224e-06,-2.545e-05,-8.7984e-06,1.1399e-05,3.007e-06,1.7608e-06,-7.8176e-07,-5.3606e-06,3.1004e-06,3.3751e-06,-8.3336e-06,-4.3885e-06,-4.4133e-06,-3.4721e-06,-2.2036e-06,-2.8708e-06,2.4118e-06,1.4138e-06,1.9663e-06,6.0793e-07,-8.2114e-06,-3.7591e-06,-8.6564e-06,4.4415e-06,-7.9962e-06,-7.4602e-07,-6.0297e-06,-5.5684e-06,-5.774e-06,-4.4479e-06,-5.0088e-06,4.2327e-06,-8.9835e-07,-6.8827e-06,-1.8948e-06,-6.1901e-07,-1.3833e-05,-2.0241e-06,4.0849e-06,-4.7323e-06,-3.6761e-07,-1.4475e-06,2.0466e-06,-1.2349e-05,-1.0778e-06,-0.13737,-6.289e-06,-7.7976e-06
-1.6865e-05,-2.2025e-05,-4.1491e-05,-9.6185e-05,-8.6933e-06,-8.8171e-06,-2.6356e-06,8.3499e-06,-6.39e-05,-1.4454e-05,-1.1473e-05,9.5976e-07,-2.7712e-05,1.2508e-09,9.9713e-06,-1.3123e-05,-2.37e-05,-8.7039e-06,1.5226e-05,8.6928e-06,-2.8378e-05,1.1318e-05,-7.7562e-06,-8.1072e-06,-2.6424e-05,-8.8248e-06,2.1819e-06,4.3204e-07,7.7673e-06,-8.4145e-07,-2.0806e-05,-2.7494e-05,-3.8574e-05,-1.1443e-05,-6.3338e-06,1.449e-05,-1.6845e-05,-1.9188e-05,-0.002331,-3.4262e-05,1.9769e-05,-1.0221e-05,-9.3274e-06,-2.0746e-05,-2.3223e-05,6.408e-06,5.6344e-06,-2.5581e-05,-4.1863e-05,-3.0235e-05,-1.3347e-05,-1.2496e-05,-2.1819e-05,2.2977e-06,5.0415e-07,3.6509e-06,5.3526e-06,-0.00010298,-1.9966e-05,-3.6065e-05,4.33e-06,-2.5694e-05,-3.3355e-06,-3.5936e-05,-2.8481e-05,-2.1682e-05,-1.6957e-05,-1.6016e-05,3.0023e-08,-7.1618e-06,-2.2091e-05,-2.7736e-06,-5.1402e-06,-6.9898e-05,-1.0113e-05,3.5169e-07,-4.1194e-05,-3.6645e-06,-7.8921e-06,3.8715e-06,-0.0001179,-7.3457e-06,-0.23521,-2.5679e-05,-2.9191e-05
-6.5551e-05,-8.1854e-05,-0.00014103,-0.00025381,-2.2485e-05,-3.4194e-06,-4.4305e-06,3.8695e-05,-0.00016897,-2.8302e-05,-1.6124e-05,-1.4168e-06,-6.0711e-05,-2.6719e-05,1.2396e-09,-4.3987e-05,-9.5915e-05,-3.4677e-05,5.1654e-05,8.3722e-06,-8.6055e-05,1.426e-05,-2.3762e-05,-2.0225e-05,-8.2938e-05,-2.8263e-05,1.3822e-05,3.2574e-06,2.8136e-05,5.2129e-06,-7.1839e-05,-8.8008e-05,-0.00012514,-3.6603e-05,2.7666e-06,5.1889e-05,-5.3853e-05,-6.8813e-05,-0.00078558,-0.00011102,5.6366e-05,-5.0659e-05,-6.6417e-05,-5.5399e-05,-8.1379e-05,2.4106e-05,2.5433e-05,-0.00011211,-0.00012242,-0.00010702,-5.9193e-05,-3.6999e-05,-8.6716e-05,6.8027e-06,5.2012e-09,8.6212e-06,-9.6233e-06,-0.00023191,-7.7798e-05,-0.00012711,1.8215e-05,-0.00010416,-1.3727e-05,-0.00011136,-8.5477e-05,-6.7359e-05,-5.443e-05,-7.3126e-05,1.9259e-06,-3.7272e-05,-6.7727e-05,-3.3315e-05,-6.9444e-06,-0.00023754,-2.6707e-05,-9.8892e-07,-8.2977e-05,-1.328e-05,-2.368e-05,1.4509e-05,-0.0002825,-2.2009e-05,-0.20749,-0.0001032,-0.00010618
-1.5024e-05,-2.133e-05,-3.1542e-05,-9.6762e-05,-3.9633e-06,1.8887e-06,-9.7223e-08,4.3787e-06,-5.1089e-05,-1.2264e-05,-7.5049e-06,4.8927e-06,-2.5131e-05,-6.4008e-06,6.4716e-06,9.7424e-10,-2.1156e-05,-7.8347e-06,1.2074e-05,9.8528e-07,-1.9179e-05,5.0843e-06,-4.2817e-06,-1.5961e-06,-2.2903e-05,-7.3503e-06,2.4084e-06,5.1135e-06,9.6765e-06,3.7266e-06,-1.0634e-05,-1.7191e-05,-2.2208e-05,-2.9573e-06,-2.2532e-06,1.1285e-05,-1.0467e-05,-1.8743e-05,-0.029301,-2.2515e-05,2.0478e-05,-5.5903e-06,-9.3444e-06,-1.4518e-05,-1.7016e-05,5.9779e-06,5.5245e-06,-2.1104e-05,-3.3973e-05,-1.3973e-05,-1.6131e-05,-1.2668e-05,-9.2813e-06,-2.9254e-07,-1.8365e-06,-1.4603e-08,4.4533e-06,-0.00012092,-2.2324e-05,-3.8185e-05,5.0168e-06,-2.3607e-05,-1.3317e-06,-3.1755e-05,-1.7814e-05,-1.6091e-05,-1.5893e-05,-1.5466e-05,4.4321e-06,-9.855e-06,-1.6911e-05,-8.4144e-06,9.9559e-08,-6.3609e-05,-7.4828e-06,-1.9788e-07,-2.9785e-05,-2.9278e-06,-5.6514e-06,5.1544e-06,-0.00010153,-1.1852e-06,-0.18607,-2.3402e-05,-2.2484e-05
-7.1961e-05,-8.9994e-05,-0.00018253,-0.00035249,-1.0212e-05,5.226e-05,-2.973e-06,6.3556e-05,-0.00017808,-6.9991e-05,-2.3674e-05,7.7778e-05,-6.5619e-05,1.7508e-05,9.7278e-05,-3.2005e-05,1.4001e-09,-3.0217e-05,0.0001293,7.4016e-05,-0.00013983,7.6857e-05,-2.9473e-05,4.5506e-05,-0.00012823,-3.2475e-05,1.9486e-05,5.9103e-05,9.2044e-05,5.2029e-05,-2.868e-05,-6.1325e-05,-0.00013587,2.5285e-05,-2.6806e-05,0.00015109,-7.1917e-05,-4.8948e-05,-0.0014157,-0.00014196,0.00018875,4.0286e-05,5.3563e-05,-4.0625e-05,-7.9046e-05,4.2199e-05,4.808e-05,-8.5584e-05,-0.00012509,-8.1373e-05,-4.3561e-05,-5.4337e-05,-2.2574e-05,4.8725e-05,3.5205e-05,3.6495e-05,6.0677e-05,-0.00037291,-5.9389e-05,-0.00017642,5.9784e-05,-0.00010367,-2.0947e-06,-0.00013724,-0.00011595,-9.0421e-05,-6.9065e-05,-5.7833e-05,5.6122e-05,-1.0347e-05,-0.00010305,6.2222e-06,-2.1503e-05,-0.00027304,-4.0567e-05,8.3572e-05,-0.00016994,-8.6357e-06,-2.6443e-05,3.6825e-05,-0.00040433,-1.4382e-05,-0.17962,-8.5692e-05,-0.00011082
-6.4293e-06,-8.5828e-06,-1.6232e-05,-3.8338e-05,-3.407e-06,-3.2045e-06,-2.5051e-07,3.1716e-06,-2.2926e-05,-4.4061e-06,-4.027e-06,2.8274e-07,-1.1154e-05,-1.9186e-06,3.3783e-06,-3.9448e-06,-1.0136e-05,1.1697e-09,4.7327e-06,1.2679e-06,-9.3929e-06,2.5325e-06,-2.6075e-06,-3.3648e-06,-1.0041e-05,-3.1948e-06,1.2564e-06,-4.3661e-07,2.0829e-06,-8.752e-07,-8.1092e-06,-1.0287e-05,-1.4091e-05,-4.6235e-06,-9.0209e-07,4.0056e-06,-6.0588e-06,-8.7735e-06,-0.025403,-1.2749e-05,6.2005e-06,-5.5773e-06,-7.4826e-06,-8.0393e-06,-8.8493e-06,2.337e-06,3.2271e-06,-1.1011e-05,-1.6294e-05,-1.1048e-05,-6.1611e-06,-4.3799e-06,-1.0893e-05,-3.1173e-07,-9.1512e-07,1.0839e-06,3.517e-07,-3.8662e-05,-9.1511e-06,-1.5069e-05,1.6541e-06,-1.0052e-05,-1.0166e-06,-1.3907e-05,-1.0772e-05,-7.3504e-06,-6.0808e-06,-6.5832e-06,1.742e-07,-3.6587e-06,-7.2355e-06,-2.3667e-06,8.2676e-08,-3.0179e-05,-2.4782e-06,-9.5545e-07,-1.3705e-05,-1.2403e-06,-2.5919e-06,2.2294e-06,-4.4878e-05,-2.0178e-06,-0.25772,-1.0872e-05,-1.1416e-05
-4.851e-05,-6.4622e-05,-9.1249e-05,-0.00017589,-1.207e-05,-2.7579e-06,-6.2983e-06,1.7483e-05,-0.00012001,-3.4235e-05,-4.2832e-06,3.6307e-06,-4.7606e-05,-1.6928e-05,2.8382e-05,-2.3369e-05,-6.5391e-05,-2.5904e-05,1.3268e-09,8.7976e-06,-5.0317e-05,1.524e-05,-1.671e-05,-6.8911e-06,-6.3517e-05,-2.1152e-05,2.2249e-06,6.9396e-06,2.862e-05,8.9234e-06,-2.4845e-05,-5.5202e-05,-7.2041e-05,-1.3666e-05,-8.2311e-06,3.9e-05,-3.4295e-05,-4.9756e-05,-0.00051793,-7.0614e-05,4.7638e-05,-2.5035e-05,-2.6779e-05,-4.7023e-05,-5.5182e-05,1.6743e-05,1.4006e-05,-6.4953e-05,-8.6647e-05,-4.8357e-05,-4.5324e-05,-3.7703e-05,-2.1233e-05,1.2658e-06,-2.6958e-06,2.9267e-06,2.5605e-06,-0.00018151,-6.062e-05,-8.2183e-05,1.1679e-05,-6.9716e-05,-8.2919e-06,-8.9596e-05,-5.6007e-05,-4.419e-05,-4.7994e-05,-5.1959e-05,5.6223e-06,-2.1193e-05,-4.7347e-05,-2.3288e-05,-1.0075e-06,-0.00016461,-2.3133e-05,6.3558e-07,-6.0845e-05,-1.1384e-05,-2.199e-05,1.5008e-05,-0.00018076,-1.3311e-05,-0.19046,-6.7042e-05,-6.5909e-05
-2.4127e-05,-3.0907e-05,-5.9008e-05,-0.00012995,-1.0602e-05,-9.0392e-06,-1.4134e-06,1.6906e-05,-8.7931e-05,-1.9353e-05,-1.2836e-05,3.3351e-07,-3.735e-05,-1.5825e-06,1.6655e-05,-1.8676e-05,-3.4376e-05,-1.2856e-05,2.4213e-05,1.2383e-09,-3.7646e-05,1.4846e-05,-9.6859e-06,-7.3986e-06,-3.7348e-05,-1.1849e-05,4.0319e-06,2.3319e-07,1.3786e-05,-4.9925e-08,-2.7812e-05,-3.6986e-05,-5.3023e-05,-1.1107e-05,-6.7343e-06,2.0728e-05,-2.5049e-05,-2.8647e-05,-0.0014256,-4.7034e-05,2.7817e-05,-1.6411e-05,-1.4361e-05,-2.7904e-05,-3.072e-05,9.3387e-06,9.8943e-06,-3.6403e-05,-6.054e-05,-3.8426e-05,-2.1513e-05,-1.7591e-05,-2.9588e-05,4.6411e-06,1.8326e-06,4.2036e-06,5.5895e-06,-0.00013722,-2.7419e-05,-5.0411e-05,8.0096e-06,-3.7884e-05,-4.2849e-06,-5.0948e-05,-4.0327e-05,-2.8727e-05,-2.3552e-05,-2.4156e-05,3.1551e-06,-8.5592e-06,-3.0615e-05,-4.9549e-06,-5.2607e-06,-9.699e-05,-1.3958e-05,-1.2721e-06,-5.1561e-05,-4.4482e-06,-8.7586e-06,6.3579e-06,-0.00016012,-8.9406e-06,-0.21571,-3.8499e-05,-4.1904e-05
-9.3004e-06,-1.3057e-05,-1.9436e-05,-4.989e-05,-3.5459e-06,-3.821e-06,-5.969e-07,3.0009e-06,-3.3316e-05,-6.123e-06,-4.2574e-06,-1.7928e-06,-1.4789e-05,-4.3322e-06,3.2656e-06,-5.0342e-06,-1.4826e-05,-5.2977e-06,7.0627e-06,3.7531e-07,1.0776e-09,2.6721e-06,-2.7797e-06,-4.196e-06,-1.2471e-05,-4.0974e-06,7.6081e-07,-4.5639e-07,3.3457e-06,-8.6715e-07,-8.9217e-06,-1.3143e-05,-1.5816e-05,-4.8171e-06,-6.6236e-07,2.9907e-06,-7.8864e-06,-1.2601e-05,-0.011994,-1.4727e-05,6.0544e-06,-9.8033e-06,-1.2839e-05,-1.0845e-05,-1.1375e-05,3.3381e-06,2.8195e-06,-1.4684e-05,-2.286e-05,-1.2831e-05,-9.342e-06,-6.9372e-06,-1.2433e-05,-1.2358e-06,-1.8048e-06,-5.1671e-08,4.1449e-07,-5.1016e-05,-1.3309e-05,-1.9772e-05,1.6009e-06,-1.4692e-05,-1.7506e-06,-1.9974e-05,-1.1856e-05,-8.9573e-06,-9.1956e-06,-1.0357e-05,-1.0319e-09,-5.7453e-06,-9.1629e-06,-5.0424e-06,-2.3294e-07,-3.9383e-05,-4.2898e-06,-2.7499e-06,-1.6317e-05,-1.8762e-06,-3.6539e-06,2.3558e-06,-5.3316e-05,-3.1736e-06,-0.22551,-1.5347e-05,-1.4113e-05
-0.00012283,-0.00017343,-0.00030364,-0.0014528,-5.4119e-05,-8.7376e-05,-1.4799e-05,5.0302e-05,-0.0007746,-0.00011467,-8.2031e-05,4.5475e-06,-0.00028272,-1.4454e-05,7.0146e-05,-8.5981e-05,-0.00020553,-6.972e-05,0.00010569,5.1384e-05,-0.00018163,8.9438e-10,-4.9928e-05,-6.0764e-05,-0.00020833,-5.8678e-05,1.4914e-05,4.0332e-06,7.0305e-05,-1.3178e-05,-0.00015951,-0.00021524,-0.00028453,-6.985e-05,-4.109e-05,8.378e-05,-0.00011846,-0.00017152,-0.18271,-0.00024643,0.00014646,-0.00013233,-0.00014603,-0.00016683,-0.00017015,4.9893e-05,3.9686e-05,-0.00018153,-0.00042132,-0.00022335,-0.00011627,-0.00010065,-0.00021901,2.1162e-05,9.3809e-06,1.8877e-05,3.9627e-05,-0.0016496,-0.00017803,-0.00027091,2.4546e-05,-0.0001949,-1.4829e-05,-0.00030244,-0.00020041,-0.00015165,-0.00013483,-0.00012165,7.078e-06,-5.962e-05,-0.00014727,-1.9467e-05,-3.1978e-05,-0.00080764,-7.2201e-05,-4.3945e-07,-0.00031528,-2.073e-05,-5.3525e-05,3.4113e-05,-0.0020014,-4.9724e-05,-0.21401,-0.00021096,-0.00021675
-1.8522e-05,-2.7171e-05,-4.3794e-05,-0.00015432,-7.5346e-06,-7.741e-06,-1.2187e-06,7.143e-06,-8.5828e-05,-1.2199e-05,-1.0559e-05,-2.1798e-06,-3.3585e-05,-8.119e-06,7.751e-06,-1.0412e-05,-3.1712e-05,-1.1179e-05,1.1203e-05,1.4609e-06,-2.3411e-05,5.2625e-06,8.5245e-10,-1.0541e-05,-2.7098e-05,-8.932e-06,2.2544e-06,-7.712e-07,6.5461e-06,-5.4737e-07,-2.0393e-05,-2.9893e-05,-3.5869e-05,-1.2636e-05,-1.2844e-06,8.1141e-06,-1.6799e-05,-2.6173e-05,-0.11713,-3.2181e-05,1.5139e-05,-1.9881e-05,-2.541e-05,-2.2594e-05,-2.4959e-05,6.989e-06,5.8199e-06,-3.1722e-05,-5.1712e-05,-2.9992e-05,-1.9468e-05,-1.3337e-05,-2.6511e-05,-2.0213e-06,-3.6683e-06,3.2329e-07,7.8623e-07,-0.00015114,-2.7634e-05,-4.3435e-05,3.4942e-06,-2.8903e-05,-2.3736e-06,-4.2723e-05,-2.6439e-05,-2.0325e-05,-1.9145e-05,-2.0318e-05,-9.9957e-07,-1.1676e-05,-2.0219e-05,-9.8556e-06,-1.606e-06,-0.00010237,-9.5892e-06,-5.1705e-06,-3.7993e-05,-3.9148e-06,-5.9771e-06,4.6469e-06,-0.00016937,-6.7647e-06,-0.21599,-3.3311e-05,-3.1222e-05
-9.981e-06,-1.1993e-05,-2.0157e-05,-2.9126e-05,9.1413e-07,1.3336e-05,3.4213e-07,7.8137e-06,-1.4952e-05,-7.5515e-06,1.0096e-06,8.49e-06,-4.0512e-06,-2.7672e-06,9.9862e-06,-1.5355e-06,-9.9217e-06,-4.943e-06,1.5e-05,4.6616e-06,-1.3274e-05,5.2019e-06,-3.3598e-06,1.1781e-09,-1.3567e-05,-2.2564e-06,3.5926e-06,8.0643e-06,1.0833e-05,8.3672e-06,-1.9768e-06,-1.2653e-06,-1.4927e-05,9.873e-06,-3.1683e-07,1.58e-05,-8.2347e-06,-7.6323e-06,-7.4293e-05,-1.21e-05,2.2386e-05,7.4607e-06,7.7286e-06,-1.0782e-06,-8.6622e-06,5.2433e-06,6.3886e-06,-1.2304e-05,-9.3698e-06,-2.3678e-06,-8.2153e-06,-6.8978e-06,2.0659e-06,3.0788e-06,1.989e-06,2.4287e-06,4.9916e-06,-2.7553e-05,-1.0343e-05,-2.3041e-05,8.9509e-06,-1.567e-05,2.0899e-07,-1.1608e-05,-6.7504e-06,-1.0241e-05,-9.2866e-06,-9.6921e-06,1.3051e-05,-3.5203e-06,-1.0735e-05,-4.1879e-06,9.0726e-07,-2.5891e-05,-3.1321e-06,5.4961e-06,-1.3802e-05,-9.5851e-07,-2.9392e-06,5.0674e-06,-2.9068e-05,-8.2061e-07,-0.097972,-1.2839e-05,-1.2321e-05
-0.00013073,-0.0001724,-0.00030192,-0.001007,-5.7319e-05,-1.8983e-05,-1.325e-05,7.193e-05,-0.00054146,-7.4932e-05,-6.2427e-05,1.6829e-05,-0.00018327,-3.4698e-05,8.4487e-05,-9.198e-05,-0.00020525,-7.4918e-05,9.899e-05,3.2229e-05,-0.00017509,4.4062e-05,-4.96e-05,-4.2441e-05,1.1944e-09,-5.0785e-05,2.6012e-05,2.3902e-05,5.878e-05,-1.1777e-06,-0.00013495,-0.00020049,-0.00025248,-5.9049e-05,-2.4877e-06,0.00010998,-0.00010718,-0.00014,-0.036446,-0.00022205,0.00014968,-9.2678e-05,-0.00013359,-0.00012395,-0.00016486,5.2455e-05,4.3353e-05,-0.00021675,-0.00030609,-0.00021854,-0.00010948,-7.8996e-05,-0.00018759,-7.5962e-06,-2.1412e-05,1.5715e-05,1.0271e-05,-0.0009261,-0.00016421,-0.00029775,3.9503e-05,-0.00021046,-2.1964e-05,-0.00026727,-0.00018141,-0.00013919,-0.00012177,-0.00013574,1.2605e-05,-6.666e-05,-0.00013703,-5.6971e-05,-1.9598e-05,-0.00065064,-6.5829e-05,4.1937e-06,-0.00023742,-2.3555e-05,-4.9856e-05,2.476e-05,-0.0011084,-4.9457e-05,-0.17094,-0.00021141,-0.0002129
-1.3939e-05,-1.8686e-05,-2.9854e-05,-7.0632e-05,-5.5377e-06,-3.7669e-06,-1.6201e-06,5.8874e-06,-4.5467e-05,-8.4926e-06,-6.4784e-06,-2.6898e-07,-1.9691e-05,-5.4377e-06,5.9863e-06,-8.7526e-06,-2.1221e-05,-7.815e-06,8.5721e-06,1.1191e-06,-1.7575e-05,3.8694e-06,-5.1298e-06,-4.6415e-06,-1.801e-05,8.2101e-10,1.503e-06,7.1286e-07,5.8745e-06,4.3386e-07,-1.3086e-05,-1.8463e-05,-2.458e-05,-5.1101e-06,-4.5311e-07,7.3309e-06,-1.1688e-05,-1.7128e-05,-0.023495,-2.1441e-05,1.1937e-05,-1.2024e-05,-1.5367e-05,-1.4067e-05,-1.6352e-05,4.5211e-06,4.5069e-06,-2.1815e-05,-2.9263e-05,-1.8856e-05,-1.3408e-05,-9.6052e-06,-1.5636e-05,-2.0054e-06,-3.1202e-06,3.6456e-07,4.4383e-07,-6.7126e-05,-1.8135e-05,-2.9683e-05,3.2322e-06,-2.2008e-05,-2.2419e-06,-2.6655e-05,-1.807e-05,-1.45e-05,-1.3413e-05,-1.4761e-05,1.2218e-06,-8.0237e-06,-1.3913e-05,-6.6131e-06,-1.4865e-06,-5.2699e-05,-6.8656e-06,-2.3046e-06,-2.4074e-05,-3.1876e-06,-5.8002e-06,2.9318e-06,-7.3074e-05,-4.6635e-06,-0.21031,-2.1856e-05,-2.1392e-05
-1.4412e-05,-1.9626e-05,-3.382e-05,-7.9811e-05,-6.2582e-06,-6.0042e-06,6.7038e-07,5.6421e-06,-4.944e-05,-8.1325e-06,-7.7372e-06,-2.8127e-06,-2.1573e-05,-6.7307e-06,6.4597e-06,-8.7509e-06,-2.5159e-05,-7.7748e-06,6.8051e-06,4.8433e-08,-1.8685e-05,2.5591e-06,-5.1679e-06,-7.3663e-06,-1.9178e-05,-6.7067e-06,1.1234e-09,-1.9135e-06,3.826e-06,-1.8324e-06,-1.7056e-05,-2.2709e-05,-2.8978e-05,-9.4166e-06,-2.4009e-07,6.0029e-06,-1.29e-05,-1.964e-05,-0.047702,-2.4376e-05,9.5912e-06,-1.4408e-05,-1.9497e-05,-1.6872e-05,-1.885e-05,5.125e-06,4.1421e-06,-2.5178e-05,-3.272e-05,-2.3897e-05,-1.4958e-05,-9.6492e-06,-2.4799e-05,-1.7963e-06,-2.9144e-06,1.9888e-07,-8.7475e-07,-7.5402e-05,-2.1084e-05,-3.2338e-05,2.7547e-06,-2.3543e-05,-2.7257e-06,-2.9877e-05,-2.0308e-05,-1.5216e-05,-1.2405e-05,-1.6313e-05,-8.8856e-07,-9.4021e-06,-1.3907e-05,-8.4036e-06,-1.2773e-06,-6.13e-05,-7.1117e-06,-4.6388e-06,-2.7154e-05,-2.8165e-06,-5.4206e-06,2.8318e-06,-8.9094e-05,-4.7329e-06,-0.23328,-2.4518e-05,-2.3753e-05
-8.9238e-05,-0.000116,-0.0001706,-0.00033559,-1.45e-05,4.9039e-05,-1.2555e-05,4.0235e-05,-0.00016886,-5.5422e-05,-1.9439e-05,0.00011794,-7.5169e-05,-2.7953e-05,6.4412e-05,-1.696e-05,-0.00010103,-5.0413e-05,9.5086e-05,1.647e-05,-0.00011506,3.4997e-05,-2.683e-05,2.4203e-05,-0.00010335,-2.7392e-05,1.3311e-05,9.1867e-10,8.2763e-05,5.0571e-05,-3.7387e-05,-6.0614e-05,-0.00011507,3.5877e-05,-3.5379e-06,0.0001797,-5.7257e-05,-6.4831e-05,-0.0011619,-0.00011404,0.000232,1.1784e-05,-1.6358e-05,-4.0142e-05,-8.3985e-05,4.2475e-05,3.5183e-05,-0.00011092,-0.00012092,-7.6486e-05,-8.2874e-05,-5.9496e-05,-1.5721e-05,-3.1431e-06,-1.3435e-05,6.9528e-06,2.6802e-05,-0.00031019,-0.00010065,-0.00020076,5.1021e-05,-0.00013744,-2.1968e-06,-0.00013185,-7.5645e-05,-8.4107e-05,-8.983e-05,-8.5263e-05,5.3736e-05,-3.6141e-05,-9.6551e-05,-4.3238e-05,-5.1227e-06,-0.00019901,-3.5947e-05,3.1483e-05,-0.00012173,-9.2045e-06,-3.0609e-05,2.9802e-05,-0.00031047,-2.5008e-05,-0.14291,-0.00011609,-0.00010607
-0.00010525,-0.00014632,-0.00022899,-0.00072293,-2.9783e-05,-5.3885e-06,-1.3469e-05,3.521e-05,-0.00039774,-7.5316e-05,-4.3224e-05,2.6231e-05,-0.00015598,-4.6355e-05,5.5424e-05,-4.4769e-05,-0.00015453,-7.0673e-05,9.0965e-05,1.3554e-05,-0.00013299,3.2083e-05,-4.0558e-05,-1.7074e-05,-0.00015136,-4.1179e-05,7.7366e-06,3.2031e-05,8.3169e-10,1.4187e-05,-6.9914e-05,-0.00012478,-0.00016274,-1.6766e-05,-1.511e-05,9.2248e-05,-8.6323e-05,-0.00011748,-0.032233,-0.00012289,0.00013936,-8.9675e-05,-0.00010092,-9.0642e-05,-9.1479e-05,4.3352e-05,3.1535e-05,-0.0001178,-0.0002423,-0.00013819,-0.00010775,-7.9087e-05,-8.5385e-05,-7.9886e-06,-1.626e-05,7.7385e-07,1.5336e-05,-0.00073278,-0.00014614,-0.00021343,3.0566e-05,-0.00016695,-6.7798e-06,-0.00021943,-0.00012808,-0.00010162,-0.00010577,-0.00011218,1.447e-05,-6.3884e-05,-0.00011004,-5.7652e-05,-1.4188e-05,-0.00045858,-5.5305e-05,1.5114e-05,-0.00018592,-1.7123e-05,-4.5522e-05,2.3633e-05,-0.00074317,-2.992e-05,-0.14683,-0.00016457,-0.00014729
-0.00014023,-0.00017193,-0.00027392,-0.00048255,-2.7109e-06,0.00012662,-3.5123e-06,7.7758e-05,-0.00013613,-7.6992e-05,-2.0918e-05,0.00010423,-9.5713e-05,-4.7291e-05,0.00010859,-3.2881e-05,-0.00016201,-7.9512e-05,0.00015926,2.7866e-05,-0.00017626,4.1325e-05,-3.3293e-05,4.4219e-05,-0.00018391,-3.9257e-05,2.8272e-05,8.1047e-05,0.00010581,1.206e-09,-6.1293e-05,-9.0875e-05,-0.00018778,2.1954e-05,2.3556e-09,0.00017445,-0.00010511,-0.00011333,-0.00076537,-0.00018558,0.00026392,4.3821e-05,0.0001337,-5.8663e-05,-0.00012787,6.3395e-05,6.4669e-05,-0.00019543,-0.00013133,-6.2464e-05,-0.00013149,-0.00010335,7.1053e-05,1.9934e-05,2.0536e-06,1.7825e-05,3.3814e-05,-0.00041973,-0.00014319,-0.00031737,9.3976e-05,-0.00020813,-9.3216e-06,-0.00020694,-0.00014197,-0.0001364,-0.00010979,-0.00013439,0.00010218,-5.2093e-05,-0.00014065,-6.5539e-05,-4.1024e-06,-0.00030802,-5.9524e-05,2.8321e-05,-0.00018742,-1.8033e-05,-4.5466e-05,5.4065e-05,-0.00044667,-2.4422e-05,-0.13043,-0.00019297,-0.0001848
-1.0954e-05,-1.4501e-05,-2.1496e-05,-4.2396e-05,-9.5731e-07,5.6362e-06,-1.3075e-06,4.6773e-06,-3.0465e-05,-8.8201e-06,-2.7643e-06,5.8649e-06,-1.1979e-05,-3.8697e-06,5.5123e-06,-2.4868e-06,-1.0809e-05,-6.8351e-06,1.497e-05,2.2624e-06,-1.3646e-05,3.8182e-06,-3.4778e-06,3.1652e-06,-1.4887e-05,-3.7799e-06,9.2721e-07,5.9948e-06,1.0161e-05,5.1665e-06,1.1379e-09,-1.0277e-05,-1.1943e-05,2.899e-06,-1.3909e-06,1.1426e-05,-8.124e-06,-9.3788e-06,-0.00012771,-1.324e-05,1.7712e-05,-1.3511e-06,-1.9954e-06,-6.6058e-06,-9.9091e-06,4.4903e-06,3.7813e-06,-1.3218e-05,-2.0594e-05,-6.9396e-06,-1.0922e-05,-9.5813e-06,-1.331e-06,7.7242e-07,-4.1917e-07,2.4679e-06,4.9756e-06,-4.2863e-05,-1.2557e-05,-2.4267e-05,4.9388e-06,-1.6385e-05,-3.464e-07,-1.9857e-05,-1.0345e-05,-9.7078e-06,-1.1223e-05,-1.0754e-05,5.4256e-06,-3.9404e-06,-1.2135e-05,-5.6633e-06,-5.9844e-07,-2.8589e-05,-5.427e-06,4.9248e-06,-1.6834e-05,-1.8033e-06,-4.3573e-06,3.6056e-06,-4.0675e-05,-1.8833e-06,-0.1613,-1.3232e-05,-1.3077e-05
-9.9003e-05,-0.00013204,-0.00020588,-0.00034448,-3.6934e-06,0.00011555,4.1018e-06,5.8041e-05,-0.00014417,-7.7872e-05,-1.35e-05,0.00010762,-7.3041e-05,-1.8072e-05,0.00010325,-1.6726e-05,-9.35e-05,-4.9496e-05,0.00015833,5.4058e-05,-0.00014921,7.2113e-05,-3.2073e-05,0.00012,-0.00015146,-2.9144e-05,2.7563e-05,0.0001009,0.00012583,9.8223e-05,-4.5843e-05,1.0255e-09,-0.00016601,7.2996e-05,-1.4612e-05,0.0001978,-8.5618e-05,-8.1461e-05,-0.00082224,-0.00014848,0.00025518,6.824e-05,8.8869e-05,-1.8502e-05,-9.6588e-05,6.3372e-05,6.0295e-05,-0.00012182,-9.5753e-05,-3.0066e-05,-8.0118e-05,-7.262e-05,1.6389e-05,3.8133e-05,2.1434e-05,3.1942e-05,5.6552e-05,-0.00036643,-0.00010004,-0.00023124,8.3969e-05,-0.00014727,8.8727e-06,-0.00012812,-8.9849e-05,-0.00010436,-0.00010151,-8.6116e-05,0.00011383,-3.5393e-05,-0.00011675,-3.4512e-05,-8.2e-06,-0.00025622,-4.1708e-05,6.9189e-05,-0.00017482,-9.0425e-06,-2.7778e-05,4.9074e-05,-0.00034502,-1.5974e-05,-0.13206,-0.00012152,-0.00013418
-7.6348e-05,-9.8943e-05,-0.00014988,-0.00030978,-8.7343e-06,4.8367e-05,-7.6284e-06,3.5426e-05,-0.00016999,-5.4487e-05,-1.5137e-05,4.7372e-05,-7.2488e-05,-2.2432e-05,5.0531e-05,-1.1588e-05,-7.6921e-05,-4.4639e-05,9.7086e-05,2.2297e-05,-9.2691e-05,3.482e-05,-2.1158e-05,1.5111e-05,-9.9104e-05,-2.5554e-05,9.2867e-06,4.8316e-05,7.3586e-05,4.0789e-05,-1.4315e-05,-7.0571e-05,9.5467e-10,1.6489e-05,-6.0309e-06,9.0161e-05,-5.8901e-05,-6.3263e-05,-0.0028997,-9.2162e-05,0.00013914,9.0889e-06,1.6134e-06,-4.1619e-05,-6.7477e-05,3.4366e-05,2.9681e-05,-9.2545e-05,-0.00012056,-5.379e-05,-6.8493e-05,-5.8918e-05,-1.0459e-05,5.3481e-06,-2.132e-06,1.2286e-05,2.6381e-05,-0.00030416,-8.5218e-05,-0.00016415,4.0239e-05,-0.00011073,-6.1536e-07,-0.00013968,-8.552e-05,-7.4767e-05,-7.7234e-05,-7.0955e-05,4.1e-05,-2.8126e-05,-8.9234e-05,-3.115e-05,-3.6021e-06,-0.00020203,-3.6341e-05,3.0899e-05,-0.00011809,-1.0172e-05,-2.8314e-05,2.7557e-05,-0.0003223,-1.3606e-05,-0.15373,-9.2894e-05,-8.8118e-05
-1.3117e-05,-1.7245e-05,-2.4575e-05,-4.2901e-05,-4.2712e-07,1.1046e-05,-7.9116e-07,5.5338e-06,-1.9692e-05,-1.0874e-05,-1.8015e-06,1.1027e-05,-1.0703e-05,-5.3075e-06,7.4756e-06,-2.7126e-06,-1.3289e-05,-8.2642e-06,1.4573e-05,3.6482e-06,-1.6433e-05,5.3994e-06,-5.2915e-06,1.1149e-05,-1.7005e-05,-3.0432e-06,1.8672e-06,1.1359e-05,1.2609e-05,7.5819e-06,-2.7248e-06,-6.08e-06,-1.622e-05,1.1953e-09,-1.555e-06,1.5979e-05,-1.0171e-05,-1.2737e-05,-0.0001079,-1.5022e-05,2.7714e-05,4.1051e-06,2.8817e-06,-4.419e-06,-1.0713e-05,5.596e-06,4.3946e-06,-1.4269e-05,-1.5641e-05,-3.7406e-06,-1.3013e-05,-1.0401e-05,3.7364e-06,3.4493e-08,-6.8514e-07,5.9853e-07,5.6927e-06,-4.0599e-05,-1.505e-05,-2.8855e-05,9.0064e-06,-2.0408e-05,-1.1163e-07,-1.6215e-05,-8.1663e-06,-1.4155e-05,-1.4305e-05,-1.3685e-05,1.142e-05,-5.0516e-06,-1.2453e-05,-7.628e-06,2.0662e-07,-3.5366e-05,-5.8689e-06,2.7844e-06,-1.804e-05,-2.3809e-06,-5.8126e-06,4.0499e-06,-3.7703e-05,-3.377e-06,-0.099165,-1.7698e-05,-1.6285e-05
-1.0143e-05,-1.3918e-05,-2.2607e-05,-5.5383e-05,-4.3581e-06,-2.325e-06,-6.3885e-07,4.85e-06,-3.5508e-05,-2.7222e-06,-4.3158e-06,-2.4028e-06,-1.3529e-05,-6.0388e-06,4.2531e-06,-6.329e-06,-1.7672e-05,-5.8643e-06,4.0618e-06,-1.3184e-06,-1.1447e-05,2.0519e-07,-3.1627e-06,-5.4494e-06,-1.1865e-05,-3.7726e-06,1.4116e-06,-8.2388e-07,2.2904e-06,-9.1617e-07,-1.0577e-05,-1.5187e-05,-1.7613e-05,-6.1526e-06,1.0625e-09,3.547e-06,-8.0978e-06,-1.3673e-05,-0.11601,-1.5342e-05,5.7536e-06,-1.1773e-05,-1.669e-05,-1.067e-05,-1.309e-05,3.9212e-06,3.0972e-06,-1.9001e-05,-2.2783e-05,-1.5931e-05,-1.1005e-05,-5.8688e-06,-1.5119e-05,-2.8045e-06,-3.6288e-06,7.1673e-08,-2.7042e-06,-4.578e-05,-1.4304e-05,-2.2582e-05,1.9853e-06,-1.7286e-05,-1.5322e-06,-2.0147e-05,-1.3195e-05,-1.0048e-05,-9.2314e-06,-1.167e-05,-5.3992e-07,-6.6851e-06,-8.9094e-06,-7.3777e-06,-1.968e-07,-4.3279e-05,-4.1755e-06,-3.6278e-06,-1.467e-05,-2.1194e-06,-3.3658e-06,1.8537e-06,-5.5272e-05,-3.6034e-06,-0.22623,-1.8273e-05,-1.5449e-05
-8.8749e-05,-0.00010034,-0.00018414,-0.00030118,-1.3982e-05,5.8636e-05,-1.0633e-05,5.5075e-05,-0.00015942,-5.2575e-05,-1.5569e-05,0.00011163,-5.2662e-05,-1.6169e-05,9.1311e-05,-3.3173e-05,-8.969e-05,-4.2293e-05,0.00011591,3.1917e-05,-0.00013502,3.2969e-05,-3.3689e-05,2.8008e-05,-0.00010327,-3.1959e-05,2.128e-05,0.00012103,8.6544e-05,5.8007e-05,-4.8757e-05,-5.4424e-05,-0.00013304,1.3591e-05,-3.4433e-06,8.7544e-10,-7.0205e-05,-5.3717e-05,-0.00068159,-0.00013165,0.00023144,1.9298e-05,-2.3923e-05,-3.4857e-05,-9.451e-05,3.8822e-05,4.338e-05,-0.00012289,-8.4448e-05,-6.8153e-05,-7.5095e-05,-5.3421e-05,-6.2899e-05,1.2242e-05,1.7979e-06,1.3994e-05,3.2265e-05,-0.00025759,-8.2358e-05,-0.00018721,5.2665e-05,-0.00013544,-6.5361e-06,-0.00012447,-8.6613e-05,-8.983e-05,-7.2075e-05,-9.0731e-05,6.2811e-05,-2.8652e-05,-9.7225e-05,-3.4792e-05,-9.6198e-06,-0.00021196,-3.2242e-05,4.4193e-05,-0.00012685,-1.244e-05,-2.6134e-05,2.939e-05,-0.00029375,-2.9583e-05,-0.14666,-0.0001268,-0.00010994
-1.255e-05,-1.7694e-05,-3.015e-05,-8.9758e-05,-4.8115e-06,-5.0525e-06,-1.5455e-06,5.6787e-06,-5.7362e-05,-8.0011e-06,-6.8999e-06,1.1419e-06,-1.9064e-05,-4.2843e-06,7.3303e-06,-5.6703e-06,-1.9978e-05,-7.0778e-06,1.0948e-05,1.6759e-06,-1.7283e-05,4.8387e-06,-4.7099e-06,-4.9621e-06,-1.755e-05,-5.5897e-06,1.6753e-06,2.3001e-06,6.4882e-06,4.0788e-07,-1.2185e-05,-1.8996e-05,-2.4573e-05,-5.9581e-06,-1.1599e-06,8.5293e-06,1.1661e-09,-1.4978e-05,-0.010785,-2.2334e-05,1.3405e-05,-1.0652e-05,-1.5811e-05,-1.457e-05,-1.5549e-05,5.4715e-06,4.1593e-06,-2.0485e-05,-3.1792e-05,-2.0746e-05,-1.198e-05,-8.7112e-06,-1.6499e-05,-5.3492e-07,-1.8235e-06,1.3812e-06,9.7384e-07,-9.0628e-05,-1.775e-05,-2.6032e-05,3.4018e-06,-2.0748e-05,-1.7973e-06,-2.586e-05,-1.6611e-05,-1.3368e-05,-1.2177e-05,-1.3278e-05,2.911e-07,-7.4656e-06,-1.3844e-05,-5.4523e-06,-1.1484e-06,-6.0675e-05,-6.0827e-06,1.3163e-07,-2.3278e-05,-2.0027e-06,-5.1182e-06,3.4492e-06,-0.0001004,-3.1519e-06,-0.1783,-2.0236e-05,-2.0886e-05
-6.79e-05,-7.7054e-05,-0.0001466,-0.00021718,-1.0539e-05,4.7651e-05,-8.1901e-06,5.0123e-05,-0.00011382,-4.6244e-05,-1.3489e-05,5.6628e-05,-3.5069e-05,4.7139e-06,8.0194e-05,-3.555e-05,-6.8156e-05,-3.2504e-05,0.00010208,4.4829e-05,-0.00011378,5.0969e-05,-2.4687e-05,2.178e-05,-8.7078e-05,-2.6863e-05,1.9599e-05,5.0945e-05,7.1986e-05,4.069e-05,-3.7655e-05,-6.6976e-05,-0.00011961,-4.0755e-06,-1.3291e-05,0.00012014,-5.2897e-05,9.3958e-10,-0.00046144,-0.0001136,0.00014818,2.4666e-05,3.418e-05,-3.6457e-05,-6.9497e-05,3.3597e-05,3.4314e-05,-8.7896e-05,-9.2774e-05,-6.3073e-05,-4.3046e-05,-4.0682e-05,-2.255e-05,3.1143e-05,1.9879e-05,2.0697e-05,3.284e-05,-0.00020972,-5.6076e-05,-0.00013056,4.0667e-05,-9.0818e-05,-4.1643e-06,-0.00010098,-7.7483e-05,-7.7261e-05,-6.2584e-05,-5.1285e-05,4.1347e-05,-1.114e-05,-8.8953e-05,-9.2591e-06,-1.5724e-05,-0.0002002,-3.1831e-05,4.7922e-05,-0.00010975,-6.8367e-06,-2.2255e-05,2.6212e-05,-0.00024259,-1.4931e-05,-0.1523,-7.6375e-05,-9.861e-05
-7.2109e-06,-6.6634e-06,-1.2054e-05,-3.8029e-06,2.9254e-06,1.9594e-05,-1.2559e-06,9.1727e-06,4.8729e-08,-2.2096e-06,5.4711e-06,1.0883e-05,1.156e-05,6.4942e-07,1.5398e-05,-2.3735e-06,-3.7847e-06,-3.5367e-06,2.1262e-05,7.043e-06,-1.0224e-05,5.0305e-06,-1.829e-06,1.3593e-05,-7.1048e-06,-7.2722e-07,3.6223e-06,1.132e-05,1.1158e-05,1.3161e-05,1.3957e-06,1.9108e-06,-7.6686e-06,1.0244e-05,4.9413e-07,2.1287e-05,-3.9255e-06,2.616e-06,1.29e-09,-9.5507e-06,2.5458e-05,1.496e-05,1.2503e-05,4.7567e-06,-4.2266e-06,5.649e-06,5.4329e-06,-8.7139e-06,1.984e-06,2.6792e-06,-2.8072e-06,-2.0291e-06,7.1715e-06,5.8779e-06,4.4211e-06,4.1703e-06,3.0491e-06,-1.4127e-06,-1.3294e-06,-8.7929e-06,9.4118e-06,-8.9595e-06,2.6817e-07,-3.6673e-06,-3.7994e-06,-6.886e-06,-5.4739e-06,-5.6567e-06,1.2523e-05,2.0034e-06,-9.4573e-06,-1.0589e-06,-3.4714e-07,-7.0162e-06,-1.7395e-06,1.0805e-05,-1.3014e-06,5.3574e-07,-1.2117e-06,4.0955e-06,-4.0275e-06,4.9431e-07,-0.090148,-4.5941e-06,-7.148e-06
-3.0216e-05,-4.1284e-05,-6.4916e-05,-0.00014379,-6.6632e-06,4.6233e-06,-1.4312e-06,1.2517e-05,-8.331e-05,-2.1957e-05,-1.1421e-05,1.0864e-05,-3.8897e-05,-1.093e-05,1.5906e-05,-1.2327e-05,-4.0388e-05,-1.9723e-05,2.8395e-05,5.8269e-06,-4.0102e-05,1.1275e-05,-1.0688e-05,2.0803e-06,-4.1758e-05,-1.1012e-05,4.4171e-06,1.0853e-05,2.9768e-05,7.5779e-06,-1.7696e-05,-3.3241e-05,-4.4026e-05,-8.693e-07,-2.6104e-06,2.5597e-05,-2.6512e-05,-3.1994e-05,-0.0010735,1.2516e-09,4.2468e-05,-1.4741e-05,-1.5905e-05,-2.3544e-05,-2.7105e-05,1.348e-05,1.0498e-05,-3.2341e-05,-5.6606e-05,-3.0851e-05,-2.9675e-05,-2.355e-05,-1.9133e-05,-2.4124e-07,-2.8571e-06,2.7357e-06,7.714e-06,-0.00014565,-3.9199e-05,-6.9733e-05,1.2994e-05,-4.6662e-05,-9.8221e-07,-5.7546e-05,-3.4883e-05,-3.0329e-05,-3.0639e-05,-3.076e-05,1.1023e-05,-1.5668e-05,-3.1699e-05,-1.4038e-05,-2.0253e-06,-0.00010546,-1.6152e-05,4.0351e-06,-5.5284e-05,-4.5707e-06,-1.236e-05,8.3739e-06,-0.00014727,-7.9787e-06,-0.181,-4.3762e-05,-3.8023e-05
-9.5303e-05,-0.00011928,-0.00019495,-0.00033944,-9.4606e-06,9.564e-05,-8.8144e-06,5.2822e-05,-0.00010723,-6.1983e-05,-2.0014e-05,0.0001488,-7.246e-05,-2.3628e-05,7.273e-05,-8.4178e-06,-0.00010018,-4.418e-05,0.00011079,2.6397e-05,-0.00013624,4.2854e-05,-2.865e-05,4.5533e-05,-0.00011633,-2.9383e-05,2.0508e-05,0.00014155,0.00010412,8.6326e-05,-3.2526e-05,-5.3518e-05,-0.00011745,5.7375e-05,-6.0963e-06,0.00020418,-7.0798e-05,-6.2393e-05,-0.00062534,-0.00011858,9.6678e-10,5.7311e-05,4.3948e-05,-2.9366e-05,-8.0578e-05,4.6073e-05,4.5148e-05,-0.00011267,-0.00010359,-4.3021e-05,-8.3567e-05,-6.8317e-05,1.3211e-05,1.7566e-06,-1.1354e-05,1.0711e-05,4.6866e-05,-0.00029738,-0.00010029,-0.00022472,6.2349e-05,-0.00013982,5.5306e-06,-0.00013397,-8.3388e-05,-9.7017e-05,-8.8737e-05,-8.4243e-05,8.2878e-05,-3.1041e-05,-0.00010117,-4.3327e-05,-9.362e-07,-0.00019618,-3.8537e-05,4.6904e-05,-0.00013317,-1.0917e-05,-3.7413e-05,3.8054e-05,-0.0003132,-2.1584e-05,-0.13718,-0.00012761,-0.00011463
-7.0649e-06,-6.212e-06,-1.3653e-05,-1.8725e-05,-1.5968e-07,2.458e-05,-6.7176e-07,4.3386e-06,3.101e-06,-6.3134e-06,-6.7464e-07,1.0821e-05,-9.1447e-07,9.8358e-07,7.476e-06,6.6311e-07,-3.9739e-06,-2.4001e-06,1.2115e-05,4.7993e-06,-1.1788e-05,4.9117e-06,-2.3046e-06,9.9537e-06,-8.5721e-06,-2.7028e-06,2.3655e-06,8.7419e-06,7.1164e-06,1.0283e-05,-9.7653e-07,-4.8363e-07,-7.946e-06,6.9362e-06,-2.411e-06,1.5545e-05,-5.472e-06,-1.664e-06,-3.9391e-05,-1.0085e-05,2.3846e-05,1.1936e-09,2.9609e-05,1.5174e-06,-5.4699e-06,2.6076e-06,2.3634e-06,-6.707e-06,1.8331e-06,8.699e-06,-4.0644e-06,-5.2543e-06,1.3229e-05,2.8536e-06,1.472e-06,1.8631e-06,5.7758e-06,-1.8515e-05,-4.8415e-06,-1.4785e-05,9.0996e-06,-8.8359e-06,-5.0424e-08,-7.1468e-06,-5.8243e-06,-7.6649e-06,-7.2507e-06,-4.5663e-06,1.5019e-05,4.4918e-07,-9.9486e-06,-1.3896e-06,-1.263e-06,-1.2639e-05,-3.4464e-06,6.8937e-06,-1.1615e-05,-1.2827e-06,-2.6738e-06,2.5659e-06,-1.9866e-05,-9.912e-07,-0.11542,-6.1877e-06,-8.9254e-06
-1.9396e-05,-1.3852e-05,-4.0101e-05,-6.0568e-05,5.4004e-06,9.9183e-05,-1.4173e-06,1.1592e-05,0.00013895,-2.6007e-05,-1.5878e-07,5.1232e-05,-2.7042e-06,1.2327e-05,2.754e-05,1.5078e-06,-3.8019e-06,-9.5195e-06,5.1753e-05,2.7259e-05,-4.6302e-05,2.4619e-05,-8.4745e-06,4.4697e-05,-3.0836e-05,-1.0932e-05,5.8424e-06,2.7711e-05,3.2391e-05,7.0273e-05,1.3139e-06,9.5948e-06,-2.5772e-05,2.9027e-05,-1.636e-05,4.675e-05,-2.2697e-05,3.5003e-06,-0.00014747,-3.098e-05,9.1053e-05,0.00012157,1.0191e-09,9.0385e-06,-4.4106e-06,1.3418e-05,1.161e-05,-9.6221e-06,1.3556e-05,4.7916e-05,-7.3677e-06,-2.8737e-05,0.00417,1.989e-05,1.5183e-05,1.0369e-05,2.3817e-05,-7.2631e-05,-6.2474e-06,-6.2941e-05,3.9705e-05,-2.8149e-05,7.7248e-06,-1.5251e-05,-1.9153e-05,-2.6705e-05,-2.205e-05,-2.9282e-06,6.0742e-05,5.7195e-06,-3.6059e-05,-1.6091e-07,-6.3496e-06,-9.9096e-06,-1.5469e-05,3.2164e-05,-3.5171e-05,-1.6567e-06,-1.6028e-05,1.1306e-05,-7.6395e-05,2.2848e-06,-0.14943,-9.053e-06,-2.2828e-05
-7.2436e-05,-8.7664e-05,-0.00014053,-0.00021077,-1.027e-05,4.9022e-05,-1.1277e-05,4.8185e-05,-0.00010375,-4.1234e-05,-1.3244e-05,6.1846e-05,-3.5138e-05,-1.9021e-05,7.0207e-05,-2.9917e-05,-7.449e-05,-3.9896e-05,7.7257e-05,2.4461e-05,-0.00010731,3.0729e-05,-2.6788e-05,4.4719e-05,-8.8711e-05,-2.5487e-05,1.414e-05,4.9167e-05,6.6038e-05,4.8866e-05,-3.3717e-05,-4.0393e-05,-0.00010557,2.4761e-05,-5.6336e-06,0.00010572,-6.3609e-05,-5.178e-05,-0.00044608,-0.00010034,0.00014254,3.1395e-05,2.4945e-05,9.0249e-10,-6.75e-05,3.3117e-05,3.2479e-05,-8.9491e-05,-8.0279e-05,-5.2889e-05,-5.6833e-05,-4.2443e-05,-9.9861e-06,1.295e-05,3.7876e-06,1.0624e-05,1.627e-05,-0.00018964,-6.2932e-05,-0.00015225,4.4743e-05,-0.00010771,-3.655e-06,-9.1388e-05,-7.2939e-05,-7.1954e-05,-5.965e-05,-6.4362e-05,4.894e-05,-2.0775e-05,-7.9111e-05,-2.4554e-05,-7.1808e-06,-0.00018114,-2.9231e-05,4.8331e-05,-8.8098e-05,-1.1183e-05,-2.9448e-05,2.03e-05,-0.00021307,-2.2652e-05,-0.14699,-8.8692e-05,-9.6679e-05
-7.1428e-05,-8.3757e-05,-0.00015724,-0.00038367,-1.2745e-05,2.8783e-05,-2.6575e-06,4.6461e-05,-0.0001996,-4.8941e-05,-1.7157e-05,4.6951e-05,-7.1657e-05,-9.8182e-06,6.1945e-05,-2.9405e-05,-8.0081e-05,-3.6001e-05,8.6833e-05,3.9894e-05,-0.00010407,4.5854e-05,-2.5818e-05,2.2528e-05,-0.00010348,-2.4089e-05,1.7505e-05,3.8267e-05,8.7249e-05,3.783e-05,-3.9903e-05,-7.0767e-05,-0.00011597,1.2169e-05,-1.4621e-05,8.7586e-05,-5.6537e-05,-5.9718e-05,-0.0075093,-9.6167e-05,0.00013737,-3.1018e-06,2.3697e-05,-4.4647e-05,1.2923e-09,4.0171e-05,3.6111e-05,-6.3876e-05,-0.00013134,-6.6619e-05,-5.6719e-05,-4.5865e-05,-4.8021e-05,1.6545e-05,5.8813e-06,1.7146e-05,3.2434e-05,-0.00039514,-7.3029e-05,-0.0001592,4.2577e-05,-0.00010484,7.9472e-07,-0.00012818,-8.9378e-05,-7.3669e-05,-6.3838e-05,-6.1758e-05,3.8437e-05,-2.3119e-05,-8.4228e-05,-1.8244e-05,-1.2119e-05,-0.00026736,-3.514e-05,3.8651e-05,-0.00012891,-7.3203e-07,-3.0626e-05,2.4884e-05,-0.00043646,-9.1053e-06,-0.17328,-9.3652e-05,-9.9358e-05
-2.8222e-05,-3.9539e-05,-6.6542e-05,-0.00024747,-1.2332e-05,-1.5228e-05,-2.7202e-06,1.0534e-05,-0.00015462,-1.5486e-05,-1.6798e-05,-7.1722e-06,-5.1256e-05,-1.3125e-05,1.0261e-05,-1.7649e-05,-5.1736e-05,-1.7172e-05,1.3101e-05,-6.053e-07,-3.4067e-05,5.8896e-06,-9.5115e-06,-1.8255e-05,-3.8636e-05,-1.3325e-05,3.3884e-06,-3.1368e-06,1.0082e-05,-4.6381e-06,-3.2527e-05,-4.647e-05,-5.5786e-05,-1.9119e-05,3.068e-07,9.1178e-06,-2.3486e-05,-4.2498e-05,-0.1495,-4.6257e-05,1.8247e-05,-3.9175e-05,-4.4226e-05,-3.4625e-05,-3.5901e-05,8.9635e-10,7.9914e-06,-4.7546e-05,-7.9694e-05,-5.1161e-05,-3.0881e-05,-1.9868e-05,-4.3561e-05,-4.8698e-06,-7.2561e-06,-1.6712e-07,-3.5183e-06,-0.00024128,-4.2931e-05,-6.2678e-05,5.947e-06,-4.7735e-05,-5.4537e-07,-6.6642e-05,-4.2164e-05,-2.9826e-05,-2.7087e-05,-3.1131e-05,-2.8585e-06,-1.9103e-05,-2.7375e-05,-1.5788e-05,-2.2179e-06,-0.00015677,-1.4203e-05,-1.0053e-05,-5.5358e-05,-2.5535e-06,-1.1145e-05,4.9866e-06,-0.00028125,-9.7641e-06,-0.16822,-5.2131e-05,-4.6643e-05
-1.171e-05,-1.6011e-05,-2.7426e-05,-6.5444e-05,-4.9708e-06,-4.1276e-06,-9.3435e-07,5.2652e-06,-4.1316e-05,-6.2463e-06,-5.4088e-06,-1.1826e-06,-1.7863e-05,-5.5279e-06,5.3681e-06,-6.7593e-06,-1.9432e-05,-5.1551e-06,6.4548e-06,3.4668e-07,-1.4345e-05,2.0455e-06,-3.9708e-06,-5.3094e-06,-1.6196e-05,-4.8566e-06,1.4615e-06,-8.8067e-07,3.8071e-06,-6.1663e-07,-1.292e-05,-1.7472e-05,-2.2436e-05,-7.4906e-06,6.5136e-08,5.4651e-06,-1.0298e-05,-1.6113e-05,-0.061529,-1.9579e-05,8.5265e-06,-1.3753e-05,-1.5645e-05,-1.3088e-05,-1.4832e-05,4.2642e-06,1.0747e-09,-2.0439e-05,-2.7457e-05,-1.8671e-05,-1.2327e-05,-7.7876e-06,-1.5696e-05,-1.9304e-06,-2.7991e-06,4.121e-07,-4.3918e-07,-6.233e-05,-1.6786e-05,-2.6305e-05,2.3353e-06,-1.8992e-05,-2.0349e-06,-2.3859e-05,-1.6039e-05,-1.1824e-05,-1.1175e-05,-1.324e-05,-3.066e-07,-7.8148e-06,-1.1663e-05,-6.8002e-06,9.4304e-07,-5.029e-05,-4.0971e-06,-3.2931e-06,-2.0089e-05,-2.2769e-06,-4.565e-06,3.6747e-06,-6.9213e-05,-3.2648e-06,-0.24075,-2.0236e-05,-1.9087e-05
-7.6278e-05,-9.6796e-05,-0.00017509,-0.00047706,-2.1218e-05,-3.65e-06,-6.2149e-06,2.605e-05,-0.00026404,-8.8752e-05,-4.0146e-05,5.1455e-05,-0.00012156,1.8661e-06,5.5991e-05,-3.6231e-05,-8.1264e-05,-4.4095e-05,0.00010439,5.3664e-05,-0.00013213,7.2354e-05,-3.5838e-05,1.2859e-05,-0.00013618,-3.9242e-05,9.6126e-06,3.8171e-05,0.00010272,1.9896e-05,-5.6319e-05,-8.7795e-05,-0.00014935,6.2214e-06,-4.2189e-05,9.5506e-05,-7.6542e-05,-7.412e-05,-0.014698,-0.00010782,0.00015108,-5.071e-06,2.1902e-05,-6.2354e-05,-5.5009e-05,3.6196e-05,2.7936e-05,1.4424e-09,-0.00017812,-8.6222e-05,-6.2229e-05,-6.5021e-05,-6.846e-05,3.1528e-05,2.2704e-05,1.8441e-05,5.228e-05,-0.00058856,-8.9145e-05,-0.00015723,4.0057e-05,-0.00010835,2.2691e-06,-0.00015907,-0.00010805,-9.4289e-05,-8.443e-05,-6.0595e-05,3.3075e-05,-2.6009e-05,-0.0001034,-7.6263e-06,-2.2822e-05,-0.00035863,-5.1572e-05,4.4214e-05,-0.00019209,-9.4429e-06,-4.0691e-05,2.3661e-05,-0.00057731,-2.1397e-05,-0.18402,-9.9343e-05,-0.00010736
-5.2225e-06,-4.9261e-06,-1.1763e-05,-1.5096e-05,1.628e-07,1.3539e-05,-2.9087e-07,4.8669e-06,-1.4711e-06,-3.4456e-06,-5.2062e-07,7.5438e-06,-2.6327e-08,-1.4137e-07,7.6092e-06,-2.0601e-06,-4.5394e-06,-2.5278e-06,9.7544e-06,3.2556e-06,-9.4936e-06,3.601e-06,-2.1188e-06,6.3739e-06,-6.7251e-06,-1.4277e-06,2.6095e-06,5.7341e-06,6.5534e-06,8.0907e-06,-3.473e-06,-8.0724e-07,-8.6834e-06,3.8912e-06,-4.159e-07,1.3982e-05,-4.5352e-06,-2.1591e-06,-3.2622e-05,-8.0118e-06,1.582e-05,1.069e-05,1.0799e-05,-8.673e-08,-5.0443e-06,3.4262e-06,3.5463e-06,-7.1141e-06,1.0823e-09,7.9992e-07,-3.2052e-06,-3.2966e-06,3.2612e-06,2.1778e-06,1.2166e-06,1.3085e-06,2.3806e-06,-1.3364e-05,-3.8128e-06,-1.3178e-05,7.3839e-06,-8.1036e-06,-1.7922e-07,-5.5597e-06,-5.6883e-06,-5.7526e-06,-3.922e-06,-4.9954e-06,9.2491e-06,-1.7829e-07,-6.2069e-06,-1.4107e-06,-8.7241e-07,-1.0856e-05,-1.9843e-06,4.6618e-06,-7.9264e-06,-2.5027e-07,-1.5836e-06,2.6475e-06,-1.4719e-05,-7.0769e-07,-0.15462,-5.7442e-06,-7.5022e-06
-9.2172e-06,-1.0556e-05,-1.6357e-05,-2.8842e-05,9.3888e-07,1.8325e-05,-4.4506e-07,3.8117e-06,-8.3113e-06,-8.723e-06,-1.5936e-06,5.8358e-06,-7.2858e-06,-2.8995e-06,4.3193e-06,2.558e-07,-9.1363e-06,-4.9142e-06,1.2022e-05,2.8959e-06,-1.0939e-05,4.6418e-06,-2.603e-06,6.5455e-06,-1.2401e-05,-2.8392e-06,9.0977e-07,4.937e-06,7.5921e-06,8.1448e-06,-1.4952e-06,-3.1783e-06,-1.0677e-05,5.8974e-06,-2.0445e-06,1.1766e-05,-7.5519e-06,-6.4902e-06,-6.6983e-05,-1.0634e-05,1.8463e-05,1.3674e-05,1.6444e-05,-3.7185e-06,-7.0734e-06,3.2516e-06,3.0746e-06,-9.1451e-06,-6.0534e-06,9.9403e-10,-7.7903e-06,-8.6215e-06,9.7858e-06,1.8558e-06,7.6738e-07,1.2556e-06,4.9057e-06,-3.1853e-05,-9.3547e-06,-2.0298e-05,7.7619e-06,-1.2845e-05,1.4772e-07,-1.3317e-05,-7.3644e-06,-8.5638e-06,-1.0707e-05,-6.9787e-06,1.3999e-05,-2.249e-06,-1.0395e-05,-4.7044e-06,3.235e-07,-1.845e-05,-4.6529e-06,2.3374e-06,-1.4714e-05,-2.1628e-06,-3.2944e-06,3.531e-06,-2.8739e-05,-1.0298e-06,-0.14993,-1.0399e-05,-1.1182e-05
-0.00010054,-0.0001331,-0.00026975,-0.00070202,-4.2174e-05,-2.3019e-05,-1.3218e-05,6.9218e-05,-0.00041798,-7.5427e-05,-6.5762e-05,3.1139e-05,-0.00014182,3.4486e-06,9.1799e-05,-8.0605e-05,-0.00013794,-4.7485e-05,0.00010675,5.8004e-05,-0.00016902,7.2295e-05,-4.2799e-05,-1.7348e-05,-0.00015513,-4.8214e-05,2.3236e-05,1.1537e-05,6.6417e-05,5.4941e-06,-0.00012668,-0.00015529,-0.00024235,-5.6945e-05,-2.9085e-05,0.00010564,-9.7315e-05,-0.00010745,-0.016419,-0.00021206,0.00015009,-4.9481e-05,-4.5799e-05,-0.00010756,-0.00013724,4.2302e-05,4.4838e-05,-0.00016082,-0.00024828,-0.00018101,1.5036e-09,-6.3845e-05,-0.00017714,2.7176e-05,1.3136e-05,3.9612e-05,1.8292e-05,-0.00073344,-0.00011466,-0.0002286,4.2113e-05,-0.00015155,-1.3407e-05,-0.0002118,-0.00017232,-0.00012059,-9.3289e-05,-8.2381e-05,1.7827e-05,-3.153e-05,-0.00014055,-1.6809e-05,-2.7604e-05,-0.00048585,-5.697e-05,3.6563e-05,-0.00024081,-1.7479e-05,-4.0598e-05,2.7811e-05,-0.00095078,-3.7679e-05,-0.20224,-0.00013536,-0.00018047
-1.129e-05,-1.4541e-05,-2.8953e-05,-5.6184e-05,-4.771e-06,-1.4219e-06,-7.2648e-07,9.6208e-06,-3.6026e-05,-4.8906e-06,-5.278e-06,1.916e-06,-1.2487e-05,-2.6864e-06,1.022e-05,-8.5217e-06,-1.7506e-05,-5.3205e-06,1.0238e-05,4.0022e-06,-1.7692e-05,5.0287e-06,-3.8691e-06,-2.5404e-06,-1.5965e-05,-4.8687e-06,3.4211e-06,2.1127e-06,6.6764e-06,8.7327e-07,-1.3776e-05,-1.6087e-05,-2.4945e-05,-5.412e-06,6.0717e-07,1.117e-05,-1.0219e-05,-1.2561e-05,-0.0031887,-2.1897e-05,1.4273e-05,-7.5324e-06,-1.3007e-05,-1.0388e-05,-1.4684e-05,5.8291e-06,5.9333e-06,-1.9837e-05,-2.4113e-05,-2.0368e-05,-9.7725e-06,1.1194e-09,-1.8095e-05,5.9532e-07,-9.162e-07,2.5643e-06,3.8146e-07,-4.9963e-05,-1.2605e-05,-2.5293e-05,4.9474e-06,-1.7942e-05,-1.7988e-06,-2.1418e-05,-1.747e-05,-1.3109e-05,-1.0497e-05,-1.2126e-05,1.9774e-06,-5.1171e-06,-1.3843e-05,-4.9552e-06,-1.4766e-06,-4.7551e-05,-4.8013e-06,1.3028e-06,-2.0366e-05,-1.2958e-06,-2.8432e-06,3.6689e-06,-6.3944e-05,-3.556e-06,-0.2306,-1.8458e-05,-1.9673e-05
-2.2644e-05,-2.5797e-05,-4.0155e-05,-6.9774e-05,1.2558e-06,4.8411e-05,-5.7095e-06,5.8634e-06,2.9516e-05,-2.3988e-05,-2.1166e-06,2.2747e-05,-1.8571e-05,-4.7256e-06,1.169e-05,1.9593e-06,-1.6661e-05,-1.7631e-05,3.9425e-05,7.6087e-06,-3.211e-05,7.6597e-06,-7.889e-06,1.9124e-05,-3.0954e-05,-7.7756e-06,-4.322e-06,2.1459e-05,2.5278e-05,3.7679e-05,2.107e-06,-5.756e-06,-1.9904e-05,2.2054e-05,-8.5388e-06,2.3773e-05,-1.7235e-05,-1.1833e-05,-0.00014411,-2.3615e-05,5.467e-05,3.8049e-05,0.00058704,-3.0507e-06,-1.9281e-05,9.038e-06,7.5417e-06,-2.499e-05,-1.3513e-05,1.7076e-05,-2.4543e-05,-2.5825e-05,7.5294e-10,2.3638e-06,1.2131e-06,-1.5308e-06,1.1364e-05,-7.9269e-05,-2.3887e-05,-5.092e-05,2.2434e-05,-3.6944e-05,1.5312e-06,-2.7284e-05,-1.0938e-05,-2.373e-05,-2.6299e-05,-1.7603e-05,3.1514e-05,-8.0507e-06,-2.5731e-05,-1.0914e-05,3.1189e-07,-2.8586e-05,-1.6943e-05,5.0905e-06,-2.8916e-05,-6.4598e-06,-1.3517e-05,7.6036e-06,-6.865e-05,-4.6959e-06,-0.11838,-2.4647e-05,-2.6197e-05
-0.0001054,-0.00014086,-0.00024869,-0.00070115,-2.2173e-05,-1.8398e-05,7.3705e-07,5.8382e-05,-0.00041131,-8.7868e-05,-3.5298e-05,1.3384e-05,-0.00014442,-1.2317e-05,0.00011132,-6.4238e-05,-0.00014933,-5.5865e-05,0.00012066,5.9116e-05,-0.00016473,7.443e-05,-3.9459e-05,-7.1867e-06,-0.00017887,-5.4035e-05,3.0224e-05,7.7579e-06,7.0828e-05,2.9298e-05,-0.00010755,-0.00014942,-0.00024022,-4.8192e-05,-2.6576e-05,0.00010824,-0.00010344,-0.00011294,-0.025383,-0.00020617,0.00014018,-6.3236e-05,-4.8335e-05,-0.00010899,-0.00014215,4.9321e-05,4.7381e-05,-0.00015687,-0.00027656,-0.00015696,-9.1516e-05,-8.0234e-05,-0.00013395,1.3457e-09,6.6107e-05,2.3718e-05,3.6682e-05,-0.00077424,-0.0001421,-0.00018906,3.6723e-05,-0.00015864,-1.3658e-05,-0.00022553,-0.00015604,-0.0001189,-9.9942e-05,-0.00010768,3.1824e-05,-4.2509e-05,-0.00013099,-2.2819e-05,-2.0092e-05,-0.00065359,-5.8374e-05,1.3922e-05,-0.0002268,-1.4704e-05,-3.0596e-05,3.6577e-05,-0.00092066,-2.976e-05,-0.19573,-0.00016735,-0.00017896
-0.00010299,-0.00014122,-0.00024402,-0.00071268,-2.0184e-05,-2.5416e-05,1.1671e-06,5.2445e-05,-0.00042038,-8.9277e-05,-3.2813e-05,1.0382e-05,-0.00015188,-1.1534e-05,0.00010631,-6.3928e-05,-0.00014874,-5.4245e-05,0.00011881,5.7237e-05,-0.00015836,7.4967e-05,-3.8636e-05,-6.8326e-06,-0.00017666,-5.2296e-05,3.0315e-05,5.7903e-06,7.1128e-05,2.4668e-05,-0.00010737,-0.00015165,-0.00023418,-4.168e-05,-2.7115e-05,0.00010475,-0.00010206,-0.00011552,-0.031926,-0.0002002,0.00013325,-7.0857e-05,-5.3295e-05,-0.0001097,-0.00014271,4.7993e-05,4.7695e-05,-0.00015141,-0.00027933,-0.00015716,-9.1019e-05,-8.1049e-05,-0.00012383,7.7557e-05,1.3289e-09,2.3502e-05,3.9306e-05,-0.00080863,-0.00014446,-0.00019084,3.4886e-05,-0.00015579,-1.2465e-05,-0.00022351,-0.00014854,-0.00011709,-0.00010033,-0.00010783,3.2366e-05,-4.338e-05,-0.00012488,-2.0954e-05,-1.6334e-05,-0.00064676,-5.7339e-05,9.4186e-06,-0.00022332,-1.5305e-05,-3.1607e-05,3.7138e-05,-0.00094186,-2.8399e-05,-0.19426,-0.00016425,-0.00017374
-0.00012534,-0.00018073,-0.00030888,-0.0012894,-4.0029e-05,2.8553e-06,-2.8045e-06,9.6482e-05,-0.00071874,-7.9029e-05,-5.6651e-05,1.1153e-05,-0.00021149,-1.7856e-05,0.00010553,-8.4853e-05,-0.00019857,-5.1988e-05,0.00011733,4.8827e-05,-0.00018415,7.0221e-05,-4.3763e-05,-3.3125e-05,-0.00018361,-5.2491e-05,3.1697e-05,1.2661e-05,7.6525e-05,1.7219e-05,-0.00011609,-0.00019996,-0.00026962,-6.5131e-05,-5.1297e-06,0.00011249,-0.00010758,-0.0001652,-0.10896,-0.0002317,0.00016091,-0.00011659,-0.00013766,-0.00014502,-0.00016505,6.089e-05,6.0638e-05,-0.00020646,-0.00040415,-0.00021894,-9.5925e-05,-7.9593e-05,-0.00021612,1.8022e-05,4.1504e-06,9.4915e-10,2.216e-05,-0.0012883,-0.00016952,-0.00029193,4.6524e-05,-0.00020382,-9.0635e-06,-0.00029238,-0.00018909,-0.00013923,-0.00011521,-0.00012135,2.2257e-05,-4.8732e-05,-0.00015029,-4.1645e-05,-1.1569e-05,-0.001107,-5.5761e-05,2.7992e-05,-0.00026274,-1.4693e-05,-4.3132e-05,4.3906e-05,-0.0016542,-3.6278e-05,-0.22366,-0.00019064,-0.0002096
-1.292e-05,-1.7803e-05,-2.812e-05,-8.4685e-05,-4.751e-06,-4.9625e-06,-9.4528e-07,1.3688e-06,-4.6866e-05,-1.358e-05,-8.3019e-06,1.8522e-06,-2.5202e-05,-2.7868e-06,3.6742e-06,-5.333e-06,-1.7656e-05,-7.7963e-06,9.0228e-06,2.7731e-06,-1.7497e-05,6.4917e-06,-4.75e-06,-3.8796e-06,-1.9807e-05,-6.1494e-06,1.1025e-06,1.5737e-06,6.9651e-06,2.6759e-07,-1.0156e-05,-1.7898e-05,-2.3866e-05,-3.8996e-06,-5.1304e-06,9.577e-06,-1.2077e-05,-1.5943e-05,-0.060508,-2.0998e-05,1.5611e-05,-7.5848e-06,-9.907e-06,-1.5158e-05,-1.5088e-05,3.2202e-06,3.7796e-06,-1.6598e-05,-3.3181e-05,-1.5848e-05,-1.4035e-05,-1.1701e-05,-1.3003e-05,4.271e-07,-4.7761e-07,1.0699e-07,1.1714e-09,-0.0001012,-1.9084e-05,-2.8029e-05,2.4161e-06,-1.9397e-05,-2.3565e-06,-2.7868e-05,-1.5581e-05,-1.4313e-05,-1.3595e-05,-1.2871e-05,2.2838e-06,-7.3586e-06,-1.4563e-05,-5.2941e-06,-1.6687e-06,-6.4004e-05,-8.3771e-06,-1.8778e-06,-3.1329e-05,-3.3171e-06,-6.7924e-06,3.322e-06,-9.2903e-05,-4.0629e-06,-0.17087,-1.991e-05,-2.0273e-05
-5.7673e-06,-5.5181e-06,-1.11e-05,-6.3969e-06,6.1785e-07,8.6887e-06,-4.6143e-07,7.2299e-06,-3.2119e-06,-1.1717e-06,2.0414e-06,6.1118e-06,6.0077e-06,-1.6171e-07,1.0098e-05,-4.0916e-06,-4.7956e-06,-2.5419e-06,1.1026e-05,4.1916e-06,-8.5966e-06,3.0433e-06,-1.9432e-06,7.0499e-06,-6.0046e-06,-9.7994e-07,2.5446e-06,5.1276e-06,6.4568e-06,6.046e-06,-1.8397e-06,-2.7124e-06,-8.3048e-06,4.1252e-06,1.0581e-06,1.2972e-05,-4.2647e-06,-3.0557e-07,-1.7201e-05,-8.2695e-06,1.4447e-05,5.093e-06,2.9814e-06,1.4895e-06,-4.8782e-06,3.3427e-06,3.8055e-06,-7.6334e-06,-2.2037e-06,-3.6388e-06,-2.8155e-06,-1.2912e-06,-1.9393e-06,3.2996e-06,2.2044e-06,2.4137e-06,1.396e-06,9.3159e-10,-2.2887e-06,-6.8657e-06,5.3684e-06,-7.6441e-06,-6.038e-07,-5.0488e-06,-5.1905e-06,-5.5519e-06,-4.2175e-06,-4.7807e-06,5.7273e-06,6.7958e-07,-6.6381e-06,-1.1226e-06,-8.8387e-07,-1.1554e-05,-1.6276e-06,5.0116e-06,-3.2286e-06,-2.3175e-07,-1.1691e-06,2.1995e-06,-7.1426e-06,-1.0212e-06,-0.1496,-5.1891e-06,-6.8153e-06
-6.287e-05,-6.8706e-05,-0.00015969,-0.00025232,-1.7612e-05,3.0299e-05,-5.0491e-06,7.3669e-05,-0.00015334,-3.4964e-05,-2.1526e-05,4.3351e-05,-4.7056e-05,1.1899e-05,7.8539e-05,-4.4065e-05,-6.4546e-05,-2.7046e-05,9.2107e-05,5.9098e-05,-0.00011003,5.6355e-05,-2.167e-05,1.2415e-05,-9.2534e-05,-2.2769e-05,2.126e-05,3.0036e-05,5.9767e-05,3.4341e-05,-5.157e-05,-6.974e-05,-0.00013279,-8.3402e-06,-8.7877e-06,0.0001045,-5.9405e-05,-4.5121e-05,-0.00070793,-0.00012325,0.00012543,3.4579e-06,1.7519e-05,-3.7827e-05,-7.1031e-05,4.0009e-05,3.9482e-05,-8.974e-05,-0.00010569,-8.0501e-05,-3.7187e-05,-2.8853e-05,-5.7403e-05,2.4349e-05,1.2826e-05,2.6848e-05,2.4431e-05,-0.00024278,8.7769e-10,-0.00014292,4.2027e-05,-8.8331e-05,-4.2495e-06,-9.6177e-05,-8.7994e-05,-8.0179e-05,-5.1331e-05,-4.7384e-05,4.2512e-05,-5.46e-06,-8.4155e-05,2.4855e-06,-1.6066e-05,-0.00019079,-2.7928e-05,4.3702e-05,-0.0001172,-3.8668e-06,-2.1166e-05,2.469e-05,-0.00030634,-1.1324e-05,-0.14909,-7.572e-05,-0.00010214
-3.8055e-06,-4.5821e-06,-7.4126e-06,-1.2209e-05,-1.5951e-06,-2.9654e-06,-6.7132e-07,1.213e-06,-1.3043e-05,-3.2459e-06,-1.7048e-06,-9.9303e-07,-3.5811e-06,-6.1558e-07,2.1832e-06,-3.4178e-06,-5.0606e-06,-2.2582e-06,3.7376e-06,1.3073e-06,-5.5481e-06,1.7647e-06,-1.9759e-06,-1.6923e-06,-5.8933e-06,-2.0687e-06,-1.3366e-08,-5.2784e-07,1.7338e-06,-8.1759e-07,-4.1367e-06,-5.1688e-06,-7.6299e-06,-2.1759e-06,-1.5025e-06,2.2601e-06,-3.168e-06,-3.5186e-06,-4.8695e-05,-7.0584e-06,2.8119e-06,-2.5133e-06,-4.2208e-06,-3.9732e-06,-4.8691e-06,8.0132e-07,6.6771e-07,-4.713e-06,-8.475e-06,-6.0991e-06,-3.1268e-06,-2.6003e-06,-5.0825e-06,1.2144e-06,7.5058e-07,5.8064e-08,4.4307e-07,-1.2708e-05,-4.4833e-06,1.3357e-09,2.5835e-07,-4.8133e-06,-1.0086e-06,-6.7234e-06,-4.8002e-06,-4.0675e-06,-3.8759e-06,-3.4642e-06,-1.293e-06,-1.789e-06,-4.6108e-06,-9.6784e-07,-1.2326e-06,-1.4883e-05,-2.3769e-06,-1.0337e-06,-6.7454e-06,-9.3088e-07,-1.4128e-06,3.9468e-07,-1.5972e-05,-1.8706e-06,-0.30877,-5.1059e-06,-5.7506e-06
-6.2753e-06,-7.3194e-06,-1.3023e-05,-2.7798e-05,-2.2896e-06,9.0393e-07,-3.8671e-07,2.4316e-06,-1.5729e-05,-3.6803e-06,-3.1678e-06,3.0263e-07,-7.9e-06,-2.9538e-06,2.4796e-06,-3.3349e-06,-9.1608e-06,-3.6026e-06,3.4101e-06,6.5813e-08,-7.9192e-06,7.287e-07,-2.4409e-06,-1.3062e-06,-8.2095e-06,-2.7635e-06,5.4797e-07,6.3559e-07,2.2816e-06,9.6533e-07,-5.6453e-06,-7.5565e-06,-1.0439e-05,-1.6667e-06,-3.673e-07,3.5372e-06,-5.3815e-06,-7.6656e-06,-0.00015019,-9.2118e-06,5.5725e-06,-2.5317e-06,-2.8724e-06,-5.6254e-06,-7.1438e-06,2.2037e-06,1.5714e-06,-9.4729e-06,-9.8789e-06,-6.0896e-06,-6.3025e-06,-4.4344e-06,-3.8865e-06,-1.321e-06,-1.8753e-06,-2.435e-07,-3.8895e-07,-2.705e-05,-8.2929e-06,-1.4157e-05,1.0508e-09,-1.041e-05,-1.0049e-06,-1.1311e-05,-7.8719e-06,-6.3973e-06,-5.975e-06,-6.4851e-06,1.861e-06,-3.265e-06,-6.2485e-06,-4.065e-06,-4.8982e-07,-2.0003e-05,-3.1471e-06,-1.2755e-06,-1.0184e-05,-1.3744e-06,-2.9542e-06,1.1534e-06,-2.9706e-05,-1.9856e-06,-0.28095,-9.7805e-06,-9.3214e-06
-9.4607e-05,-0.00014035,-0.00026118,-0.00073931,-3.5363e-05,-3.1503e-05,-5.6298e-06,6.4578e-05,-0.00044096,-8.4424e-05,-6.11e-05,3.435e-05,-0.00015751,2.9778e-06,8.7096e-05,-6.4358e-05,-0.00013188,-4.1475e-05,0.00012244,6.5641e-05,-0.00017141,8.7095e-05,-2.8239e-05,-2.0291e-05,-0.00017336,-5.0656e-05,2.6869e-05,1.7411e-05,7.9466e-05,1.7262e-05,-0.00010999,-0.00014679,-0.00023116,-4.6957e-05,-3.3609e-05,0.00010932,-0.00010229,-0.00010356,-0.01932,-0.00020429,0.00016544,-4.2655e-05,-5.4777e-05,-0.00011328,-0.00013374,4.8769e-05,5.2477e-05,-0.0001429,-0.00026967,-0.00017285,-7.3098e-05,-6.5468e-05,-0.00016358,4.1667e-05,2.7979e-05,2.9209e-05,4.7072e-05,-0.00080642,-0.0001167,-0.00020964,3.7139e-05,1.4898e-09,-4.5382e-06,-0.00021486,-0.00015804,-0.00012432,-9.9811e-05,-9.33e-05,2.3242e-05,-3.0461e-05,-0.00013494,-5.6823e-06,-2.0578e-05,-0.00054521,-5.6453e-05,3.1891e-05,-0.00025788,-9.5552e-06,-3.0605e-05,3.9115e-05,-0.00094002,-3.095e-05,-0.20279,-0.00014852,-0.00018035
-1.8359e-05,-2.6508e-05,-4.3269e-05,-0.00015285,-7.7772e-06,-8.1703e-06,-1.7956e-06,6.5424e-06,-8.6319e-05,-1.301e-05,-1.1642e-05,-6.4461e-07,-3.5326e-05,-8.1519e-06,7.1111e-06,-1.0902e-05,-3.2036e-05,-1.0983e-05,1.1037e-05,1.0988e-06,-2.571e-05,6.0999e-06,-6.1335e-06,-9.3214e-06,-2.7734e-05,-8.8279e-06,2.0316e-06,9.8751e-08,9.0785e-06,-1.5327e-06,-1.9703e-05,-2.8567e-05,-3.5868e-05,-9.864e-06,-1.2907e-06,9.4362e-06,-1.6791e-05,-2.6665e-05,-0.10639,-3.0669e-05,1.7616e-05,-2.0017e-05,-2.019e-05,-2.179e-05,-2.3551e-05,1.0148e-05,5.5772e-06,-2.8779e-05,-5.1906e-05,-2.917e-05,-1.9637e-05,-1.4788e-05,-2.3233e-05,-2.3154e-06,-3.8884e-06,8.6897e-07,2.4541e-07,-0.00016295,-2.8948e-05,-4.3324e-05,4.5195e-06,-3.0412e-05,8.0846e-10,-4.296e-05,-2.7168e-05,-2.0175e-05,-1.9984e-05,-1.9686e-05,-3.7693e-08,-1.1444e-05,-1.9822e-05,-1.0069e-05,-1.918e-06,-0.00010351,-9.5093e-06,-4.4811e-06,-4.05e-05,-1.8466e-06,-7.5962e-06,4.8629e-06,-0.00019164,-6.56e-06,-0.20328,-3.3177e-05,-3.1074e-05
-6.913e-05,-7.5631e-05,-0.00017762,-0.00024692,-1.1919e-05,4.6737e-05,-1.0425e-05,6.4865e-05,-0.00014549,-4.5064e-05,-1.2312e-05,6.7978e-05,-2.9495e-05,1.1024e-07,9.9874e-05,-4.4769e-05,-8.452e-05,-3.3602e-05,0.00010729,5.1641e-05,-0.00013323,5.9244e-05,-3.0859e-05,5.8585e-05,-0.0001086,-2.5889e-05,2.6997e-05,5.577e-05,7.2276e-05,5.0618e-05,-6.0062e-05,-4.6036e-05,-0.00015863,3.577e-05,-9.2828e-06,0.00013313,-6.1245e-05,-4.6523e-05,-0.00066697,-0.00013594,0.00017028,3.3372e-05,4.6948e-05,-2.345e-05,-8.403e-05,3.9037e-05,4.808e-05,-0.00010638,-8.7347e-05,-7.574e-05,-4.8499e-05,-4.0278e-05,-2.5969e-05,3.2971e-05,2.1599e-05,2.5755e-05,3.1906e-05,-0.00025515,-5.3892e-05,-0.00015851,5.8817e-05,-0.00010738,-5.1854e-06,1.3073e-09,-1.5953e-05,-9.1949e-05,-7.0538e-05,-6.4017e-05,5.7676e-05,-1.3364e-05,-9.5743e-05,-6.0694e-06,-1.1364e-05,-0.00022125,-3.0161e-05,6.1952e-05,-0.00010557,-9.1178e-06,-2.5955e-05,3.2436e-05,-0.00029396,-1.9791e-05,-0.17246,-8.9471e-05,-0.0001172
-8.4767e-05,-0.00010219,-0.00018273,-0.0003927,5.6572e-07,4.7298e-05,-8.9708e-06,4.9708e-05,-0.00022182,-6.5687e-05,-8.455e-06,6.2246e-05,-7.0878e-05,-2.0035e-05,8.1451e-05,-2.7438e-05,-0.00011451,-5.2679e-05,0.00011312,3.1606e-05,-0.00011307,5.007e-05,-2.4514e-05,5.7935e-05,-0.00011759,-2.7315e-05,2.4038e-05,6.5047e-05,8.2211e-05,4.7064e-05,-3.6481e-05,-6.3076e-05,-0.00014746,4.5944e-05,-6.81e-06,0.00012483,-6.0148e-05,-6.4629e-05,-0.0054207,-0.00012474,0.00017308,7.4409e-06,-4.5574e-06,-4.5203e-05,-9.132e-05,4.0004e-05,4.5083e-05,-0.00011361,-0.00014972,-6.7775e-05,-7.5672e-05,-6.041e-05,-9.1384e-06,2.4421e-05,1.7021e-05,1.9602e-05,4.7872e-05,-0.00045832,-9.0576e-05,-0.00016596,5.0831e-05,-0.0001256,-3.0004e-06,-5.7102e-05,1.2786e-09,-9.0536e-05,-9.7787e-05,-8.1779e-05,5.0099e-05,-2.506e-05,-9.5662e-05,-3.022e-05,3.9799e-08,-0.00033894,-4.0266e-05,4.0306e-05,-0.00012839,-1.2372e-05,-2.7874e-05,3.5396e-05,-0.0004432,-1.7248e-05,-0.17325,-0.00010782,-0.00011723
-1.055e-05,-1.4338e-05,-2.4605e-05,-5.7427e-05,-4.1656e-06,-2.4387e-06,-7.4516e-07,4.9039e-06,-3.264e-05,-7.5338e-06,-5.299e-06,2.2976e-07,-1.5713e-05,-4.3187e-06,5.6392e-06,-6.5634e-06,-1.6033e-05,-6.0039e-06,9.1925e-06,1.7685e-06,-1.4025e-05,3.5067e-06,-4.0845e-06,-3.9458e-06,-1.5486e-05,-5.0632e-06,1.5415e-06,1.0903e-06,5.7728e-06,1.4167e-07,-9.5192e-06,-1.464e-05,-2.0221e-05,-5.9072e-06,-1.3628e-06,7.0775e-06,-9.3055e-06,-1.3422e-05,-0.019459,-1.7779e-05,1.0483e-05,-8.7116e-06,-1.0522e-05,-1.0977e-05,-1.3124e-05,3.9751e-06,4.0282e-06,-1.7e-05,-2.3641e-05,-1.5243e-05,-1.023e-05,-7.8249e-06,-1.3226e-05,-4.2669e-08,-1.1054e-06,7.5572e-07,1.0075e-06,-5.5919e-05,-1.5284e-05,-2.3101e-05,3.009e-06,-1.725e-05,-1.4364e-06,-2.2499e-05,-1.5217e-05,9.4173e-10,-1.1052e-05,-1.1077e-05,1.0679e-06,-5.8783e-06,-1.168e-05,-4.9954e-06,-1.3701e-06,-4.4061e-05,-5.5141e-06,-1.2705e-06,-2.0334e-05,-1.8766e-06,-3.746e-06,2.5422e-06,-6.1519e-05,-3.1715e-06,-0.20896,-1.6188e-05,-1.6828e-05
-7.0711e-06,-9.4685e-06,-1.8747e-05,-4.1996e-05,-2.7697e-06,-7.0685e-07,6.2303e-07,5.2604e-06,-2.2443e-05,-4.1812e-06,-3.7195e-06,1.6506e-06,-9.3729e-06,-1.417e-06,6.3502e-06,-5.0281e-06,-1.0158e-05,-3.2862e-06,6.8491e-06,2.9805e-06,-1.1382e-05,3.5324e-06,-2.9144e-06,-1.4131e-06,-1.086e-05,-3.3791e-06,2.6895e-06,7.259e-07,4.3816e-06,2.1333e-06,-8.0051e-06,-1.0379e-05,-1.5812e-05,-3.8852e-06,-6.4892e-07,7.6372e-06,-6.5719e-06,-8.3047e-06,-0.0048928,-1.3792e-05,9.6413e-06,-4.9895e-06,-4.9441e-06,-6.5732e-06,-9.0976e-06,3.6804e-06,3.4591e-06,-1.2078e-05,-1.4432e-05,-1.3066e-05,-6.0139e-06,-4.6214e-06,-9.8219e-06,1.2296e-06,2.5194e-07,1.6633e-06,1.2869e-06,-4.0415e-05,-8.3435e-06,-1.7265e-05,3.0749e-06,-1.152e-05,-1.2147e-06,-1.4584e-05,-1.2408e-05,-8.708e-06,1.1231e-09,-7.2861e-06,1.8313e-06,-2.8544e-06,-7.759e-06,-2.0617e-06,-1.1358e-06,-2.4188e-05,-3.502e-06,1.3364e-06,-1.4257e-05,-8.443e-07,-2.8464e-06,2.1988e-06,-5.0137e-05,-2.2263e-06,-0.22337,-1.1633e-05,-1.2672e-05
-0.00012252,-0.00015646,-0.0003118,-0.0010031,-5.0658e-05,-2.6585e-05,-1.7041e-05,6.6117e-05,-0.00050107,-0.00010106,-8.2124e-05,3.6538e-05,-0.00020895,-6.7867e-06,8.1902e-05,-8.0198e-05,-0.00017047,-5.7304e-05,0.00010629,6.234e-05,-0.00020724,8.8606e-05,-4.8656e-05,-3.454e-05,-0.00020274,-6.2606e-05,2.0584e-05,1.7314e-05,7.9003e-05,9.6921e-06,-0.00013813,-0.00018285,-0.00027502,-6.7937e-05,-3.6047e-05,0.00010592,-0.00011808,-0.00013257,-0.054357,-0.00024281,0.00018011,-6.7097e-05,-3.4322e-05,-0.00013303,-0.00015779,5.4987e-05,4.7682e-05,-0.00017241,-0.00035011,-0.00019365,-8.6035e-05,-8.9701e-05,-0.00015505,2.3446e-05,6.0251e-06,3.0072e-05,4.0731e-05,-0.0011352,-0.00014357,-0.00027201,4.9241e-05,-0.00019049,-9.3875e-06,-0.00026865,-0.00019685,-0.00014325,-0.0001214,1.2791e-09,2.123e-05,-4.3231e-05,-0.0001571,-2.0822e-05,-3.0574e-05,-0.00066017,-6.7835e-05,3.8877e-05,-0.00030383,-2.1205e-05,-4.9484e-05,3.2933e-05,-0.0014307,-4.3649e-05,-0.23805,-0.00016707,-0.00021604
-8.35e-05,-9.6099e-05,-0.0001772,-0.00032111,-2.7877e-06,0.0001268,8.0606e-06,5.8354e-05,-0.00012127,-5.448e-05,-1.2284e-05,5.9028e-05,-6.5844e-05,-2.5627e-05,6.8588e-05,-1.795e-05,-0.00010172,-3.7563e-05,9.756e-05,3.066e-05,-0.00010467,4.1534e-05,-2.3715e-05,6.5158e-05,-0.00010859,-1.9552e-05,2.5911e-05,5.656e-05,7.1367e-05,6.7083e-05,-3.8147e-05,-4.9004e-05,-0.00012309,3.9944e-05,4.4984e-06,0.00012091,-6.8406e-05,-7.2458e-05,-0.00095489,-0.00011077,0.00017045,7.0746e-05,6.2921e-05,-3.7452e-05,-8.2684e-05,4.9319e-05,4.568e-05,-0.00011433,-7.3631e-05,8.6054e-06,-7.53e-05,-5.8302e-05,2.1404e-05,1.7037e-05,8.6414e-06,1.5895e-05,3.6478e-05,-0.00029517,-8.3734e-05,-0.0002223,7.7696e-05,-0.00013007,1.5824e-06,-0.00012798,-8.9263e-05,-8.0975e-05,-7.513e-05,-7.9211e-05,1.1969e-09,-2.4104e-05,-8.5977e-05,-3.7612e-05,5.0129e-06,-0.00023603,-3.3985e-05,2.1994e-05,-0.00012221,-1.022e-05,-2.8915e-05,3.4583e-05,-0.00031422,-6.9552e-06,-0.16345,-0.00011563,-0.00012104
-4.2371e-05,-5.3351e-05,-9.942e-05,-0.00019711,-1.659e-05,-2.0732e-06,-5.2874e-06,2.5389e-05,-0.00012741,-3.2106e-05,-2.3313e-05,6.6686e-06,-5.6936e-05,-7.8123e-06,2.439e-05,-3.15e-05,-6.0335e-05,-2.2185e-05,4.0483e-05,1.7402e-05,-6.338e-05,2.1407e-05,-1.6787e-05,-1.4936e-05,-6.3391e-05,-2.04e-05,5.9914e-06,4.2252e-06,1.9687e-05,3.5078e-06,-3.9545e-05,-6.2504e-05,-8.4029e-05,-1.8062e-05,-8.0583e-06,3.4803e-05,-4.1341e-05,-4.6299e-05,-0.00063076,-7.7497e-05,4.9655e-05,-2.0275e-05,-2.5308e-05,-4.1653e-05,-5.4022e-05,1.5614e-05,1.3542e-05,-6.5138e-05,-8.6881e-05,-5.695e-05,-3.546e-05,-2.9846e-05,-4.9827e-05,2.857e-06,-2.0206e-06,8.0715e-06,6.5067e-06,-0.00019043,-4.8689e-05,-9.1764e-05,1.7062e-05,-6.3638e-05,-5.5929e-06,-8.2207e-05,-6.0621e-05,-4.7659e-05,-3.917e-05,-3.9764e-05,7.942e-06,1.2822e-09,-4.9676e-05,-1.3967e-05,-8.6946e-06,-0.00015485,-2.2013e-05,1.3804e-06,-8.533e-05,-8.8904e-06,-1.7933e-05,9.9969e-06,-0.00022443,-1.7414e-05,-0.21433,-6.2145e-05,-6.7647e-05
-1.741e-05,-2.4004e-05,-3.9107e-05,-0.00014599,-7.9046e-06,-7.9882e-06,-9.3884e-07,5.7938e-06,-7.8947e-05,-1.1517e-05,-9.7326e-06,-1.7562e-06,-3.0755e-05,-7.4148e-06,7.0222e-06,-1.1708e-05,-2.7594e-05,-9.6277e-06,1.0593e-05,9.2283e-07,-2.2274e-05,4.9236e-06,-6.9472e-06,-8.2243e-06,-2.383e-05,-7.7548e-06,2.5831e-06,-1.5435e-06,6.1858e-06,-1.435e-06,-1.956e-05,-2.6279e-05,-3.5514e-05,-8.6028e-06,-1.1435e-06,8.1803e-06,-1.5271e-05,-2.4195e-05,-0.15381,-2.8582e-05,1.3894e-05,-2.0946e-05,-2.6238e-05,-1.9556e-05,-2.233e-05,5.9941e-06,4.9887e-06,-2.7956e-05,-4.3534e-05,-2.9913e-05,-1.8469e-05,-1.2809e-05,-2.5498e-05,-1.9904e-06,-3.0923e-06,-6.505e-07,2.5107e-07,-0.00013766,-2.5175e-05,-3.8539e-05,3.4684e-06,-2.8197e-05,-2.9597e-06,-3.7302e-05,-2.4266e-05,-1.8142e-05,-1.508e-05,-1.8805e-05,-4.5971e-07,-1.0477e-05,7.961e-10,-8.3351e-06,-1.8297e-06,-8.3725e-05,-8.7518e-06,-4.2846e-06,-3.4872e-05,-3.8115e-06,-7.4694e-06,3.5676e-06,-0.00014985,-5.9091e-06,-0.2111,-3.0844e-05,-2.7776e-05
-7.1484e-06,-9.2865e-06,-1.8519e-05,-4.6182e-05,-3.2872e-06,-3.4785e-06,-5.9968e-07,4.6639e-06,-2.5434e-05,-6.6018e-06,-4.3899e-06,1.4529e-06,-1.1509e-05,6.6119e-07,6.0226e-06,-5.6305e-06,-9.5126e-06,-3.0076e-06,8.4418e-06,5.1603e-06,-1.2674e-05,6.9103e-06,-3.0446e-06,-1.8688e-06,-1.2397e-05,-3.3032e-06,1.5352e-06,1.1042e-06,4.8094e-06,1.0141e-06,-8.8659e-06,-1.1198e-05,-1.682e-05,-4.2125e-06,-3.0355e-06,7.8646e-06,-7.1065e-06,-7.9077e-06,-0.008266,-1.5008e-05,1.062e-05,-3.7542e-06,-3.642e-06,-7.6898e-06,-9.7863e-06,3.6371e-06,3.3167e-06,-1.0761e-05,-1.7809e-05,-1.3067e-05,-5.8275e-06,-5.7926e-06,-9.3056e-06,2.3922e-06,1.5599e-06,1.8961e-06,2.7529e-06,-4.7703e-05,-7.8784e-06,-1.5914e-05,2.2651e-06,-1.0693e-05,-9.2073e-07,-1.4528e-05,-1.2171e-05,-9.0743e-06,-6.898e-06,-6.5936e-06,1.4238e-06,-2.5054e-06,-9.4892e-06,1.262e-09,-1.8089e-06,-3.0472e-05,-3.8371e-06,1.7037e-06,-1.8244e-05,-1.1148e-06,-3.4143e-06,2.8046e-06,-5.8805e-05,-2.6994e-06,-0.22274,-1.0622e-05,-1.2703e-05
-1.2151e-05,-1.7207e-05,-2.6233e-05,-6.8536e-05,-4.9746e-06,-3.9771e-06,-1.207e-06,4.0265e-06,-4.663e-05,-7.1273e-06,-5.378e-06,-1.6554e-06,-1.8734e-05,-6.666e-06,3.8682e-06,-5.949e-06,-2.0572e-05,-5.6846e-06,6.9406e-06,-8.9765e-07,-1.3534e-05,1.2029e-06,-4.0207e-06,-5.2374e-06,-1.6148e-05,-5.4143e-06,1.009e-06,-8.4826e-07,3.2281e-06,-1.0803e-06,-1.1984e-05,-1.7679e-05,-2.0959e-05,-5.876e-06,-2.2403e-07,4.1398e-06,-9.8148e-06,-1.6854e-05,-0.19288,-1.8521e-05,8.1044e-06,-1.2463e-05,-1.5835e-05,-1.306e-05,-1.5441e-05,3.9117e-06,4.762e-06,-2.0213e-05,-2.8641e-05,-1.5995e-05,-1.3186e-05,-8.8225e-06,-1.3402e-05,-2.6472e-06,-3.317e-06,-1.9076e-07,-5.4244e-07,-6.7568e-05,-1.8413e-05,-2.6565e-05,2.3757e-06,-1.9573e-05,-2.1284e-06,-2.4747e-05,-1.4977e-05,-1.2356e-05,-1.1951e-05,-1.3626e-05,-1.9391e-07,-8.2324e-06,-1.146e-05,-7.5699e-06,9.3636e-10,-5.2616e-05,-4.5614e-06,-4.267e-06,-1.9772e-05,-2.7373e-06,-5.2127e-06,3.3896e-06,-7.0805e-05,-3.499e-06,-0.24434,-2.0769e-05,-1.8809e-05
-0.0001277,-0.00014342,-0.00029785,-0.00039824,-1.0455e-05,0.00014894,-3.5641e-05,0.00011039,-0.00014643,-9.0844e-05,-4.2496e-05,0.00017723,-5.1195e-05,1.3443e-05,0.00014565,-5.8697e-05,-0.00011651,-8.2319e-05,0.00020408,0.00010752,-0.00022753,0.00010298,-6.4086e-05,0.00010515,-0.00017243,-4.7355e-05,3.5254e-05,0.00017774,0.00015966,0.00016338,-1.2529e-05,-4.7679e-05,-0.00017027,5.6997e-05,-3.9001e-05,0.00028853,-0.00011026,-7.0874e-05,-0.00076811,-0.00019906,0.00040828,0.00013329,0.00029965,-2.7372e-05,-0.00011921,6.8722e-05,6.4444e-05,-0.00016987,-8.6426e-05,-2.1551e-05,-7.0346e-05,-0.00011076,0.00013099,1.8654e-05,6.1459e-07,-1.28e-05,3.9606e-05,-0.00038928,-6.6714e-05,-0.00032206,0.00013188,-0.00019668,-2.0236e-05,-0.00016462,-0.00014993,-0.00016124,-6.8634e-05,-0.00010758,0.00012582,-7.2923e-06,-0.00015381,-1.7001e-05,-4.0301e-05,1.174e-09,-6.8231e-05,0.0001032,-0.00020968,-1.8254e-06,-4.6225e-05,5.0733e-05,-0.00040922,-3.2536e-05,-0.10537,-0.00012267,-0.00016714
-5.4005e-06,-7.2545e-06,-1.2945e-05,-2.9413e-05,-2.5646e-06,-1.8841e-06,-5.6014e-07,2.5319e-06,-2.0006e-05,-3.1074e-06,-2.7399e-06,-2.0669e-07,-8.1926e-06,-2.3457e-06,2.6319e-06,-3.3683e-06,-8.8208e-06,-2.4253e-06,3.3023e-06,2.2203e-07,-6.9824e-06,1.3239e-06,-2.0249e-06,-2.2513e-06,-7.6848e-06,-2.5725e-06,6.2015e-07,-5.3395e-08,1.7958e-06,-4.5651e-07,-5.9717e-06,-7.9514e-06,-1.0573e-05,-3.0824e-06,-2.3054e-07,3.0123e-06,-4.6855e-06,-7.1194e-06,-0.012656,-9.4892e-06,4.3799e-06,-5.3571e-06,-7.2387e-06,-5.8301e-06,-7.1163e-06,1.8566e-06,2.3475e-06,-9.3557e-06,-1.2377e-05,-8.7451e-06,-5.5571e-06,-3.5936e-06,-8.6652e-06,-7.9243e-07,-1.2658e-06,3.0308e-07,-4.8886e-07,-2.8157e-05,-7.5209e-06,-1.2303e-05,1.0912e-06,-8.8757e-06,-8.8691e-07,-1.0872e-05,-7.831e-06,-5.8581e-06,-5.2325e-06,-5.872e-06,-1.8835e-07,-3.2825e-06,-5.6867e-06,-2.7299e-06,4.4279e-08,-2.2855e-05,1.1068e-09,-8.0148e-07,-9.4783e-06,-1.1029e-06,-2.058e-06,2.4064e-06,-3.2417e-05,-1.9157e-06,-0.25282,-9.0934e-06,-9.0133e-06
-9.1686e-05,-0.00011323,-0.00021675,-0.00039736,-2.4294e-05,6.2127e-05,-1.5578e-05,7.1662e-05,-0.00019082,-6.4694e-05,-2.0714e-05,8.2415e-05,-6.282e-05,-7.6222e-06,0.00011047,-4.2326e-05,-8.2517e-05,-4.5094e-05,0.00013634,4.5638e-05,-0.0001559,6.5165e-05,-3.9655e-05,3.7339e-05,-0.00013308,-3.5712e-05,2.249e-05,6.549e-05,0.00011367,4.7753e-05,-3.0094e-05,-8.2278e-05,-0.00015568,7.7047e-07,-1.7646e-05,0.00015734,-7.2177e-05,-6.0227e-05,-0.0016493,-0.00015174,0.00020246,2.1197e-05,1.972e-05,-2.5353e-05,-8.9264e-05,4.4737e-05,4.8891e-05,-0.00011632,-0.00015339,-0.00010989,-6.2381e-05,-5.8225e-05,-8.0868e-05,2.4577e-05,8.7214e-06,3.9941e-05,3.1557e-05,-0.00041318,-8.3326e-05,-0.00024454,5.544e-05,-0.00014223,-7.995e-06,-0.00013985,-0.00011379,-0.00010874,-8.1292e-05,-7.3498e-05,4.8827e-05,-2.3652e-05,-0.00012251,-2.0754e-05,-2.0119e-05,-0.00032391,-3.5324e-05,1.4378e-09,-0.00013522,-1.2077e-05,-5.0035e-05,3.6642e-05,-0.00041691,-2.9432e-05,-0.18419,-0.00010982,-0.00013421
-0.00017109,-0.00019914,-0.00034773,-0.00058008,-3.1324e-05,0.00011469,-2.1226e-05,0.00014978,-0.00033092,-4.5578e-05,3.124e-05,6.6788e-05,-4.6677e-05,-5.8172e-05,0.00022562,-9.8652e-05,-0.00024161,-8.7058e-05,0.00024918,6.9572e-05,-0.00021561,7.1703e-05,-5.7174e-05,4.8943e-05,-0.00020647,-4.9846e-05,4.3224e-05,8.6593e-05,0.0001398,8.3151e-05,-0.00010136,-0.00018422,-0.00028723,1.3937e-05,3.1293e-05,0.000205,-0.00011853,-0.00013011,-0.0020998,-0.00027728,0.00028035,-5.8046e-05,-5.9025e-05,-6.3697e-05,-0.00018691,8.7273e-05,0.00010164,-0.00028081,-0.00027975,-0.00021113,-0.000148,-8.3268e-05,-0.00010919,3.6169e-05,1.7068e-05,4.4183e-05,-5.4726e-07,-0.00050988,-0.0001692,-0.00032026,0.00010255,-0.00028212,-2.784e-05,-0.00023243,-0.00017522,-0.00017035,-0.00014785,-0.00017802,8.1384e-05,-6.0753e-05,-0.00019169,-8.2506e-05,5.2372e-06,-0.00061642,-5.0773e-05,9.8089e-05,1.3139e-09,-2.5989e-05,-5.7824e-05,5.9955e-05,-0.00061303,-4.0435e-05,-0.22486,-0.00024393,-0.00024865
-2.273e-05,-3.1462e-05,-5.4368e-05,-0.00017356,-1.0094e-05,-1.2997e-05,-2.6093e-06,9.3065e-06,-0.00010774,-1.443e-05,-1.3664e-05,-3.2735e-06,-3.9508e-05,-9.271e-06,9.5819e-06,-1.4746e-05,-3.9439e-05,-1.2913e-05,1.2538e-05,2.0818e-06,-3.0201e-05,7.14e-06,-8.415e-06,-1.2763e-05,-3.3001e-05,-1.1326e-05,3.3289e-06,-9.4729e-07,9.3122e-06,-2.4967e-06,-2.6006e-05,-3.7252e-05,-4.5959e-05,-1.4996e-05,-2.1338e-06,1.053e-05,-1.99e-05,-3.1969e-05,-0.079554,-3.9154e-05,1.8086e-05,-2.6664e-05,-3.0647e-05,-2.7803e-05,-2.8204e-05,1.1255e-05,7.2798e-06,-3.7085e-05,-6.072e-05,-4.1076e-05,-2.37e-05,-1.6058e-05,-3.6233e-05,-2.3097e-06,-4.4929e-06,8.6049e-07,-3.4154e-07,-0.00017443,-3.37e-05,-5.019e-05,4.9896e-06,-3.6896e-05,-1.3334e-06,-5.1819e-05,-3.4821e-05,-2.4246e-05,-2.203e-05,-2.5046e-05,-2.3354e-06,-1.4476e-05,-2.4239e-05,-1.1663e-05,-2.5826e-06,-0.00010894,-1.1405e-05,-5.6921e-06,-4.7878e-05,1.0987e-09,-8.9539e-06,5.2837e-06,-0.00020865,-7.7929e-06,-0.18836,-3.9934e-05,-3.7819e-05
-2.0032e-05,-2.9294e-05,-4.929e-05,-0.00011708,-8.8071e-06,-1.0716e-05,-1.334e-06,9.5701e-06,-8.3062e-05,-1.2539e-05,-1.2884e-05,-3.0426e-06,-3.2924e-05,-8.9112e-06,9.6957e-06,-1.2869e-05,-3.4639e-05,-1.1728e-05,1.1786e-05,2.7436e-06,-2.7996e-05,5.801e-06,-5.8222e-06,-1.0646e-05,-3.0257e-05,-1.0296e-05,3.4221e-06,-9.9112e-07,7.0408e-06,-1.7255e-06,-2.3801e-05,-3.1416e-05,-4.2034e-05,-1.4234e-05,-5.3785e-07,1.1291e-05,-1.9183e-05,-2.8053e-05,-0.039489,-3.7031e-05,1.5627e-05,-2.1733e-05,-3.1641e-05,-2.5489e-05,-2.9497e-05,7.7888e-06,6.8008e-06,-3.7168e-05,-5.0632e-05,-3.3628e-05,-2.1672e-05,-1.3059e-05,-3.3534e-05,-8.9288e-07,-2.9893e-06,8.1707e-07,-1.4505e-06,-0.00011436,-3.0419e-05,-4.4113e-05,3.3023e-06,-3.3073e-05,-3.2876e-06,-4.5033e-05,-3.0783e-05,-2.1621e-05,-2.1111e-05,-2.319e-05,-1.6858e-06,-1.3124e-05,-2.2984e-05,-1.1807e-05,-2.7301e-06,-8.914e-05,-9.9108e-06,-7.7463e-06,-4.2101e-05,-4.0292e-06,1.0858e-09,5.1393e-06,-0.0001302,-7.9522e-06,-0.22792,-3.6419e-05,-3.5226e-05
-9.3208e-06,-1.2901e-05,-2.0941e-05,-5.2141e-05,-3.988e-06,-3.7909e-06,-9.3185e-07,2.9285e-06,-3.4928e-05,-6.1832e-06,-5.0055e-06,-1.2675e-06,-1.5083e-05,-4.5567e-06,3.1471e-06,-4.9381e-06,-1.5301e-05,-4.7967e-06,5.6707e-06,-2.784e-07,-1.1158e-05,1.806e-06,-3.1607e-06,-4.4952e-06,-1.3338e-05,-4.3386e-06,7.0818e-07,-6.1814e-07,2.7917e-06,-5.4694e-07,-9.6119e-06,-1.3706e-05,-1.686e-05,-5.4984e-06,-7.8245e-07,3.5834e-06,-7.9133e-06,-1.2696e-05,-0.10971,-1.5246e-05,6.5576e-06,-9.7871e-06,-1.1548e-05,-1.0917e-05,-1.2004e-05,2.7628e-06,3.2482e-06,-1.5472e-05,-2.1907e-05,-1.3284e-05,-1.0129e-05,-6.9349e-06,-1.1483e-05,-1.5999e-06,-2.2697e-06,-4.366e-08,-1.9433e-07,-5.2615e-05,-1.4021e-05,-2.0537e-05,1.5951e-06,-1.5025e-05,-1.4484e-06,-1.946e-05,-1.2554e-05,-9.8881e-06,-9.4153e-06,-1.0537e-05,-6.428e-07,-6.2352e-06,-9.3343e-06,-5.1762e-06,5.0292e-08,-3.9013e-05,-2.6503e-06,-2.7903e-06,-1.721e-05,-2.0619e-06,-3.7918e-06,1.0513e-09,-5.6048e-05,-3.1847e-06,-0.22761,-1.588e-05,-1.4962e-05
-9.2979e-06,-9.6949e-06,-1.5404e-05,-1.2029e-05,8.0102e-07,1.3875e-05,-1.0421e-06,7.5787e-06,-6.5984e-06,-4.561e-06,2.6893e-06,8.7647e-06,5.1868e-06,-9.2009e-07,1.2821e-05,-2.77e-06,-6.928e-06,-4.8608e-06,1.8553e-05,5.3509e-06,-1.2295e-05,4.076e-06,-2.9189e-06,1.1424e-05,-9.762e-06,-1.4484e-06,2.5528e-06,9.4557e-06,1.1049e-05,9.6076e-06,-3.9601e-07,-1.4263e-06,-1.1857e-05,9.1855e-06,-7.5954e-09,1.8735e-05,-6.2721e-06,-1.4166e-06,-2.7732e-05,-1.1153e-05,2.2777e-05,8.1904e-06,5.3523e-06,1.8445e-06,-7.2603e-06,4.7946e-06,5.4579e-06,-9.8499e-06,-3.1679e-06,-2.17e-06,-6.121e-06,-4.293e-06,1.0907e-06,4.2313e-06,2.8513e-06,2.4652e-06,4.446e-06,-8.9599e-06,-5.9544e-06,-1.3424e-05,7.808e-06,-1.2159e-05,-1.3619e-06,-8.3603e-06,-5.9774e-06,-8.5251e-06,-7.8925e-06,-8.5684e-06,9.1867e-06,-4.5876e-07,-9.6566e-06,-3.0335e-06,-7.1488e-07,-1.6562e-05,-3.3512e-06,9.1549e-06,-5.9822e-06,-1.0336e-06,-2.4798e-06,3.6834e-06,1.1589e-09,-1.2361e-06,-0.10715,-8.2977e-06,-9.7574e-06
-5.4777e-06,-6.9643e-06,-1.1502e-05,-2.8382e-05,-2.0438e-06,-1.4578e-06,-4.1896e-07,1.9747e-06,-1.7493e-05,-3.6327e-06,-2.6826e-06,-2.397e-07,-8.1709e-06,-2.3716e-06,2.1831e-06,-1.9051e-06,-8.2457e-06,-2.7536e-06,3.5297e-06,3.1128e-07,-6.8488e-06,1.2907e-06,-1.9163e-06,-2.0711e-06,-7.7147e-06,-2.3911e-06,8.0236e-07,-2.9783e-07,2.219e-06,-5.2124e-08,-4.9754e-06,-7.5751e-06,-9.5261e-06,-2.9209e-06,-5.6563e-07,2.2097e-06,-4.1808e-06,-6.8175e-06,-0.0004972,-8.5697e-06,4.22e-06,-4.6995e-06,-5.0215e-06,-6.1729e-06,-6.1522e-06,1.9583e-06,1.97e-06,-8.2766e-06,-1.2021e-05,-7.1801e-06,-5.5201e-06,-3.8736e-06,-6.3427e-06,-5.0029e-07,-9.2133e-07,1.4887e-07,3.6127e-07,-2.8733e-05,-7.224e-06,-1.2158e-05,1.3618e-06,-8.4899e-06,-7.8527e-07,-1.1112e-05,-7.2871e-06,-5.3564e-06,-5.1725e-06,-5.7437e-06,4.1987e-07,-3.4847e-06,-5.3843e-06,-2.898e-06,-1.3687e-07,-2.1738e-05,-2.592e-06,-1.3994e-06,-1.0074e-05,-9.9159e-07,-2.247e-06,1.3222e-06,-3.0645e-05,1.1046e-09,-0.22967,-8.4232e-06,-8.4671e-06
1.4565e-06,-3.5709e-06,-7.8805e-07,-7.2317e-06,1.4115e-06,1.8391e-06,1.0237e-06,1.3878e-06,-1.1706e-05,-1.6822e-06,1.8275e-06,4.8294e-05,7.5836e-06,-3.0024e-06,3.0964e-06,1.6495e-06,-1.2664e-06,-6.48e-06,5.2907e-06,8.4657e-07,-4.3669e-06,2.2748e-06,5.4543e-08,2.7144,4.2728e-06,2.9736e-08,-3.6233e-07,2.7934e-05,6.6395e-05,0.00062451,2.7419e-06,9.3962e-06,4.0806e-06,2.1591,6.9942e-08,4.8545e-05,4.3681e-06,6.3459e-06,4.3509e-06,-9.022e-07,0.00059936,3.8514e-05,-9.1775e-07,7.3419e-06,2.2418e-06,1.6969e-05,-1.013e-06,-8.0202e-07,-2.1359e-06,1.9465e-06,-3.1678e-07,-2.9001e-06,2.6104e-05,3.8176e-06,3.7793e-06,5.4485e-07,8.8754e-06,-4.6314e-06,8.0129e-06,-3.5894e-05,-8.4599e-06,-2.5992e-06,1.9544e-06,-1.3015e-06,1.1028e-06,-1.3953e-06,-3.3783e-06,-6.3613e-06,6.2461e-06,-1.8067e-06,-1.5549e-06,-1.5776e-06,-2.8485e-06,2.3849e-05,-5.5227e-06,2.5539e-06,-1.0704e-05,5.2657e-06,-1.5809e-06,3.0925e-07,7.1129e-06,-2.3681e-06,1.0423e-09,-6.0906e-07,7.4377e-07
-8.88e-05,-0.00010153,-0.00019858,-0.00039897,-1.6675e-05,3.1068e-05,-5.0803e-06,6.0884e-05,-0.00023306,-7.5134e-05,-3.6164e-05,5.5564e-05,-7.8321e-05,1.0325e-05,8.9613e-05,-4.5752e-05,-8.6994e-05,-3.8826e-05,0.00012923,6.3403e-05,-0.00014758,7.5462e-05,-3.7126e-05,2.1465e-05,-0.00013722,-3.5526e-05,2.6108e-05,4.6074e-05,8.4355e-05,3.3539e-05,-5.1525e-05,-8.7483e-05,-0.00016264,-6.9415e-06,-3.1659e-05,0.00011402,-7.5535e-05,-5.9258e-05,-0.0021341,-0.00015627,0.00016541,1.4236e-05,3.8628e-05,-5.979e-05,-9.598e-05,4.078e-05,4.4575e-05,-0.00010621,-0.00015342,-9.8991e-05,-4.1911e-05,-5.8617e-05,-6.1298e-05,3.8166e-05,2.6133e-05,4.3229e-05,4.699e-05,-0.00042492,-7.4149e-05,-0.00017936,5.3075e-05,-0.0001195,-7.0014e-06,-0.00014722,-0.0001101,-9.1272e-05,-8.4729e-05,-5.6427e-05,4.4115e-05,-1.2695e-05,-0.00012374,-1.3438e-06,-2.1325e-05,-0.00029996,-4.4156e-05,6.2898e-05,-0.00017792,-1.0212e-05,-3.3004e-05,3.3404e-05,-0.00048422,-1.6105e-05,-0.18319,1.4257e-09,-0.00012675
-7.1854e-05,-0.00010177,-0.00017029,-0.00042208,-1.1108e-05,2.911e-05,-3.5395e-06,4.9449e-05,-0.00022399,-5.5212e-05,-2.0879e-05,4.9489e-05,-8.6816e-05,-7.0858e-06,6.4899e-05,-3.404e-05,-8.7304e-05,-4.0749e-05,0.00010385,3.9846e-05,-0.00011153,5.4097e-05,-2.6173e-05,2.3144e-05,-0.00011448,-2.9153e-05,1.9952e-05,4.7869e-05,7.7556e-05,3.3773e-05,-4.1826e-05,-7.822e-05,-0.00012313,3.4104e-06,-8.1221e-06,0.00011014,-6.7051e-05,-6.9518e-05,-0.0059431,-0.00010963,0.00014861,-1.3127e-05,-1.8026e-06,-5.5339e-05,-8.0229e-05,4.1616e-05,3.8281e-05,-9.0644e-05,-0.00015151,-8.7005e-05,-6.1942e-05,-5.391e-05,-5.32e-05,2.3324e-05,1.4713e-05,2.312e-05,3.2722e-05,-0.00042582,-8.5993e-05,-0.00016525,4.4519e-05,-0.00011733,-2.0552e-06,-0.00014549,-9.3509e-05,-8.0512e-05,-7.7602e-05,-7.2047e-05,3.3649e-05,-2.1778e-05,-8.9584e-05,-1.7858e-05,-8.8537e-06,-0.00029394,-3.8583e-05,3.6675e-05,-0.0001442,-5.859e-06,-2.6643e-05,2.9493e-05,-0.0004551,-1.7987e-05,-0.17662,-9.9552e-05,1.3381e-09
