0.00022928,-2.7977e-05,0.00018066,0.00023403,0.0001253,0.00028121,0.00011745,7.5111e-05,0.00028952,0.00012155,0.00020778,0.00024978,0.00014102,0.00013723,0.00014584,0.00010402,0.00025622,9.2749e-05,0.00021485,0.00011314,0.00011515,5.9215e-05,0.00012694,0.00029237,0.0002163,0.00013702,6.5444e-05,0.00031007,0.00016598,0.00031285,0.00021123,0.00032834,0.00012508,0.00015545,9.7458e-05,0.00031255,9.7451e-05,0.00030141,0.00052071,0.00010436,0.00024427,0.00022643,0.00038211,9.4728e-05,0.00019481,7.9431e-05,0.0001458,0.00014737,0.00035563,0.00027407,5.9363e-05,0.00015544,0.00039966,0.00020274,0.00020212,0.00011517,0.00024382,0.00023172,0.00019495,-0.00018552,0.00021971,0.00012785,0.00012206,0.00012903,7.3678e-05,0.00018149,0.00016593,0.00013034,0.00035968,0.00011878,0.00016308,0.00010849,0.00012408,0.00016731,0.00019045,5.9864e-05,0.0001642,0.00016013,0.00020139,0.00014443,0.00026808,0.00019562,0.00028454,8.2526e-05,0.00019522
-2.7977e-05,0.00074036,0.00019841,0.00057884,0.00020533,0.0006013,-9.6119e-05,-0.00024784,0.0001679,-3.896e-06,0.00019362,0.000329,0.0003605,0.00015126,-8.0969e-05,0.00024205,0.0002378,7.7885e-05,-3.0207e-05,-8.0811e-06,3.8551e-05,-3.8586e-05,-8.1056e-05,0.00052948,3.08e-05,2.7614e-05,5.1691e-05,0.00034628,0.00015329,0.00026288,0.00032225,0.0002756,0.00015248,1.4715e-05,-8.0886e-05,0.00055654,-3.3834e-05,0.00034183,0.00070435,0.00039701,0.00046453,0.00088797,0.00038314,0.00035918,0.00032386,-4.6605e-05,-3.5229e-05,0.00030436,0.00088761,0.00036493,9.9803e-05,2.7252e-05,0.00031884,-1.6903e-05,1.0878e-06,-4.1412e-05,0.00045445,0.00031507,6.1739e-05,-0.0003047,0.00047865,1.7644e-05,7.417e-05,0.00042465,0.00057671,1.9599e-05,0.00023328,8.3529e-05,0.00037294,9.1676e-05,-8.3582e-05,-6.9028e-06,-0.00014778,0.00026472,-4.8495e-05,0.00023368,6.2621e-05,8.0273e-06,-0.00019535,3.594e-06,0.00037395,0.00018365,0.00040076,0.00020188,0.00017042
0.00018066,0.00019841,0.00063056,0.00080373,0.00039553,0.00056169,-3.4229e-05,0.0001209,0.00051204,0.0002456,0.00054075,0.00070503,0.00049293,0.00035389,0.00037987,0.00035438,0.00057483,0.00018302,0.0004155,0.00024198,0.00039233,0.00026122,0.00025801,0.00048917,0.00024184,0.00022421,9.3575e-05,0.00086881,0.00047726,0.00062656,0.00059994,0.00065507,0.00037933,0.00063738,0.00020538,0.00072255,0.0001918,0.00065147,0.0011624,0.00048988,0.00069512,0.00054698,0.00043621,0.00052462,0.00050424,0.00027741,0.00024145,0.00059107,0.0006072,0.00032732,0.00018047,0.0003738,0.00065166,0.00038165,0.00040966,0.00032564,0.00033802,0.00075767,0.00058304,-3.296e-05,0.00046961,0.00035498,0.00042075,0.00054264,0.00075691,3.6572e-05,0.00018047,0.00023777,0.00045498,0.00036817,0.00012053,0.00021034,0.00020671,0.00040114,0.00028519,0.00030602,0.00049622,0.00029994,0.00017897,0.00021817,0.00070932,0.00029093,0.00065505,0.00040294,0.00050099
0.00023403,0.00057884,0.00080373,0.0022009,0.00069492,0.0020653,-0.00024119,8.8976e-05,0.0017604,0.0002325,0.0007026,0.0013784,0.0012498,0.00047569,0.00067833,0.00051514,0.0010736,0.00038034,0.0005873,0.000195,0.00053212,0.0002193,0.0003922,0.0013663,0.00042503,0.00029369,0.0002444,0.001123,0.00073845,0.0011559,0.0010042,0.00097708,0.00084098,0.0013069,6.9208e-05,0.0010996,0.00013793,0.0012581,0.0025431,0.00083515,0.0013001,0.0027094,0.0028728,0.0012413,0.00099751,0.00042335,0.00025457,0.00094456,0.0017666,0.0014205,0.00028901,0.00043835,0.0026992,0.00039586,0.00045466,0.00046926,0.00076295,0.0019422,0.00081136,-0.00012041,0.0010912,0.00067476,0.00068443,0.0010998,0.0012576,-0.00016156,0.00056561,0.00051793,0.0011884,0.00057784,0.00038241,0.00027758,0.00036243,0.00069301,0.00042974,0.00054459,0.00062421,0.00061495,-3.5739e-05,0.000454,0.001448,0.00056706,0.0013231,0.00055018,0.00055893
0.0001253,0.00020533,0.00039553,0.00069492,0.00058209,0.00087263,-5.4152e-06,0.00011905,0.00073247,7.6055e-05,0.00032402,0.00076976,0.00052216,0.00020978,0.00027511,0.00030102,0.0004408,0.00011813,0.00025904,4.3121e-05,0.00018524,0.00015424,0.0002028,0.00066222,6.3764e-05,0.00014018,0.0001306,0.00070424,0.00049668,0.00078628,0.00054018,0.00065956,0.00028236,0.00048186,5.9697e-05,0.00073648,0.00014724,0.00069076,0.0010527,0.00050592,0.00079102,0.00046895,0.00069836,0.00052483,0.00043809,0.00025955,0.00019103,0.00048494,0.00089563,0.00063987,0.00011011,0.00025312,0.00031462,0.00032805,0.00031105,0.00022059,0.00024081,0.0007019,0.00034613,-0.00015044,0.00031415,0.00034028,0.00031385,0.0004343,0.00035359,6.8273e-05,0.00022434,0.00020836,0.00054943,0.00025766,3.674e-05,8.9291e-05,8.1759e-05,0.00054904,0.000285,0.00027737,0.00022536,0.00026095,0.00013868,0.0002064,0.00069289,0.00027471,0.00080281,0.00034782,0.00039432
0.00028121,0.0006013,0.00056169,0.0020653,0.00087263,0.0039255,-3.157e-05,7.0468e-05,0.0024304,0.00027425,0.00093733,0.0017167,0.0014387,0.00037,0.00063192,0.00064911,0.0013223,0.00057854,0.00065551,8.2373e-05,0.0005017,-2.4272e-05,0.00031909,0.0019992,0.00037502,0.00027578,0.00034225,0.0010866,0.00059282,0.0019518,0.0010993,0.0014445,0.00085418,0.0012393,-4.1593e-05,0.00095251,0.00032661,0.0013681,0.0026245,0.0009716,0.0014974,0.0040308,0.0058081,0.0013335,0.001379,0.00032137,0.00044684,0.00094946,0.0036682,0.0032346,0.00028514,9.7684e-05,0.0031643,0.000391,0.00026365,0.0002329,0.00092927,0.0015505,0.00055152,-0.0005003,0.0016057,0.00055982,0.00042982,0.0010828,0.00046881,0.00041993,0.00056115,0.00049321,0.0020481,0.00055559,0.00038538,0.00017668,0.00054061,0.0011454,0.00059154,0.00057024,0.00032728,0.00070892,-0.00021952,0.00063228,0.001657,0.0008123,0.0021383,0.00053986,0.00067181
0.00011745,-9.6119e-05,-3.4229e-05,-0.00024119,-5.4152e-06,-3.157e-05,0.0003603,8.3739e-05,6.9521e-05,-4.7873e-06,2.8593e-05,-0.00028586,-0.00020919,-9.4546e-05,-2.7789e-05,-9.6741e-05,6.6502e-05,-4.1401e-05,-3.1932e-05,7.8284e-06,-3.9184e-05,-6.3153e-05,7.0683e-05,-9.5819e-06,7.9789e-05,-3.8264e-06,3.0259e-05,-0.00014587,-2.7347e-07,-2.2963e-05,-5.8883e-05,9.5712e-05,-5.8943e-05,-0.00030388,3.6119e-05,-0.00013962,-1.0077e-05,1.5015e-06,-9.3951e-05,-4.7556e-05,-0.00019296,-0.0004286,0.00010163,-0.00020246,-8.3389e-05,3.8628e-05,1.199e-05,-4.6827e-05,-5.8744e-05,-0.00017466,-3.9293e-05,-5.0503e-05,0.00012821,7.7952e-05,5.8773e-05,-1.8368e-06,-1.9701e-06,-0.0001989,-7.4975e-05,-0.00010565,6.1319e-05,-4.4331e-05,2.7504e-07,-0.00026091,-0.00045796,0.00020461,8.8576e-05,-5.2369e-05,4.6976e-05,-7.2003e-05,-2.3601e-05,7.1738e-05,-4.9184e-05,1.2493e-05,-1.7402e-05,-0.00011621,-0.00016013,7.5549e-06,0.00014077,1.9094e-05,-8.4637e-05,8.3252e-06,1.6266e-05,2.7463e-05,6.7556e-05
7.5111e-05,-0.00024784,0.0001209,8.8976e-05,0.00011905,7.0468e-05,8.3739e-05,0.000426,0.00010178,6.246e-05,5.9548e-05,1.7059e-06,3.5545e-05,1.2145e-05,0.00018547,-3.026e-05,0.00015013,0.00013631,0.00018258,9.4451e-05,4.6175e-05,5.5461e-05,0.00020672,-3.2582e-05,8.6619e-05,0.00011081,7.1038e-05,-3.4286e-05,1.2596e-05,0.00023387,0.00012376,-5.2313e-05,-8.6959e-06,0.0001117,0.00015808,-8.8576e-05,9.6748e-05,3.8125e-05,0.00011319,-4.3235e-05,-5.4264e-05,-0.00020854,0.00035552,0.00013783,0.00014167,0.00028,0.00015821,9.4818e-05,-0.00018918,0.00020048,2.722e-05,0.00023165,0.00018038,0.00024585,0.00023402,0.0002885,-0.00013246,0.00035423,0.00020765,0.00017521,8.1013e-05,0.00017538,0.00025663,-6.8403e-05,-0.00023928,2.8287e-05,-7.4008e-05,0.00014329,0.00012505,0.00017523,9.5553e-05,4.9889e-05,0.00016888,-0.00014144,0.00017007,-8.2752e-05,0.0001614,0.00021352,0.00021952,0.00011625,4.5649e-06,0.00010899,-1.445e-06,1.9147e-05,6.8152e-05
0.00028952,0.0001679,0.00051204,0.0017604,0.00073247,0.0024304,6.9521e-05,0.00010178,0.0043121,0.00043479,0.00080685,0.0018118,0.0014477,0.00021807,0.00087036,0.00054819,0.0012474,0.00028889,0.0006983,0.00027488,0.00023751,0.00011123,0.00025331,0.0015826,0.00029656,0.0001465,5.2746e-05,0.0011408,0.0010205,0.0018321,0.00063393,0.0016522,0.00092155,0.00097031,-1.0816e-05,0.00095314,0.00015573,0.0013129,0.0025814,0.00084804,0.0013678,0.0035054,0.005601,0.0017842,0.0007679,0.0004933,0.00036373,0.00095717,0.0020392,0.0021212,-5.7574e-05,-0.00011092,0.0054853,0.00053476,0.00052831,0.00010345,-5.3623e-05,0.001623,0.00018773,-0.00037078,0.00086899,0.00052793,0.00066481,0.0009754,0.00037477,-0.00024275,0.00037008,0.00013632,0.001282,0.00036908,0.0003946,0.00051902,0.00042659,0.0011026,0.00064449,0.00075269,0.00043998,0.00055358,-1.7798e-05,0.00059789,0.0015621,0.00018249,0.0019016,0.00026457,0.00063655
0.00012155,-3.896e-06,0.0002456,0.0002325,7.6055e-05,0.00027425,-4.7873e-06,6.246e-05,0.00043479,0.00038613,0.00034357,0.00053494,0.000103,0.00017128,0.00020457,0.00028569,0.00025742,0.00021747,0.00033235,0.00016637,0.00023567,9.5209e-05,0.00012672,0.00019359,0.00010456,0.00020341,-2.7809e-06,0.00056731,0.00014106,0.00037721,0.00020474,0.00056733,0.00022434,0.00016566,0.00025535,0.00052466,0.00020398,0.0002775,0.00055487,2.8894e-05,0.00038965,0.00076498,0.00070787,0.00017339,0.0001663,0.0001306,0.00025384,0.00020733,0.00024451,0.00037405,8.5877e-06,0.00022277,0.0007993,0.00022999,0.00022897,9.696e-05,5.2645e-05,0.00023645,0.00013509,9.34e-05,0.00031599,0.00017751,0.00014235,0.00012409,0.00033441,0.00014367,-7.1349e-05,8.4306e-05,0.00037148,0.0002247,7.7763e-05,3.4799e-05,0.00025464,0.00020471,0.000306,6.2116e-05,0.00023747,0.00017661,0.00022027,0.00020402,0.0003625,0.00025012,0.00033728,7.8155e-05,0.00029256
0.00020778,0.00019362,0.00054075,0.0007026,0.00032402,0.00093733,2.8593e-05,5.9548e-05,0.00080685,0.00034357,0.0013654,0.0004181,0.00049394,0.00047149,0.0005029,0.00041932,0.00060874,0.00035523,0.00066399,0.00044181,0.00059539,0.00035055,0.00023343,0.00068381,0.00028366,0.00028653,0.00021258,0.00062339,0.0004979,0.00076604,0.00075142,0.00061287,0.00036558,0.00046294,0.00026852,0.0006267,4.0722e-05,0.00078983,0.0011979,0.00040184,0.00046167,0.0004641,0.0011611,0.00027863,0.00066985,0.00025279,0.00048936,0.0004653,0.00066648,0.00042441,3.5524e-05,0.00017049,0.0011717,0.00047918,0.00050503,0.00023059,0.00042187,0.00074234,0.00036195,9.8736e-05,0.00020898,0.0003036,0.0003333,0.0002673,0.00042764,0.00027935,0.00031733,0.00016023,0.00050791,0.00038013,0.00044154,0.00042486,0.00025147,0.00037304,0.00042211,0.00047406,0.00056148,0.00040373,-5.9639e-06,0.0003468,0.00083947,0.00042354,0.00099925,0.00025863,0.00058095
0.00024978,0.000329,0.00070503,0.0013784,0.00076976,0.0017167,-0.00028586,1.7059e-06,0.0018118,0.00053494,0.0004181,0.0026691,0.0013084,0.00060621,0.00068037,0.0010253,0.00092131,0.00052472,0.00060688,-1.0822e-05,0.00032395,0.0002081,0.00019168,0.0012088,0.00019495,0.0005731,0.00014973,0.0019614,0.00077962,0.0019156,0.00097896,0.0014494,0.00095014,0.0012817,0.0002306,0.0018484,0.00067836,0.0012573,0.0022988,0.0009987,0.002133,0.0029801,0.0020623,0.0013394,0.00085062,0.00020155,0.00042175,0.00093626,0.0022485,0.0016916,0.00018686,0.00053587,0.0017169,0.00055675,0.00050503,0.00029827,0.00061833,0.0014072,0.00052095,-0.0002347,0.00073948,0.00073617,0.00031139,0.0013741,0.0016559,2.8849e-06,0.00027327,0.00032822,0.001331,0.00048733,-1.0223e-05,0.00022043,0.00062509,0.0015129,0.00073296,0.00056273,0.00062405,0.00042356,0.0003419,0.00059901,0.0015264,0.00058583,0.0014683,0.00049506,0.00086772
0.00014102,0.0003605,0.00049293,0.0012498,0.00052216,0.0014387,-0.00020919,3.5545e-05,0.0014477,0.000103,0.00049394,0.0013084,0.0013553,0.00038641,0.0004805,0.00053396,0.00057897,0.00021867,0.00039103,8.8585e-05,0.00022858,0.00022474,0.00016962,0.0010037,0.00028709,0.00028146,0.00015227,0.00087588,0.0006102,0.0011972,0.00059933,0.00062118,0.00053129,0.00097099,1.3103e-06,0.00071004,0.00016234,0.00097817,0.0019865,0.00083604,0.0010552,0.0018403,0.0020394,0.00094186,0.00083275,0.00018233,0.00017622,0.00074056,0.0017366,0.0013515,0.00014195,0.00020221,0.0017923,0.00030358,0.00030274,0.00030229,0.00041628,0.0012999,0.00045515,-0.0002854,0.00053161,0.00051853,0.00037283,0.0011533,0.001031,-0.00025856,0.00026757,0.00013684,0.00078874,0.00030987,0.00016323,0.00033895,0.00029632,0.00099104,0.00028809,0.00055589,0.00053692,0.00040149,-0.00014397,0.0004077,0.0011724,0.00037417,0.0010644,0.00034883,0.00048214
0.00013723,0.00015126,0.00035389,0.00047569,0.00020978,0.00037,-9.4546e-05,1.2145e-05,0.00021807,0.00017128,0.00047149,0.00060621,0.00038641,0.00043809,0.0002897,0.00025859,0.0003688,0.00012318,0.0002295,0.0001654,0.00021991,0.0002343,0.00011306,0.00046371,0.0002498,0.0002287,0.00011731,0.00056884,0.00026392,0.00068099,0.00048621,0.00041286,0.00038137,0.00031887,0.00014795,0.00061085,8.394e-05,0.00049786,0.00068154,0.00038776,0.00059872,0.00043322,0.00055571,0.00025987,0.00041721,0.00012157,0.00020954,0.00035374,0.00049036,5.6423e-05,0.00015388,0.00022518,0.00039522,0.0002722,0.000284,0.0002704,0.00043791,0.00054843,0.00039524,-5.0368e-05,0.00011698,0.00027539,0.00018128,0.00036603,0.00062323,9.6912e-05,0.00021627,0.00021767,0.00037864,0.00021347,0.00013079,0.00019816,0.00014141,0.00046153,0.00023054,0.00017782,0.00036278,0.00019752,9.667e-05,0.00018676,0.00043321,0.00024121,0.00044697,0.00024361,0.00035392
0.00014584,-8.0969e-05,0.00037987,0.00067833,0.00027511,0.00063192,-2.7789e-05,0.00018547,0.00087036,0.00020457,0.0005029,0.00068037,0.0004805,0.0002897,0.00050504,0.00017065,0.00050641,0.0002175,0.0004128,0.00019318,0.00028153,0.00021061,0.00020292,0.00050901,0.00022385,0.00021969,0.00012802,0.00058649,0.00039433,0.00068687,0.00048731,0.00053881,0.00036621,0.00068258,0.00016768,0.00048331,9.3984e-05,0.00054707,0.00097891,0.00033416,0.00056838,0.0006794,0.0010182,0.00054118,0.00040557,0.00025709,0.00024294,0.00040415,0.00041912,0.00032656,7.1664e-05,0.00024054,0.0010791,0.00037041,0.00040315,0.00028265,0.0002366,0.00082129,0.00044066,0.00020754,0.00015237,0.00037227,0.00029481,0.000416,0.00049578,-4.2096e-05,0.00020884,0.00017759,0.0004251,0.00028455,0.00031655,0.00026576,0.000274,0.00037825,0.00033507,0.00026123,0.00040875,0.00029867,0.00013327,0.0002841,0.00062872,0.00018143,0.00072575,0.00021948,0.00035041
0.00010402,0.00024205,0.00035438,0.00051514,0.00030102,0.00064911,-9.6741e-05,-3.026e-05,0.00054819,0.00028569,0.00041932,0.0010253,0.00053396,0.00025859,0.00017065,0.00097493,0.0003999,0.000321,0.00022912,4.2583e-05,0.00019616,6.9257e-05,0.00012213,0.00019788,-9.065e-06,0.00024757,-4.074e-05,0.00081169,0.00044712,0.00055712,0.00054958,0.00026742,0.00057015,0.00032383,8.103e-05,0.00064881,0.00047979,0.00049477,0.00084353,0.00047677,0.0007568,0.0014121,0.00053056,0.00026071,0.00042865,-1.9413e-05,0.00024836,0.00045536,0.00095334,0.00096862,-8.8549e-06,0.00034398,0.0011023,0.0001927,0.00012521,-2.8759e-05,7.7054e-05,0.00055422,-2.4094e-05,-0.00026188,0.00034931,0.00023752,0.00012101,0.00024836,0.00037393,0.00016089,-2.9335e-05,6.9223e-05,0.00044746,0.00013353,-0.00025275,6.2318e-05,0.00030516,0.00055919,0.00026294,0.00025691,0.0002307,0.00023417,0.00018005,0.00021303,0.00075196,0.00050773,0.00028401,0.00020561,0.00045099
0.00025622,0.0002378,0.00057483,0.0010736,0.0004408,0.0013223,6.6502e-05,0.00015013,0.0012474,0.00025742,0.00060874,0.00092131,0.00057897,0.0003688,0.00050641,0.0003999,0.00097254,0.00031215,0.00041487,0.00025481,0.00029393,0.00010895,0.00021359,0.00085279,0.00032186,0.00019179,0.00011208,0.0008399,0.00054077,0.00098376,0.00082587,0.0008359,0.00064451,0.00072452,9.985e-05,0.00073473,0.00022589,0.00071016,0.0012473,0.00062099,0.00085184,0.0015656,0.0020533,0.00089195,0.00069049,0.00028012,0.00029183,0.00067949,0.001235,0.00089619,0.00018393,0.00028863,0.0018628,0.00044556,0.00044502,0.00021944,0.00052456,0.0009478,0.00055623,-0.00018208,0.00072345,0.00032836,0.00041427,0.00048065,0.00039794,0.00021003,0.00036163,0.00034257,0.00089756,0.00036323,0.00025493,0.00025312,0.00029671,0.00042045,0.00037335,0.00035912,0.00040873,0.00037456,0.00016829,0.00027661,0.00083181,0.00034674,0.0010247,0.00038961,0.00051194
9.2749e-05,7.7885e-05,0.00018302,0.00038034,0.00011813,0.00057854,-4.1401e-05,0.00013631,0.00028889,0.00021747,0.00035523,0.00052472,0.00021867,0.00012318,0.0002175,0.000321,0.00031215,0.0004641,0.00040584,5.9038e-05,0.00022754,-3.331e-05,6.6837e-05,0.00022554,6.3659e-05,0.00025754,0.00014276,0.00044089,9.5695e-05,0.00034414,0.00049448,6.3586e-05,0.00017043,0.00045121,0.00013985,0.00045997,0.00021741,0.00024349,0.00050754,3.4667e-05,0.00041875,0.00076933,0.00050298,0.00026737,0.00033257,8.0564e-05,0.00027182,0.00015251,0.00041916,0.00061799,-8.101e-06,0.00017308,0.00043126,0.00021698,0.00020644,7.9083e-05,0.00025508,0.00046059,6.6094e-05,2.9667e-05,0.00022037,0.00017982,0.00013117,0.00016193,0.00028923,0.0001543,1.9825e-05,0.00012514,0.0003793,0.00023572,0.00015272,4.8531e-05,0.00033353,2.3266e-05,0.00030643,0.00017113,0.00023101,0.00024671,0.00012563,0.00023346,0.00040384,0.00029326,0.00040234,-5.6339e-06,0.00022656
0.00021485,-3.0207e-05,0.0004155,0.0005873,0.00025904,0.00065551,-3.1932e-05,0.00018258,0.0006983,0.00033235,0.00066399,0.00060688,0.00039103,0.0002295,0.0004128,0.00022912,0.00041487,0.00040584,0.0007103,0.00024719,0.00046086,0.00016741,0.00022139,0.00048928,0.00020894,0.00030842,0.00017923,0.00079874,0.00031477,0.00053785,0.00054699,0.00054661,9.5281e-05,0.00068901,0.00026779,0.0006515,0.00014171,0.00055536,0.0010806,9.2683e-05,0.00057477,0.00048189,0.0008179,0.0003406,0.00042144,0.00024941,0.00037668,0.00034477,0.00036422,0.00065194,4.7036e-05,0.00023796,0.00071282,0.00038461,0.00039963,0.0002599,0.00021708,0.00063974,0.00036055,6.5301e-05,0.00022254,0.00032185,0.00034054,0.00040358,0.00056367,0.00011215,4.4039e-05,0.00017142,0.00043116,0.00038307,0.00038169,0.00016031,0.00033748,0.00023966,0.00045445,0.00029705,0.00049644,0.00037421,0.00021544,0.00034128,0.00067341,0.00028966,0.00076399,0.00011711,0.00040523
0.00011314,-8.0811e-06,0.00024198,0.000195,4.3121e-05,8.2373e-05,7.8284e-06,9.4451e-05,0.00027488,0.00016637,0.00044181,-1.0822e-05,8.8585e-05,0.0001654,0.00019318,4.2583e-05,0.00025481,5.9038e-05,0.00024719,0.00030529,0.00019353,0.00016285,0.00010852,0.00016138,0.00018787,4.1558e-05,-1.2807e-05,0.00021703,0.00017355,0.00011434,0.00020324,0.00023573,0.00010632,0.00017337,0.00013629,0.00017348,1.9485e-05,0.00019549,0.00035693,4.6162e-05,1.5235e-05,3.4044e-05,0.00037207,0.00017374,0.00020987,0.00013409,0.00017473,0.00016774,-3.9989e-05,8.5858e-05,3.743e-05,0.00018036,0.00054259,0.00022155,0.00025752,0.00011212,0.00010154,0.00019999,0.00025406,0.00011062,0.00014023,4.7555e-05,0.00018565,2.7956e-05,3.7934e-05,8.6348e-05,4.1665e-05,8.7411e-05,0.00014478,0.00017353,0.0002385,0.00011436,7.5391e-05,-0.00010796,0.00015523,8.4728e-05,0.00029027,0.00012471,8.0425e-05,6.5207e-05,0.00019272,9.6971e-05,0.00027884,7.6484e-05,0.00014869
0.00011515,3.8551e-05,0.00039233,0.00053212,0.00018524,0.0005017,-3.9184e-05,4.6175e-05,0.00023751,0.00023567,0.00059539,0.00032395,0.00022858,0.00021991,0.00028153,0.00019616,0.00029393,0.00022754,0.00046086,0.00019353,0.00054728,0.00020162,0.00025963,0.00023156,0.00019679,0.00018835,0.00012,0.00059993,0.00021465,0.00010667,0.00041112,0.00026229,0.00024405,0.00047358,0.00019661,0.00050134,0.00015553,0.00048521,0.00080186,5.6409e-05,0.00034835,0.00019197,0.00019724,5.6408e-05,0.00031968,0.00018519,0.00026826,0.00023699,0.00012398,0.00025674,6.3599e-05,0.00018139,0.00017977,0.00019511,0.00022108,0.00024322,0.00024786,0.00040963,0.00027218,0.00013158,0.00019613,0.0002636,0.00023904,0.00019854,0.00047898,8.3088e-05,3.5874e-05,0.00013275,0.0002503,0.00027052,0.00013465,0.00014133,0.00022437,9.1724e-05,0.00025418,9.5307e-05,0.000402,0.00024124,7.6845e-05,0.0002078,0.00045706,0.00022208,0.00042172,0.00014373,0.0003193
5.9215e-05,-3.8586e-05,0.00026122,0.0002193,0.00015424,-2.4272e-05,-6.3153e-05,5.5461e-05,0.00011123,9.5209e-05,0.00035055,0.0002081,0.00022474,0.0002343,0.00021061,6.9257e-05,0.00010895,-3.331e-05,0.00016741,0.00016285,0.00020162,0.00026473,0.00013939,0.00015271,0.00013155,0.000103,5.0838e-05,0.00027925,0.00021364,0.00029006,0.00016249,0.00024384,0.00014655,0.000226,0.00013768,0.00026916,9.8776e-06,0.0003291,0.00045071,0.00018628,0.00020522,-0.00023563,-9.7045e-05,9.1687e-05,0.00017738,0.00014863,0.00012902,0.00018693,-2.087e-05,-0.00020381,6.7419e-05,0.00016505,-4.8884e-06,0.00019492,0.0002259,0.00022577,9.74e-05,0.00031652,0.00028879,0.00014398,-4.9664e-05,0.00019345,0.00016715,0.00020614,0.00036422,-5.1746e-05,9.0279e-05,7.4488e-05,3.6858e-05,0.00015165,0.00010281,0.00016647,5.8164e-05,0.00022461,0.00012968,0.00010889,0.00027526,0.00011244,4.3887e-05,0.00010114,0.00025286,7.6689e-05,0.00022683,0.00016967,0.00020607
0.00012694,-8.1056e-05,0.00025801,0.0003922,0.0002028,0.00031909,7.0683e-05,0.00020672,0.00025331,0.00012672,0.00023343,0.00019168,0.00016962,0.00011306,0.00020292,0.00012213,0.00021359,6.6837e-05,0.00022139,0.00010852,0.00025963,0.00013939,0.00030013,0.0001625,0.00017509,0.00012666,6.6746e-05,0.00030352,0.00016351,0.00017123,0.00019046,0.00020319,0.00018615,0.0001719,0.00015587,0.00022582,0.00014084,0.00036084,0.00062142,6.2052e-05,0.00019494,0.00011766,0.00045219,2.3302e-05,0.00019122,0.00023324,0.00015485,0.00019901,3.6402e-05,0.00025329,6.6291e-05,0.00026825,0.00039374,0.00018861,0.00018605,0.0002969,4.3107e-05,0.00043546,0.00023752,9.6098e-05,0.00020623,0.00025158,0.00025104,4.8498e-05,7.4325e-05,5.3643e-05,3.6286e-05,0.00016023,0.00023975,0.00017166,2.8688e-05,6.613e-05,0.00012506,0.00012791,0.00017434,-9.1925e-05,0.00020585,0.00021984,0.00020129,0.00015545,0.00027681,0.00020937,0.00013726,0.00015078,0.00020076
0.00029237,0.00052948,0.00048917,0.0013663,0.00066222,0.0019992,-9.5819e-06,-3.2582e-05,0.0015826,0.00019359,0.00068381,0.0012088,0.0010037,0.00046371,0.00050901,0.00019788,0.00085279,0.00022554,0.00048928,0.00016138,0.00023156,0.00015271,0.0001625,0.0017116,0.00038858,0.00026281,0.00028914,0.0010552,0.00061809,0.001565,0.00083204,0.0014845,0.00041045,0.00079104,7.0896e-05,0.0011463,-7.7316e-05,0.0011633,0.0020705,0.00079145,0.0013222,0.0019159,0.0032093,0.00094607,0.00085885,0.00026896,0.00025948,0.00077513,0.0020689,0.0013382,0.00026145,0.00019965,0.0018389,0.00045448,0.00044909,0.0003051,0.00085207,0.001221,0.00068547,-0.00032534,0.00077121,0.00047933,0.00037798,0.00097312,0.00085906,0.00019581,0.00059825,0.00038457,0.0012887,0.00041573,0.00051602,0.00017968,0.00010955,0.0011157,0.00045763,0.00050496,0.00034678,0.00045236,2.5996e-05,0.00043876,0.0012375,0.00047323,0.0017341,0.00051432,0.00056807
0.0002163,3.08e-05,0.00024184,0.00042503,6.3764e-05,0.00037502,7.9789e-05,8.6619e-05,0.00029656,0.00010456,0.00028366,0.00019495,0.00028709,0.0002498,0.00022385,-9.065e-06,0.00032186,6.3659e-05,0.00020894,0.00018787,0.00019679,0.00013155,0.00017509,0.00038858,0.00039692,0.00014984,0.00010171,0.00028365,0.00011275,0.00030548,0.00026485,0.00020617,0.00025653,0.00024632,0.00010887,0.00029849,4.1372e-05,0.00039256,0.00068449,0.00012299,0.00022879,0.00034361,0.00087111,0.00014305,0.0003292,0.0001238,0.00013782,0.00018816,0.00031572,0.00016428,0.000132,0.00016913,0.00065403,0.00019749,0.00022436,0.00027867,0.00043124,0.00041804,0.00033968,-9.6604e-05,0.00027146,0.00018876,0.00019101,0.00022268,0.00024612,9.5451e-05,0.0001983,0.00017898,0.00038273,0.0001599,0.00020762,0.0001736,0.00013526,0.00014527,0.00015165,-2.6597e-05,0.0002798,0.00019452,0.00010542,0.00016965,0.00026313,0.00017097,0.00029729,0.0001203,0.00018496
0.00013702,2.7614e-05,0.00022421,0.00029369,0.00014018,0.00027578,-3.8264e-06,0.00011081,0.0001465,0.00020341,0.00028653,0.0005731,0.00028146,0.0002287,0.00021969,0.00024757,0.00019179,0.00025754,0.00030842,4.1558e-05,0.00018835,0.000103,0.00012666,0.00026281,0.00014984,0.00030985,0.00015457,0.00046833,9.9969e-05,0.00052948,0.00030084,0.00026008,0.00014127,0.00026909,0.0002054,0.00048711,0.00016841,0.00035606,0.00066428,0.00015363,0.00047141,0.00042522,0.00022842,0.00013217,0.00025741,0.00010347,0.00021075,0.00018341,0.00036397,0.00022618,5.7588e-05,0.0002159,0.00018308,0.00023781,0.00023057,0.0002376,0.00026491,0.00044999,0.00018828,1.8617e-05,0.00013472,0.0002643,0.00012494,0.00033275,0.00054606,8.4609e-05,0.00011297,0.00012771,0.00032003,0.0001986,9.5694e-05,0.00014087,0.00024198,0.00037038,0.00026185,0.00010544,0.00025729,0.00020124,0.00018378,0.00024947,0.00036928,0.00025924,0.00027747,0.00010315,0.00029639
6.5444e-05,5.1691e-05,9.3575e-05,0.0002444,0.0001306,0.00034225,3.0259e-05,7.1038e-05,5.2746e-05,-2.7809e-06,0.00021258,0.00014973,0.00015227,0.00011731,0.00012802,-4.074e-05,0.00011208,0.00014276,0.00017923,-1.2807e-05,0.00012,5.0838e-05,6.6746e-05,0.00028914,0.00010171,0.00015457,0.00020471,9.9487e-05,9.2585e-06,0.00035524,0.00023984,5.8578e-05,-7.0631e-06,0.00019317,6.6507e-05,0.0002035,-4.1461e-05,0.00024368,0.00033888,7.877e-05,0.00022451,-2.1042e-05,0.00036443,5.5609e-05,0.00018859,9.5075e-05,0.000106,5.1986e-05,0.00024354,5.5022e-06,6.8801e-05,5.2037e-06,-0.00012722,0.00012456,0.00012235,0.00019207,0.00028452,0.0003188,0.00014391,-1.9461e-06,2.1193e-05,0.00014478,0.00010023,0.0001787,0.00025712,6.7154e-05,0.00019713,0.00011973,0.00016126,0.00012448,0.00014306,0.00010332,8.0026e-05,0.00017571,0.00012107,8.4669e-05,7.7185e-05,0.00013977,5.6855e-06,0.00014327,0.00017276,9.5771e-05,0.00027004,8.3323e-05,0.00012827
0.00031007,0.00034628,0.00086881,0.001123,0.00070424,0.0010866,-0.00014587,-3.4286e-05,0.0011408,0.00056731,0.00062339,0.0019614,0.00087588,0.00056884,0.00058649,0.00081169,0.0008399,0.00044089,0.00079874,0.00021703,0.00059993,0.00027925,0.00030352,0.0010552,0.00028365,0.00046833,9.9487e-05,0.0022659,0.00088507,0.0011073,0.001131,0.0014833,0.00065164,0.0012041,0.00032292,0.001954,0.00052685,0.0012373,0.0020992,0.00068875,0.0019115,0.0014642,0.00085316,0.0008045,0.000702,0.00023506,0.00043164,0.00096075,0.0012054,0.0011119,0.0002104,0.00068477,0.00085371,0.00057704,0.00057123,0.00033685,0.00059151,0.0010397,0.00070824,-0.00015864,0.00051067,0.00063399,0.00043496,0.00097954,0.0015183,0.00016078,6.0233e-05,0.00030564,0.00093904,0.00050379,7.8574e-05,2.3021e-05,0.00035934,0.0011647,0.00068007,0.00038938,0.00072063,0.00041232,0.00055434,0.00045845,0.0014358,0.00053725,0.0014498,0.00057586,0.00090132
0.00016598,0.00015329,0.00047726,0.00073845,0.00049668,0.00059282,-2.7347e-07,1.2596e-05,0.0010205,0.00014106,0.0004979,0.00077962,0.0006102,0.00026392,0.00039433,0.00044712,0.00054077,9.5695e-05,0.00031477,0.00017355,0.00021465,0.00021364,0.00016351,0.00061809,0.00011275,9.9969e-05,9.2585e-06,0.00088507,0.00080924,0.00058373,0.00066277,0.00076636,0.00047185,0.00068599,3.1444e-05,0.00076977,8.1142e-05,0.00075308,0.0011632,0.00058867,0.00079383,0.00048329,0.00043393,0.00054392,0.00043472,0.00019038,0.00017923,0.00062601,0.00064272,0.00043207,2.2432e-05,0.00028493,0.0011181,0.00036695,0.00040369,6.7889e-05,0.00016369,0.00081154,0.00038473,-0.00014221,0.00015193,0.00036662,0.00033503,0.00037586,0.00038866,-3.2363e-05,0.00017745,7.6963e-05,0.0004161,0.00020792,0.00014641,0.00017705,9.1776e-05,0.00057544,0.00027998,0.0004564,0.00032822,0.00029462,0.00015395,0.00020511,0.00094645,0.00028345,0.00095216,0.00035996,0.00045413
0.00031285,0.00026288,0.00062656,0.0011559,0.00078628,0.0019518,-2.2963e-05,0.00023387,0.0018321,0.00037721,0.00076604,0.0019156,0.0011972,0.00068099,0.00068687,0.00055712,0.00098376,0.00034414,0.00053785,0.00011434,0.00010667,0.00029006,0.00017123,0.001565,0.00030548,0.00052948,0.00035524,0.0011073,0.00058373,0.0026907,0.00082886,0.0016822,0.0005757,0.0007067,0.00027331,0.0011012,0.00018912,0.0011361,0.0019037,0.0011668,0.0016069,0.002252,0.0037953,0.0012524,0.00099151,0.00042482,0.00045656,0.00094792,0.0025577,0.0013572,0.00031718,0.0001956,0.0021462,0.0007128,0.00061305,0.00051018,0.00060519,0.0013619,0.00074923,-0.0004078,0.00079395,0.00063683,0.0004757,0.0012675,0.0011035,0.00022772,0.00056855,0.00044494,0.0013833,0.00053113,0.00030728,0.00046531,0.00044057,0.0016481,0.00064913,0.00071354,0.00047076,0.00054889,0.00015452,0.00060608,0.0012149,0.0005205,0.0015955,0.00061299,0.00087528
0.00021123,0.00032225,0.00059994,0.0010042,0.00054018,0.0010993,-5.8883e-05,0.00012376,0.00063393,0.00020474,0.00075142,0.00097896,0.00059933,0.00048621,0.00048731,0.00054958,0.00082587,0.00049448,0.00054699,0.00020324,0.00041112,0.00016249,0.00019046,0.00083204,0.00026485,0.00030084,0.00023984,0.001131,0.00066277,0.00082886,0.0012988,0.00046872,0.00064505,0.00097995,0.00010843,0.0011571,0.00020268,0.00086787,0.0010971,0.00053662,0.0011409,0.00074867,0.0010785,0.00057443,0.00079901,0.00023629,0.00040284,0.00065543,0.00084447,0.00062114,0.0001656,0.00040678,0.0007683,0.00049175,0.00049772,0.00027222,0.0007219,0.0011057,0.00054608,-0.00016872,0.00025732,0.00044216,0.00043371,0.00030437,0.00056046,0.00027519,0.00024358,0.00035833,0.00067355,0.00040489,0.00022418,9.8977e-05,0.00029607,0.00042089,0.00046692,0.00038714,0.00043864,0.00048128,0.00023142,0.00031517,0.00099204,0.00049945,0.0011286,0.00040516,0.00056944
0.00032834,0.0002756,0.00065507,0.00097708,0.00065956,0.0014445,9.5712e-05,-5.2313e-05,0.0016522,0.00056733,0.00061287,0.0014494,0.00062118,0.00041286,0.00053881,0.00026742,0.0008359,6.3586e-05,0.00054661,0.00023573,0.00026229,0.00024384,0.00020319,0.0014845,0.00020617,0.00026008,5.8578e-05,0.0014833,0.00076636,0.0016822,0.00046872,0.0025588,0.00032297,0.00056331,0.00033651,0.0012994,1.6092e-05,0.001028,0.0019836,0.00081887,0.0013903,0.0018072,0.0025328,0.00093244,0.00050071,0.00036478,0.00028448,0.00095016,0.0018422,0.0010392,0.0002205,0.00030891,0.0019225,0.00057511,0.00057073,0.00018385,0.00033835,0.00075184,0.00081868,-0.00014847,0.0009561,0.00050872,0.00037408,0.00098558,0.0010477,0.0002396,0.00035528,0.00026374,0.0012952,0.00047443,0.00042323,0.00014233,0.00012815,0.0014026,0.0005615,0.00057555,0.00037061,0.00036358,0.00033257,0.00042213,0.0012699,0.00043359,0.0017964,0.00065638,0.00079858
0.00012508,0.00015248,0.00037933,0.00084098,0.00028236,0.00085418,-5.8943e-05,-8.6959e-06,0.00092155,0.00022434,0.00036558,0.00095014,0.00053129,0.00038137,0.00036621,0.00057015,0.00064451,0.00017043,9.5281e-05,0.00010632,0.00024405,0.00014655,0.00018615,0.00041045,0.00025653,0.00014127,-7.0631e-06,0.00065164,0.00047185,0.0005757,0.00064505,0.00032297,0.0010009,0.0004963,2.5297e-05,0.00073551,0.00031493,0.00064268,0.00081489,0.00046619,0.00074574,0.0014837,0.0013963,0.0004963,0.00050939,0.00013862,0.00022362,0.00044354,0.00077524,0.00047356,7.0388e-05,0.0002423,0.0016307,0.00022485,0.00023637,0.00013164,0.00039881,0.00080508,0.00020604,-0.00013113,0.00039949,0.00036194,0.00022581,0.00013323,0.00027012,5.8276e-05,0.00015541,0.00019421,0.00062499,0.00017251,-0.00012307,0.00018356,0.00032591,0.00035801,0.0002549,0.00010802,0.00025217,0.00027116,7.3146e-05,0.00021848,0.00065567,0.000347,0.00050453,0.00023797,0.00036027
0.00015545,1.4715e-05,0.00063738,0.0013069,0.00048186,0.0012393,-0.00030388,0.0001117,0.00097031,0.00016566,0.00046294,0.0012817,0.00097099,0.00031887,0.00068258,0.00032383,0.00072452,0.00045121,0.00068901,0.00017337,0.00047358,0.000226,0.0001719,0.00079104,0.00024632,0.00026909,0.00019317,0.0012041,0.00068599,0.0007067,0.00097995,0.00056331,0.0004963,0.0019284,6.8327e-05,0.00091508,0.00023819,0.00083825,0.0016561,0.00050846,0.0011215,0.0013445,0.00086258,0.0010431,0.00075465,0.00018834,0.00026341,0.00062714,0.0011003,0.00098501,0.00017687,0.00043059,0.00072587,0.00041493,0.00048107,0.00024786,0.00063329,0.0013106,0.00080734,0.0002193,0.00039424,0.00051934,0.00039479,0.0009734,0.0011547,-0.00019279,0.00023383,0.0002404,0.00061454,0.00050284,0.00050745,0.00015048,0.000533,0.0003998,0.00046612,0.00059061,0.00061572,0.00044526,4.1518e-05,0.00037876,0.0012524,0.00029951,0.0013601,0.00039576,0.0004176
9.7458e-05,-8.0886e-05,0.00020538,6.9208e-05,5.9697e-05,-4.1593e-05,3.6119e-05,0.00015808,-1.0816e-05,0.00025535,0.00026852,0.0002306,1.3103e-06,0.00014795,0.00016768,8.103e-05,9.985e-05,0.00013985,0.00026779,0.00013629,0.00019661,0.00013768,0.00015587,7.0896e-05,0.00010887,0.0002054,6.6507e-05,0.00032292,3.1444e-05,0.00027331,0.00010843,0.00033651,2.5297e-05,6.8327e-05,0.00027171,0.00032501,0.00010802,0.00018887,0.00036398,-2.9298e-05,0.00018228,5.6711e-06,3.5039e-05,6.2593e-06,9.1121e-05,0.00016873,0.00020077,0.00010447,-9.3745e-05,-3.6215e-05,3.5742e-05,0.00023709,4.112e-05,0.00023177,0.00024105,0.00022441,5.3827e-05,0.00019633,0.00020144,0.00020849,0.00012676,0.00017684,0.00014426,8.7139e-05,0.00029877,9.8219e-05,-1.7954e-05,9.4483e-05,0.00016629,0.00020364,0.00010064,6.2759e-05,0.00016419,0.00012173,0.00022587,-2.0005e-05,0.00021645,0.00014276,0.00022099,0.00016134,0.00016352,0.00017155,0.00014241,8.5008e-05,0.00022167
0.00031255,0.00055654,0.00072255,0.0010996,0.00073648,0.00095251,-0.00013962,-8.8576e-05,0.00095314,0.00052466,0.0006267,0.0018484,0.00071004,0.00061085,0.00048331,0.00064881,0.00073473,0.00045997,0.0006515,0.00017348,0.00050134,0.00026916,0.00022582,0.0011463,0.00029849,0.00048711,0.0002035,0.001954,0.00076977,0.0011012,0.0011571,0.0012994,0.00073551,0.00091508,0.00032501,0.0023581,0.00042949,0.0013247,0.0019659,0.00053463,0.0018669,0.0012164,0.00025188,0.00080361,0.0006736,0.00025417,0.00049361,0.00067464,0.0010876,0.00063552,0.0001484,0.00065315,0.00020909,0.00062005,0.00067854,0.00031445,0.0009556,0.001068,0.00050855,-0.00013719,0.00047422,0.00061801,0.00035924,0.0007544,0.0013924,0.00024315,0.00032182,0.00036797,0.0010855,0.00053027,0.00012069,4.0051e-05,0.00030656,0.00084847,0.0007382,0.00031808,0.00058826,0.00036046,0.00048612,0.00045561,0.0012667,0.00058921,0.0014666,0.00043349,0.00078368
9.7451e-05,-3.3834e-05,0.0001918,0.00013793,0.00014724,0.00032661,-1.0077e-05,9.6748e-05,0.00015573,0.00020398,4.0722e-05,0.00067836,0.00016234,8.394e-05,9.3984e-05,0.00047979,0.00022589,0.00021741,0.00014171,1.9485e-05,0.00015553,9.8776e-06,0.00014084,-7.7316e-05,4.1372e-05,0.00016841,-4.1461e-05,0.00052685,8.1142e-05,0.00018912,0.00020268,1.6092e-05,0.00031493,0.00023819,0.00010802,0.00042949,0.00053344,0.00019501,0.00039347,9.9434e-05,0.0004007,0.00076588,-0.000117,0.00020017,0.0001762,-2.2898e-06,0.0001811,0.00010869,0.00046419,0.00068223,1.3319e-05,0.00032649,-3.4031e-05,0.00013847,8.614e-05,5.0172e-05,9.6052e-05,0.0001037,-2.4419e-05,-1.3636e-05,0.0002958,9.7726e-05,-1.3087e-06,0.00012375,0.00011713,0.00016353,-5.7511e-05,8.4178e-05,0.00033436,9.9309e-05,-0.00021742,-6.7365e-06,0.00029052,0.00010386,0.00021272,-9.9153e-05,0.00017348,4.7045e-05,0.0002522,0.00011471,0.00022447,0.00022816,5.5676e-06,4.7539e-05,0.00021375
0.00030141,0.00034183,0.00065147,0.0012581,0.00069076,0.0013681,1.5015e-06,3.8125e-05,0.0013129,0.0002775,0.00078983,0.0012573,0.00097817,0.00049786,0.00054707,0.00049477,0.00071016,0.00024349,0.00055536,0.00019549,0.00048521,0.0003291,0.00036084,0.0011633,0.00039256,0.00035606,0.00024368,0.0012373,0.00075308,0.0011361,0.00086787,0.001028,0.00064268,0.00083825,0.00018887,0.0013247,0.00019501,0.0013009,0.0020968,0.00067244,0.0012694,0.0011805,0.0016172,0.00063518,0.00076898,0.0003244,0.00036714,0.00070986,0.0013182,0.00086149,0.0001605,0.000403,0.0012871,0.00050441,0.00052645,0.00041998,0.0006708,0.0012657,0.00055033,-0.00017257,0.00050252,0.00061638,0.00045708,0.00075286,0.00090664,9.2841e-05,0.00042595,0.00029022,0.00093213,0.00041716,0.00022234,0.0002752,0.0002504,0.00096055,0.00050452,0.00036838,0.00050438,0.00047801,0.00018391,0.00046904,0.0012663,0.00053151,0.0013097,0.00048497,0.00067836
0.00052071,0.00070435,0.0011624,0.0025431,0.0010527,0.0026245,-9.3951e-05,0.00011319,0.0025814,0.00055487,0.0011979,0.0022988,0.0019865,0.00068154,0.00097891,0.00084353,0.0012473,0.00050754,0.0010806,0.00035693,0.00080186,0.00045071,0.00062142,0.0020705,0.00068449,0.00066428,0.00033888,0.0020992,0.0011632,0.0019037,0.0010971,0.0019836,0.00081489,0.0016561,0.00036398,0.0019659,0.00039347,0.0020968,0.0044082,0.0012109,0.0020314,0.0033081,0.002995,0.0015439,0.0013391,0.00052131,0.00049129,0.0013353,0.0028025,0.0022879,0.00027765,0.00080787,0.0030575,0.00079469,0.00086074,0.00068925,0.0010236,0.0023946,0.0010528,-0.00014082,0.0014449,0.0010441,0.00078465,0.0019662,0.0020822,-0.00012464,0.00076625,0.00045003,0.0018403,0.00080268,0.00059387,0.00054195,0.00052466,0.0016461,0.00080405,0.00078413,0.0010724,0.0007981,0.00022299,0.00086092,0.0023484,0.00093359,0.0022211,0.00077072,0.001093
0.00010436,0.00039701,0.00048988,0.00083515,0.00050592,0.0009716,-4.7556e-05,-4.3235e-05,0.00084804,2.8894e-05,0.00040184,0.0009987,0.00083604,0.00038776,0.00033416,0.00047677,0.00062099,3.4667e-05,9.2683e-05,4.6162e-05,5.6409e-05,0.00018628,6.2052e-05,0.00079145,0.00012299,0.00015363,7.877e-05,0.00068875,0.00058867,0.0011668,0.00053662,0.00081887,0.00046619,0.00050846,-2.9298e-05,0.00053463,9.9434e-05,0.00067244,0.0012109,0.0010003,0.00088229,0.0011311,0.0010023,0.00079409,0.00060043,0.00012129,6.0397e-05,0.00074413,0.0015439,0.00059288,0.00018833,0.00014673,0.0010355,0.00028896,0.00026908,0.00015091,0.00037241,0.00080684,0.00048813,-0.00033127,0.00045405,0.00032578,0.00023942,0.0008677,0.00078127,-4.732e-05,0.00040437,0.00015168,0.00061804,0.00017917,1.1461e-05,0.0003361,5.869e-05,0.00097382,0.00011626,0.00055484,0.00031708,0.00019209,-6.4879e-05,0.00018201,0.00082269,0.00024346,0.00084861,0.00049762,0.0005124
0.00024427,0.00046453,0.00069512,0.0013001,0.00079102,0.0014974,-0.00019296,-5.4264e-05,0.0013678,0.00038965,0.00046167,0.002133,0.0010552,0.00059872,0.00056838,0.0007568,0.00085184,0.00041875,0.00057477,1.5235e-05,0.00034835,0.00020522,0.00019494,0.0013222,0.00022879,0.00047141,0.00022451,0.0019115,0.00079383,0.0016069,0.0011409,0.0013903,0.00074574,0.0011215,0.00018228,0.0018669,0.0004007,0.0012694,0.0020314,0.00088229,0.0020405,0.0019775,0.0017988,0.00099948,0.0007842,0.00022267,0.00035512,0.0009112,0.0017444,0.0011594,0.00024847,0.00049762,0.0011314,0.00051949,0.00048578,0.00035175,0.00075072,0.0013002,0.00062089,-0.00028864,0.00051698,0.00066556,0.00038005,0.0010881,0.0014919,0.00011138,0.00031211,0.00038486,0.0010986,0.00044949,5.4196e-05,7.2008e-05,0.00033459,0.0013909,0.00062948,0.00046285,0.00049515,0.00041985,0.00036299,0.00048728,0.0014059,0.0005266,0.0015051,0.00058847,0.00081403
0.00022643,0.00088797,0.00054698,0.0027094,0.00046895,0.0040308,-0.0004286,-0.00020854,0.0035054,0.00076498,0.0004641,0.0029801,0.0018403,0.00043322,0.0006794,0.0014121,0.0015656,0.00076933,0.00048189,3.4044e-05,0.00019197,-0.00023563,0.00011766,0.0019159,0.00034361,0.00042522,-2.1042e-05,0.0014642,0.00048329,0.002252,0.00074867,0.0018072,0.0014837,0.0013445,5.6711e-06,0.0012164,0.00076588,0.0011805,0.0033081,0.0011311,0.0019775,0.0079794,0.007581,0.0021402,0.0012925,3.045e-05,0.00030341,0.0011145,0.0044581,0.0041302,0.00024534,0.00039013,0.0064618,0.00019154,7.5302e-05,-6.9002e-05,0.00079725,0.0020317,0.00031419,-0.00040038,0.0024758,0.00052272,0.00026424,0.0016547,0.0014269,6.9702e-05,0.00048711,0.00049501,0.0024925,0.00055157,0.00018423,9.3626e-05,0.00093928,0.0014071,0.00063759,0.00061055,0.00035554,0.00059515,-0.00018376,0.00071262,0.0019841,0.0010022,0.0016818,0.00043138,0.00063068
0.00038211,0.00038314,0.00043621,0.0028728,0.00069836,0.0058081,0.00010163,0.00035552,0.005601,0.00070787,0.0011611,0.0020623,0.0020394,0.00055571,0.0010182,0.00053056,0.0020533,0.00050298,0.0008179,0.00037207,0.00019724,-9.7045e-05,0.00045219,0.0032093,0.00087111,0.00022842,0.00036443,0.00085316,0.00043393,0.0037953,0.0010785,0.0025328,0.0013963,0.00086258,3.5039e-05,0.00025188,-0.000117,0.0016172,0.002995,0.0010023,0.0017988,0.007581,0.016304,0.0018509,0.0018037,0.00078788,0.00061052,0.0014399,0.0046824,0.0047524,0.00053377,-0.00038591,0.010321,0.00046058,0.00014087,0.00065818,0.0004092,0.0024652,0.00073473,-0.00090334,0.0024469,0.00065027,0.0011002,0.00088864,-0.0002646,0.00051658,0.00024734,0.0008273,0.0027305,0.0007089,0.00061213,4.4189e-05,0.00077607,0.0020251,0.00084102,0.00034788,-2.9831e-05,0.001324,-0.00030454,0.0010135,0.0019268,0.00086586,0.0026465,0.00072437,0.00074628
9.4728e-05,0.00035918,0.00052462,0.0012413,0.00052483,0.0013335,-0.00020246,0.00013783,0.0017842,0.00017339,0.00027863,0.0013394,0.00094186,0.00025987,0.00054118,0.00026071,0.00089195,0.00026737,0.0003406,0.00017374,5.6408e-05,9.1687e-05,2.3302e-05,0.00094607,0.00014305,0.00013217,5.5609e-05,0.0008045,0.00054392,0.0012524,0.00057443,0.00093244,0.0004963,0.0010431,6.2593e-06,0.00080361,0.00020017,0.00063518,0.0015439,0.00079409,0.00099948,0.0021402,0.0018509,0.0016658,0.00066859,0.00029243,0.00015718,0.00071153,0.0015997,0.0011434,0.0001505,0.00021315,0.0018309,0.00042896,0.00047789,0.00013975,0.00039407,0.0011179,0.00055703,-4.5909e-05,0.00081293,0.00031188,0.00040275,0.0011142,0.00088418,-0.00024361,0.00039247,0.00025094,0.00091518,0.00042085,0.00031388,0.00031223,0.00030062,0.00043075,0.00034867,0.00063693,0.00050976,0.00022542,-6.7865e-05,0.00024836,0.0008741,8.5294e-05,0.0012245,0.00031397,0.00037617
0.00019481,0.00032386,0.00050424,0.00099751,0.00043809,0.001379,-8.3389e-05,0.00014167,0.0007679,0.0001663,0.00066985,0.00085062,0.00083275,0.00041721,0.00040557,0.00042865,0.00069049,0.00033257,0.00042144,0.00020987,0.00031968,0.00017738,0.00019122,0.00085885,0.0003292,0.00025741,0.00018859,0.000702,0.00043472,0.00099151,0.00079901,0.00050071,0.00050939,0.00075465,9.1121e-05,0.0006736,0.0001762,0.00076898,0.0013391,0.00060043,0.0007842,0.0012925,0.0018037,0.00066859,0.00085589,0.00022554,0.00031875,0.00060524,0.0014422,0.0011138,0.00018962,0.00026601,0.001123,0.00038062,0.00036831,0.00029718,0.00060497,0.00098389,0.00051859,-0.0002408,0.00061693,0.00038558,0.00036916,0.00062355,0.00053667,0.00015099,0.00025273,0.0002831,0.00085399,0.00038373,0.00023217,0.00022662,0.00031527,0.00049553,0.00033817,0.00038423,0.00047488,0.00043206,-1.8856e-05,0.00032806,0.00086855,0.00047546,0.00097384,0.0003287,0.00046257
7.9431e-05,-4.6605e-05,0.00027741,0.00042335,0.00025955,0.00032137,3.8628e-05,0.00028,0.0004933,0.0001306,0.00025279,0.00020155,0.00018233,0.00012157,0.00025709,-1.9413e-05,0.00028012,8.0564e-05,0.00024941,0.00013409,0.00018519,0.00014863,0.00023324,0.00026896,0.0001238,0.00010347,9.5075e-05,0.00023506,0.00019038,0.00042482,0.00023629,0.00036478,0.00013862,0.00018834,0.00016873,0.00025417,-2.2898e-06,0.0003244,0.00052131,0.00012129,0.00022267,3.045e-05,0.00078788,0.00029243,0.00022554,0.00035888,0.00017804,0.00027132,2.0049e-05,0.00012167,7.0474e-05,0.00015982,0.00058753,0.00027125,0.00028946,0.00032073,-2.2912e-05,0.00052771,0.00031247,0.00010167,0.00020964,0.00027074,0.00037012,0.00011684,0.00010824,-2.7486e-05,2.5807e-05,0.00017672,0.00025133,0.00025378,0.00011255,0.00011049,0.00011064,8.3058e-05,0.00021025,6.4761e-05,0.0002332,0.00025489,0.00013379,0.00015789,0.00024586,0.00011205,0.00033108,0.00015262,0.0002064
0.0001458,-3.5229e-05,0.00024145,0.00025457,0.00019103,0.00044684,1.199e-05,0.00015821,0.00036373,0.00025384,0.00048936,0.00042175,0.00017622,0.00020954,0.00024294,0.00024836,0.00029183,0.00027182,0.00037668,0.00017473,0.00026826,0.00012902,0.00015485,0.00025948,0.00013782,0.00021075,0.000106,0.00043164,0.00017923,0.00045656,0.00040284,0.00028448,0.00022362,0.00026341,0.00020077,0.00049361,0.0001811,0.00036714,0.00049129,6.0397e-05,0.00035512,0.00030341,0.00061052,0.00015718,0.00031875,0.00017804,0.00032891,0.00017013,0.000294,0.00040759,1.4464e-05,0.00018964,0.00036321,0.00029978,0.00029055,0.00016598,0.0001807,0.00034768,0.0001486,2.4031e-05,0.00015447,0.00020455,0.00018752,4.668e-05,0.00010695,0.00021327,2.2799e-05,0.00013942,0.00037589,0.00024528,0.00014524,0.00010298,0.00026442,0.00010616,0.00034095,0.00010586,0.00027032,0.00024972,0.00017277,0.00022427,0.00035698,0.0002758,0.00043502,5.9059e-05,0.00028505
0.00014737,0.00030436,0.00059107,0.00094456,0.00048494,0.00094946,-4.6827e-05,9.4818e-05,0.00095717,0.00020733,0.0004653,0.00093626,0.00074056,0.00035374,0.00040415,0.00045536,0.00067949,0.00015251,0.00034477,0.00016774,0.00023699,0.00018693,0.00019901,0.00077513,0.00018816,0.00018341,5.1986e-05,0.00096075,0.00062601,0.00094792,0.00065543,0.00095016,0.00044354,0.00062714,0.00010447,0.00067464,0.00010869,0.00070986,0.0013353,0.00074413,0.0009112,0.0011145,0.0014399,0.00071153,0.00060524,0.00027132,0.00017013,0.00082163,0.001098,0.00077475,0.00018275,0.00029419,0.0014809,0.00035861,0.00035246,0.00025701,0.00022142,0.00092476,0.00059369,-0.00022166,0.00053826,0.00041377,0.00044107,0.00069572,0.00073399,-2.3038e-05,0.00013354,0.00020851,0.00063329,0.00031384,8.93e-05,0.00017955,0.00013666,0.00077808,0.0002524,0.00043889,0.0004338,0.00035323,0.00012106,0.00024426,0.0009104,0.00033022,0.00090783,0.00047276,0.00054447
0.00035563,0.00088761,0.0006072,0.0017666,0.00089563,0.0036682,-5.8744e-05,-0.00018918,0.0020392,0.00024451,0.00066648,0.0022485,0.0017366,0.00049036,0.00041912,0.00095334,0.001235,0.00041916,0.00036422,-3.9989e-05,0.00012398,-2.087e-05,3.6402e-05,0.0020689,0.00031572,0.00036397,0.00024354,0.0012054,0.00064272,0.0025577,0.00084447,0.0018422,0.00077524,0.0011003,-9.3745e-05,0.0010876,0.00046419,0.0013182,0.0028025,0.0015439,0.0017444,0.0044581,0.0046824,0.0015997,0.0014422,2.0049e-05,0.000294,0.001098,0.0048995,0.0033333,0.00036607,9.6977e-05,0.0024805,0.00039231,0.00023452,3.8965e-06,0.0011541,0.0012125,0.0006008,-0.0010257,0.0019326,0.00044655,0.00016239,0.0017917,0.0010653,0.00043641,0.000774,0.00035389,0.0022733,0.00046425,0.00020261,0.00033198,0.0005143,0.001771,0.00045904,0.00093788,0.00031908,0.00048799,-0.00029522,0.00058274,0.0017614,0.00088743,0.0021358,0.00068933,0.00083399
0.00027407,0.00036493,0.00032732,0.0014205,0.00063987,0.0032346,-0.00017466,0.00020048,0.0021212,0.00037405,0.00042441,0.0016916,0.0013515,5.6423e-05,0.00032656,0.00096862,0.00089619,0.00061799,0.00065194,8.5858e-05,0.00025674,-0.00020381,0.00025329,0.0013382,0.00016428,0.00022618,5.5022e-06,0.0011119,0.00043207,0.0013572,0.00062114,0.0010392,0.00047356,0.00098501,-3.6215e-05,0.00063552,0.00068223,0.00086149,0.0022879,0.00059288,0.0011594,0.0041302,0.0047524,0.0011434,0.0011138,0.00012167,0.00040759,0.00077475,0.0033333,0.0041816,0.00010415,0.00034644,0.0029076,0.00025245,6.4844e-05,-3.4533e-05,0.00022036,0.0010058,0.00016746,-0.00063656,0.0015615,0.00033343,0.00026458,0.00095526,2.7421e-05,0.00035736,-8.7041e-05,0.00028502,0.0018425,0.00041955,0.0001668,-0.00015161,0.00060786,0.0007945,0.00057842,0.00037443,0.00038011,0.00058542,3.5245e-05,0.00051715,0.0013997,0.0008705,0.0014321,0.00015659,0.00043144
5.9363e-05,9.9803e-05,0.00018047,0.00028901,0.00011011,0.00028514,-3.9293e-05,2.722e-05,-5.7574e-05,8.5877e-06,3.5524e-05,0.00018686,0.00014195,0.00015388,7.1664e-05,-8.8549e-06,0.00018393,-8.101e-06,4.7036e-05,3.743e-05,6.3599e-05,6.7419e-05,6.6291e-05,0.00026145,0.000132,5.7588e-05,6.8801e-05,0.0002104,2.2432e-05,0.00031718,0.0001656,0.0002205,7.0388e-05,0.00017687,3.5742e-05,0.0001484,1.3319e-05,0.0001605,0.00027765,0.00018833,0.00024847,0.00024534,0.00053377,0.0001505,0.00018962,7.0474e-05,1.4464e-05,0.00018275,0.00036607,0.00010415,0.00017455,0.00010633,9.5589e-06,6.8956e-05,5.5942e-05,0.0001841,0.00024552,0.00021078,0.00031382,-7.8833e-05,0.00023448,8.3027e-05,0.00011887,0.00025229,0.00031212,5.4222e-05,0.00011976,0.00017764,0.00019805,0.0001149,4.1817e-05,5.2456e-06,1.5024e-05,0.00019616,3.314e-05,1.7495e-05,0.00010397,7.3783e-05,3.414e-05,3.3601e-05,0.00011193,6.7926e-05,0.0001446,0.00019524,0.00011235
0.00015544,2.7252e-05,0.0003738,0.00043835,0.00025312,9.7684e-05,-5.0503e-05,0.00023165,-0.00011092,0.00022277,0.00017049,0.00053587,0.00020221,0.00022518,0.00024054,0.00034398,0.00028863,0.00017308,0.00023796,0.00018036,0.00018139,0.00016505,0.00026825,0.00019965,0.00016913,0.0002159,5.2037e-06,0.00068477,0.00028493,0.0001956,0.00040678,0.00030891,0.0002423,0.00043059,0.00023709,0.00065315,0.00032649,0.000403,0.00080787,0.00014673,0.00049762,0.00039013,-0.00038591,0.00021315,0.00026601,0.00015982,0.00018964,0.00029419,9.6977e-05,0.00034644,0.00010633,0.00071735,-5.4904e-05,0.00033278,0.00035119,0.00028291,0.00025617,0.00060947,0.000425,0.00029904,0.00028046,0.00027847,0.00020581,0.00015939,0.00036116,0.00011706,7.1006e-05,0.00025054,0.00037049,0.00026295,8.8136e-05,-8.4696e-05,0.00016714,0.00012914,0.00028663,-0.00010008,0.00031045,0.00019778,0.00042478,0.00014626,0.00046654,0.00039639,0.00022839,0.00025816,0.00025749
0.00039966,0.00031884,0.00065166,0.0026992,0.00031462,0.0031643,0.00012821,0.00018038,0.0054853,0.0007993,0.0011717,0.0017169,0.0017923,0.00039522,0.0010791,0.0011023,0.0018628,0.00043126,0.00071282,0.00054259,0.00017977,-4.8884e-06,0.00039374,0.0018389,0.00065403,0.00018308,-0.00012722,0.00085371,0.0011181,0.0021462,0.0007683,0.0019225,0.0016307,0.00072587,4.112e-05,0.00020909,-3.4031e-05,0.0012871,0.0030575,0.0010355,0.0011314,0.0064618,0.010321,0.0018309,0.001123,0.00058753,0.00036321,0.0014809,0.0024805,0.0029076,9.5589e-06,-5.4904e-05,0.010923,0.00045815,0.0004216,0.00014343,-0.00031692,0.0025906,0.00033031,-0.00060074,0.001767,0.00064109,0.0010663,0.00070191,0.0001427,-0.00024076,0.00022597,0.00028807,0.0016782,0.00042043,0.0005069,0.0005729,0.00067905,0.0012846,0.00057024,0.00079179,0.00040358,0.0010465,-7.5502e-05,0.00076602,0.0020119,0.00068076,0.0016172,0.00038698,0.00072153
0.00020274,-1.6903e-05,0.00038165,0.00039586,0.00032805,0.000391,7.7952e-05,0.00024585,0.00053476,0.00022999,0.00047918,0.00055675,0.00030358,0.0002722,0.00037041,0.0001927,0.00044556,0.00021698,0.00038461,0.00022155,0.00019511,0.00019492,0.00018861,0.00045448,0.00019749,0.00023781,0.00012456,0.00057704,0.00036695,0.0007128,0.00049175,0.00057511,0.00022485,0.00041493,0.00023177,0.00062005,0.00013847,0.00050441,0.00079469,0.00028896,0.00051949,0.00019154,0.00046058,0.00042896,0.00038062,0.00027125,0.00029978,0.00035861,0.00039231,0.00025245,6.8956e-05,0.00033278,0.00045815,0.00046251,0.00048034,0.00026638,0.00026025,0.00059735,0.00040216,7.5592e-05,0.0002067,0.00029866,0.00029706,0.00026617,0.00028307,0.00014743,0.00018517,0.00018829,0.00045978,0.00030513,0.0002507,0.00019246,0.00021411,0.00029018,0.00037,0.00021435,0.00035034,0.00027732,0.0002709,0.00024789,0.00051625,0.00026341,0.00067186,0.00022471,0.00038856
0.00020212,1.0878e-06,0.00040966,0.00045466,0.00031105,0.00026365,5.8773e-05,0.00023402,0.00052831,0.00022897,0.00050503,0.00050503,0.00030274,0.000284,0.00040315,0.00012521,0.00044502,0.00020644,0.00039963,0.00025752,0.00022108,0.0002259,0.00018605,0.00044909,0.00022436,0.00023057,0.00012235,0.00057123,0.00040369,0.00061305,0.00049772,0.00057073,0.00023637,0.00048107,0.00024105,0.00067854,8.614e-05,0.00052645,0.00086074,0.00026908,0.00048578,7.5302e-05,0.00014087,0.00047789,0.00036831,0.00028946,0.00029055,0.00035246,0.00023452,6.4844e-05,5.5942e-05,0.00035119,0.0004216,0.00048034,0.00053744,0.00027268,0.0003066,0.00066198,0.00044646,0.00015067,0.0001794,0.00031931,0.0003201,0.00029082,0.00037606,7.6801e-05,0.00022326,0.00017894,0.00042503,0.00032838,0.00032035,0.00023015,0.00020256,0.00019579,0.00036728,0.00024704,0.00040602,0.0002723,0.00025034,0.00024215,0.00053318,0.00023506,0.00070717,0.00021241,0.00037037
0.00011517,-4.1412e-05,0.00032564,0.00046926,0.00022059,0.0002329,-1.8368e-06,0.0002885,0.00010345,9.696e-05,0.00023059,0.00029827,0.00030229,0.0002704,0.00028265,-2.8759e-05,0.00021944,7.9083e-05,0.0002599,0.00011212,0.00024322,0.00022577,0.0002969,0.0003051,0.00027867,0.0002376,0.00019207,0.00033685,6.7889e-05,0.00051018,0.00027222,0.00018385,0.00013164,0.00024786,0.00022441,0.00031445,5.0172e-05,0.00041998,0.00068925,0.00015091,0.00035175,-6.9002e-05,0.00065818,0.00013975,0.00029718,0.00032073,0.00016598,0.00025701,3.8965e-06,-3.4533e-05,0.0001841,0.00028291,0.00014343,0.00026638,0.00027268,0.00054702,0.00021938,0.00065014,0.0004571,0.00014464,0.00012914,0.00034911,0.00034838,0.00030913,0.00048102,-3.4324e-05,0.00010944,0.00026709,0.00021434,0.00026134,9.4905e-05,0.0001403,0.00012793,0.00028493,0.00019635,-7.9076e-05,0.0003287,0.00025788,0.00018706,0.00020661,0.0002191,0.00014947,0.00015758,0.00022357,0.00024729
0.00024382,0.00045445,0.00033802,0.00076295,0.00024081,0.00092927,-1.9701e-06,-0.00013246,-5.3623e-05,5.2645e-05,0.00042187,0.00061833,0.00041628,0.00043791,0.0002366,7.7054e-05,0.00052456,0.00025508,0.00021708,0.00010154,0.00024786,9.74e-05,4.3107e-05,0.00085207,0.00043124,0.00026491,0.00028452,0.00059151,0.00016369,0.00060519,0.0007219,0.00033835,0.00039881,0.00063329,5.3827e-05,0.0009556,9.6052e-05,0.0006708,0.0010236,0.00037241,0.00075072,0.00079725,0.0004092,0.00039407,0.00060497,-2.2912e-05,0.0001807,0.00022142,0.0011541,0.00022036,0.00024552,0.00025617,-0.00031692,0.00026025,0.0003066,0.00021938,0.0012305,0.00060404,0.00048345,-0.00015444,0.000478,0.00021636,4.5185e-05,0.00053174,0.00077448,0.00030393,0.00062498,0.00032856,0.00078357,0.00026549,0.00032208,0.00015974,0.00016337,0.00029809,0.00023387,0.00015207,0.00026472,0.00016593,1.2397e-05,0.000216,0.0005524,0.00035051,0.00083048,0.00028932,0.0003036
0.00023172,0.00031507,0.00075767,0.0019422,0.0007019,0.0015505,-0.0001989,0.00035423,0.001623,0.00023645,0.00074234,0.0014072,0.0012999,0.00054843,0.00082129,0.00055422,0.0009478,0.00046059,0.00063974,0.00019999,0.00040963,0.00031652,0.00043546,0.001221,0.00041804,0.00044999,0.0003188,0.0010397,0.00081154,0.0013619,0.0011057,0.00075184,0.00080508,0.0013106,0.00019633,0.001068,0.0001037,0.0012657,0.0023946,0.00080684,0.0013002,0.0020317,0.0024652,0.0011179,0.00098389,0.00052771,0.00034768,0.00092476,0.0012125,0.0010058,0.00021078,0.00060947,0.0025906,0.00059735,0.00066198,0.00065014,0.00060404,0.0022425,0.00083373,0.00012966,0.0006256,0.00084845,0.00075699,0.00095437,0.0011714,-0.00023989,0.00048878,0.000483,0.00096543,0.00059262,0.00043942,0.0003466,0.00043953,0.00080825,0.0005413,0.0005241,0.00066284,0.00073619,0.00014819,0.00056401,0.001467,0.00063057,0.0012352,0.00052341,0.00060343
0.00019495,6.1739e-05,0.00058304,0.00081136,0.00034613,0.00055152,-7.4975e-05,0.00020765,0.00018773,0.00013509,0.00036195,0.00052095,0.00045515,0.00039524,0.00044066,-2.4094e-05,0.00055623,6.6094e-05,0.00036055,0.00025406,0.00027218,0.00028879,0.00023752,0.00068547,0.00033968,0.00018828,0.00014391,0.00070824,0.00038473,0.00074923,0.00054608,0.00081868,0.00020604,0.00080734,0.00020144,0.00050855,-2.4419e-05,0.00055033,0.0010528,0.00048813,0.00062089,0.00031419,0.00073473,0.00055703,0.00051859,0.00031247,0.0001486,0.00059369,0.0006008,0.00016746,0.00031382,0.000425,0.00033031,0.00040216,0.00044646,0.0004571,0.00048345,0.00083373,0.00094562,0.00011623,0.00043882,0.00038704,0.00042056,0.00065685,0.00081583,7.4007e-06,0.00027194,0.00035494,0.00050499,0.00040683,0.00039394,0.00014609,0.00013839,0.00043039,0.00024615,0.00026164,0.00048776,0.00031975,0.00017897,0.00019314,0.00061053,0.00022906,0.00077147,0.00048668,0.0003812
-0.00018552,-0.0003047,-3.296e-05,-0.00012041,-0.00015044,-0.0005003,-0.00010565,0.00017521,-0.00037078,9.34e-05,9.8736e-05,-0.0002347,-0.0002854,-5.0368e-05,0.00020754,-0.00026188,-0.00018208,2.9667e-05,6.5301e-05,0.00011062,0.00013158,0.00014398,9.6098e-05,-0.00032534,-9.6604e-05,1.8617e-05,-1.9461e-06,-0.00015864,-0.00014221,-0.0004078,-0.00016872,-0.00014847,-0.00013113,0.0002193,0.00020849,-0.00013719,-1.3636e-05,-0.00017257,-0.00014082,-0.00033127,-0.00028864,-0.00040038,-0.00090334,-4.5909e-05,-0.0002408,0.00010167,2.4031e-05,-0.00022166,-0.0010257,-0.00063656,-7.8833e-05,0.00029904,-0.00060074,7.5592e-05,0.00015067,0.00014464,-0.00015444,0.00012966,0.00011623,0.0010851,-0.00032301,5.7521e-05,-6.6652e-05,-0.00018846,0.00013009,-0.00019508,-3.4003e-05,-2.5309e-05,-0.00034517,9.2962e-05,0.00022108,-4.803e-05,5.0251e-05,-0.00035643,5.7937e-05,-0.00023277,6.6967e-05,-8.1377e-05,5.6562e-05,-3.4007e-06,-0.0001272,-0.00011865,-0.00010581,-1.6868e-05,-0.00013641
0.00021971,0.00047865,0.00046961,0.0010912,0.00031415,0.0016057,6.1319e-05,8.1013e-05,0.00086899,0.00031599,0.00020898,0.00073948,0.00053161,0.00011698,0.00015237,0.00034931,0.00072345,0.00022037,0.00022254,0.00014023,0.00019613,-4.9664e-05,0.00020623,0.00077121,0.00027146,0.00013472,2.1193e-05,0.00051067,0.00015193,0.00079395,0.00025732,0.0009561,0.00039949,0.00039424,0.00012676,0.00047422,0.0002958,0.00050252,0.0014449,0.00045405,0.00051698,0.0024758,0.0024469,0.00081293,0.00061693,0.00020964,0.00015447,0.00053826,0.0019326,0.0015615,0.00023448,0.00028046,0.001767,0.0002067,0.0001794,0.00012914,0.000478,0.0006256,0.00043882,-0.00032301,0.0015632,0.00018625,0.00032548,0.00065773,0.00042111,0.00022862,0.00024642,0.00029643,0.0011905,0.00040242,6.7737e-05,3.5122e-05,0.00031739,0.00027167,0.00021464,0.00019771,0.00020027,0.00030221,8.1802e-06,0.00023311,0.00069315,0.00050231,0.00070919,0.00035288,0.00034843
0.00012785,1.7644e-05,0.00035498,0.00067476,0.00034028,0.00055982,-4.4331e-05,0.00017538,0.00052793,0.00017751,0.0003036,0.00073617,0.00051853,0.00027539,0.00037227,0.00023752,0.00032836,0.00017982,0.00032185,4.7555e-05,0.0002636,0.00019345,0.00025158,0.00047933,0.00018876,0.0002643,0.00014478,0.00063399,0.00036662,0.00063683,0.00044216,0.00050872,0.00036194,0.00051934,0.00017684,0.00061801,9.7726e-05,0.00061638,0.0010441,0.00032578,0.00066556,0.00052272,0.00065027,0.00031188,0.00038558,0.00027074,0.00020455,0.00041377,0.00044655,0.00033343,8.3027e-05,0.00027847,0.00064109,0.00029866,0.00031931,0.00034911,0.00021636,0.00084845,0.00038704,5.7521e-05,0.00018625,0.00048431,0.00030887,0.00041706,0.00059484,-7.0619e-05,0.00010134,0.00017325,0.0004534,0.00026929,0.00010977,0.00015841,0.00023211,0.00052584,0.00029681,0.00016904,0.00033802,0.00033901,0.00016464,0.00030339,0.00064325,0.00030727,0.00056959,0.00023624,0.00035909
0.00012206,7.417e-05,0.00042075,0.00068443,0.00031385,0.00042982,2.7504e-07,0.00025663,0.00066481,0.00014235,0.0003333,0.00031139,0.00037283,0.00018128,0.00029481,0.00012101,0.00041427,0.00013117,0.00034054,0.00018565,0.00023904,0.00016715,0.00025104,0.00037798,0.00019101,0.00012494,0.00010023,0.00043496,0.00033503,0.0004757,0.00043371,0.00037408,0.00022581,0.00039479,0.00014426,0.00035924,-1.3087e-06,0.00045708,0.00078465,0.00023942,0.00038005,0.00026424,0.0011002,0.00040275,0.00036916,0.00037012,0.00018752,0.00044107,0.00016239,0.00026458,0.00011887,0.00020581,0.0010663,0.00029706,0.0003201,0.00034838,4.5185e-05,0.00075699,0.00042056,-6.6652e-05,0.00032548,0.00030887,0.00050892,0.00024629,0.00028964,-6.251e-05,2.3292e-05,0.00021528,0.00026789,0.00030948,0.00012137,0.00011768,0.00013747,0.00014405,0.00022091,0.00018691,0.00032163,0.00034856,0.0001317,0.00018158,0.00045473,0.00017982,0.00042191,0.00023855,0.00028675
0.00012903,0.00042465,0.00054264,0.0010998,0.0004343,0.0010828,-0.00026091,-6.8403e-05,0.0009754,0.00012409,0.0002673,0.0013741,0.0011533,0.00036603,0.000416,0.00024836,0.00048065,0.00016193,0.00040358,2.7956e-05,0.00019854,0.00020614,4.8498e-05,0.00097312,0.00022268,0.00033275,0.0001787,0.00097954,0.00037586,0.0012675,0.00030437,0.00098558,0.00013323,0.0009734,8.7139e-05,0.0007544,0.00012375,0.00075286,0.0019662,0.0008677,0.0010881,0.0016547,0.00088864,0.0011142,0.00062355,0.00011684,4.668e-05,0.00069572,0.0017917,0.00095526,0.00025229,0.00015939,0.00070191,0.00026617,0.00029082,0.00030913,0.00053174,0.00095437,0.00065685,-0.00018846,0.00065773,0.00041706,0.00024629,0.0016525,0.0017362,-0.00033157,0.00041746,0.00015832,0.00074124,0.00035547,0.00026523,0.00038574,0.00021924,0.0010659,0.00022017,0.00065398,0.00062229,0.00017852,-0.00013391,0.00033054,0.00094542,0.00014453,0.0010056,0.00039463,0.00048773
7.3678e-05,0.00057671,0.00075691,0.0012576,0.00035359,0.00046881,-0.00045796,-0.00023928,0.00037477,0.00033441,0.00042764,0.0016559,0.001031,0.00062323,0.00049578,0.00037393,0.00039794,0.00028923,0.00056367,3.7934e-05,0.00047898,0.00036422,7.4325e-05,0.00085906,0.00024612,0.00054606,0.00025712,0.0015183,0.00038866,0.0011035,0.00056046,0.0010477,0.00027012,0.0011547,0.00029877,0.0013924,0.00011713,0.00090664,0.0020822,0.00078127,0.0014919,0.0014269,-0.0002646,0.00088418,0.00053667,0.00010824,0.00010695,0.00073399,0.0010653,2.7421e-05,0.00031212,0.00036116,0.0001427,0.00028307,0.00037606,0.00048102,0.00077448,0.0011714,0.00081583,0.00013009,0.00042111,0.00059484,0.00028964,0.0017362,0.0027231,-0.00042513,0.0003953,0.00023254,0.00047204,0.00048021,0.00022049,0.00034172,0.00026291,0.0011872,0.00030646,0.00062896,0.00079719,0.00018816,-8.2051e-06,0.00038332,0.001073,0.00020599,0.0008862,0.00051234,0.00065726
0.00018149,1.9599e-05,3.6572e-05,-0.00016156,6.8273e-05,0.00041993,0.00020461,2.8287e-05,-0.00024275,0.00014367,0.00027935,2.8849e-06,-0.00025856,9.6912e-05,-4.2096e-05,0.00016089,0.00021003,0.0001543,0.00011215,8.6348e-05,8.3088e-05,-5.1746e-05,5.3643e-05,0.00019581,9.5451e-05,8.4609e-05,6.7154e-05,0.00016078,-3.2363e-05,0.00022772,0.00027519,0.0002396,5.8276e-05,-0.00019279,9.8219e-05,0.00024315,0.00016353,9.2841e-05,-0.00012464,-4.732e-05,0.00011138,6.9702e-05,0.00051658,-0.00024361,0.00015099,-2.7486e-05,0.00021327,-2.3038e-05,0.00043641,0.00035736,5.4222e-05,0.00011706,-0.00024076,0.00014743,7.6801e-05,-3.4324e-05,0.00030393,-0.00023989,7.4007e-06,-0.00019508,0.00022862,-7.0619e-05,-6.251e-05,-0.00033157,-0.00042513,0.00057407,9.608e-05,0.00015076,0.00039451,5.7817e-05,4.3436e-05,-9.5908e-05,7.3752e-05,1.8295e-05,0.00017898,-0.00011668,-9.1628e-05,8.6438e-05,0.00022822,5.7572e-05,3.1226e-05,0.00028935,0.00020756,6.7458e-05,0.00016334
0.00016593,0.00023328,0.00018047,0.00056561,0.00022434,0.00056115,8.8576e-05,-7.4008e-05,0.00037008,-7.1349e-05,0.00031733,0.00027327,0.00026757,0.00021627,0.00020884,-2.9335e-05,0.00036163,1.9825e-05,4.4039e-05,4.1665e-05,3.5874e-05,9.0279e-05,3.6286e-05,0.00059825,0.0001983,0.00011297,0.00019713,6.0233e-05,0.00017745,0.00056855,0.00024358,0.00035528,0.00015541,0.00023383,-1.7954e-05,0.00032182,-5.7511e-05,0.00042595,0.00076625,0.00040437,0.00031211,0.00048711,0.00024734,0.00039247,0.00025273,2.5807e-05,2.2799e-05,0.00013354,0.000774,-8.7041e-05,0.00011976,7.1006e-05,0.00022597,0.00018517,0.00022326,0.00010944,0.00062498,0.00048878,0.00027194,-3.4003e-05,0.00024642,0.00010134,2.3292e-05,0.00041746,0.0003953,9.608e-05,0.00070252,0.00020035,0.00042793,9.5232e-05,0.00030574,0.0003002,-1.6163e-05,0.00030937,8.0006e-05,0.00023533,8.1586e-05,4.1293e-05,-4.5526e-05,0.00010812,0.00033387,0.00010145,0.00049017,0.00022402,0.00017227
0.00013034,8.3529e-05,0.00023777,0.00051793,0.00020836,0.00049321,-5.2369e-05,0.00014329,0.00013632,8.4306e-05,0.00016023,0.00032822,0.00013684,0.00021767,0.00017759,6.9223e-05,0.00034257,0.00012514,0.00017142,8.7411e-05,0.00013275,7.4488e-05,0.00016023,0.00038457,0.00017898,0.00012771,0.00011973,0.00030564,7.6963e-05,0.00044494,0.00035833,0.00026374,0.00019421,0.0002404,9.4483e-05,0.00036797,8.4178e-05,0.00029022,0.00045003,0.00015168,0.00038486,0.00049501,0.0008273,0.00025094,0.0002831,0.00017672,0.00013942,0.00020851,0.00035389,0.00028502,0.00017764,0.00025054,0.00028807,0.00018829,0.00017894,0.00026709,0.00032856,0.000483,0.00035494,-2.5309e-05,0.00029643,0.00017325,0.00021528,0.00015832,0.00023254,0.00015076,0.00020035,0.0003304,0.00040234,0.00021443,0.0001397,4.7967e-07,0.00010121,0.00010035,0.0001926,-1.1914e-05,0.00017483,0.00019021,0.00016693,0.00010616,0.00020323,0.00020141,0.00023161,0.00017842,0.00015283
0.00035968,0.00037294,0.00045498,0.0011884,0.00054943,0.0020481,4.6976e-05,0.00012505,0.001282,0.00037148,0.00050791,0.001331,0.00078874,0.00037864,0.0004251,0.00044746,0.00089756,0.0003793,0.00043116,0.00014478,0.0002503,3.6858e-05,0.00023975,0.0012887,0.00038273,0.00032003,0.00016126,0.00093904,0.0004161,0.0013833,0.00067355,0.0012952,0.00062499,0.00061454,0.00016629,0.0010855,0.00033436,0.00093213,0.0018403,0.00061804,0.0010986,0.0024925,0.0027305,0.00091518,0.00085399,0.00025133,0.00037589,0.00063329,0.0022733,0.0018425,0.00019805,0.00037049,0.0016782,0.00045978,0.00042503,0.00021434,0.00078357,0.00096543,0.00050499,-0.00034517,0.0011905,0.0004534,0.00026789,0.00074124,0.00047204,0.00039451,0.00042793,0.00040234,0.0016147,0.0004461,0.00031054,0.0001472,0.00040707,0.00072669,0.00053539,0.00029091,0.00037145,0.00045049,0.0001822,0.00045314,0.0010365,0.00068189,0.0013454,0.00032865,0.00053553
0.00011878,9.1676e-05,0.00036817,0.00057784,0.00025766,0.00055559,-7.2003e-05,0.00017523,0.00036908,0.0002247,0.00038013,0.00048733,0.00030987,0.00021347,0.00028455,0.00013353,0.00036323,0.00023572,0.00038307,0.00017353,0.00027052,0.00015165,0.00017166,0.00041573,0.0001599,0.0001986,0.00012448,0.00050379,0.00020792,0.00053113,0.00040489,0.00047443,0.00017251,0.00050284,0.00020364,0.00053027,9.9309e-05,0.00041716,0.00080268,0.00017917,0.00044949,0.00055157,0.0007089,0.00042085,0.00038373,0.00025378,0.00024528,0.00031384,0.00046425,0.00041955,0.0001149,0.00026295,0.00042043,0.00030513,0.00032838,0.00026134,0.00026549,0.00059262,0.00040683,9.2962e-05,0.00040242,0.00026929,0.00030948,0.00035547,0.00048021,5.7817e-05,9.5232e-05,0.00021443,0.0004461,0.00035347,0.00022279,8.4049e-05,0.00023823,0.00013621,0.00030142,0.00019641,0.00033804,0.00027737,0.00011333,0.00021653,0.00046994,0.00025517,0.00055849,0.00019435,0.00028393
0.00016308,-8.3582e-05,0.00012053,0.00038241,3.674e-05,0.00038538,-2.3601e-05,9.5553e-05,0.0003946,7.7763e-05,0.00044154,-1.0223e-05,0.00016323,0.00013079,0.00031655,-0.00025275,0.00025493,0.00015272,0.00038169,0.0002385,0.00013465,0.00010281,2.8688e-05,0.00051602,0.00020762,9.5694e-05,0.00014306,7.8574e-05,0.00014641,0.00030728,0.00022418,0.00042323,-0.00012307,0.00050745,0.00010064,0.00012069,-0.00021742,0.00022234,0.00059387,1.1461e-05,5.4196e-05,0.00018423,0.00061213,0.00031388,0.00023217,0.00011255,0.00014524,8.93e-05,0.00020261,0.0001668,4.1817e-05,8.8136e-05,0.0005069,0.0002507,0.00032035,9.4905e-05,0.00032208,0.00043942,0.00039394,0.00022108,6.7737e-05,0.00010977,0.00012137,0.00026523,0.00022049,4.3436e-05,0.00030574,0.0001397,0.00031054,0.00022279,0.00068242,0.0001625,0.00010444,-4.4463e-05,0.00022685,0.00027696,0.00026836,0.00019296,5.2639e-06,0.00016305,0.00033394,8.7642e-05,0.00066796,2.4278e-05,5.391e-05
0.00010849,-6.9028e-06,0.00021034,0.00027758,8.9291e-05,0.00017668,7.1738e-05,4.9889e-05,0.00051902,3.4799e-05,0.00042486,0.00022043,0.00033895,0.00019816,0.00026576,6.2318e-05,0.00025312,4.8531e-05,0.00016031,0.00011436,0.00014133,0.00016647,6.613e-05,0.00017968,0.0001736,0.00014087,0.00010332,2.3021e-05,0.00017705,0.00046531,9.8977e-05,0.00014233,0.00018356,0.00015048,6.2759e-05,4.0051e-05,-6.7365e-06,0.0002752,0.00054195,0.0003361,7.2008e-05,9.3626e-05,4.4189e-05,0.00031223,0.00022662,0.00011049,0.00010298,0.00017955,0.00033198,-0.00015161,5.2456e-06,-8.4696e-05,0.0005729,0.00019246,0.00023015,0.0001403,0.00015974,0.0003466,0.00014609,-4.803e-05,3.5122e-05,0.00015841,0.00011768,0.00038574,0.00034172,-9.5908e-05,0.0003002,4.7967e-07,0.0001472,8.4049e-05,0.0001625,0.00046829,0.00012733,0.00024109,7.3566e-05,0.0003016,0.00030342,8.9503e-05,-9.4129e-05,0.0001471,0.00021939,-1.0824e-05,0.00025073,5.6e-05,0.00022776
0.00012408,-0.00014778,0.00020671,0.00036243,8.1759e-05,0.00054061,-4.9184e-05,0.00016888,0.00042659,0.00025464,0.00025147,0.00062509,0.00029632,0.00014141,0.000274,0.00030516,0.00029671,0.00033353,0.00033748,7.5391e-05,0.00022437,5.8164e-05,0.00012506,0.00010955,0.00013526,0.00024198,8.0026e-05,0.00035934,9.1776e-05,0.00044057,0.00029607,0.00012815,0.00032591,0.000533,0.00016419,0.00030656,0.00029052,0.0002504,0.00052466,5.869e-05,0.00033459,0.00093928,0.00077607,0.00030062,0.00031527,0.00011064,0.00026442,0.00013666,0.0005143,0.00060786,1.5024e-05,0.00016714,0.00067905,0.00021411,0.00020256,0.00012793,0.00016337,0.00043953,0.00013839,5.0251e-05,0.00031739,0.00023211,0.00013747,0.00021924,0.00026291,7.3752e-05,-1.6163e-05,0.00010121,0.00040707,0.00023823,0.00010444,0.00012733,0.0004609,8.2607e-05,0.00030587,0.00012734,0.00025474,0.00025415,0.00010895,0.00026051,0.00038436,0.00026304,0.00029919,1.2291e-05,0.00021832
0.00016731,0.00026472,0.00040114,0.00069301,0.00054904,0.0011454,1.2493e-05,-0.00014144,0.0011026,0.00020471,0.00037304,0.0015129,0.00099104,0.00046153,0.00037825,0.00055919,0.00042045,2.3266e-05,0.00023966,-0.00010796,9.1724e-05,0.00022461,0.00012791,0.0011157,0.00014527,0.00037038,0.00017571,0.0011647,0.00057544,0.0016481,0.00042089,0.0014026,0.00035801,0.0003998,0.00012173,0.00084847,0.00010386,0.00096055,0.0016461,0.00097382,0.0013909,0.0014071,0.0020251,0.00043075,0.00049553,8.3058e-05,0.00010616,0.00077808,0.001771,0.0007945,0.00019616,0.00012914,0.0012846,0.00029018,0.00019579,0.00028493,0.00029809,0.00080825,0.00043039,-0.00035643,0.00027167,0.00052584,0.00014405,0.0010659,0.0011872,1.8295e-05,0.00030937,0.00010035,0.00072669,0.00013621,-4.4463e-05,0.00024109,8.2607e-05,0.0018615,0.00027687,0.00043428,0.00020897,0.00026242,0.0001312,0.00041148,0.0010921,0.00036036,0.0010604,0.00058147,0.0007118
0.00019045,-4.8495e-05,0.00028519,0.00042974,0.000285,0.00059154,-1.7402e-05,0.00017007,0.00064449,0.000306,0.00042211,0.00073296,0.00028809,0.00023054,0.00033507,0.00026294,0.00037335,0.00030643,0.00045445,0.00015523,0.00025418,0.00012968,0.00017434,0.00045763,0.00015165,0.00026185,0.00012107,0.00068007,0.00027998,0.00064913,0.00046692,0.0005615,0.0002549,0.00046612,0.00022587,0.0007382,0.00021272,0.00050452,0.00080405,0.00011626,0.00062948,0.00063759,0.00084102,0.00034867,0.00033817,0.00021025,0.00034095,0.0002524,0.00045904,0.00057842,3.314e-05,0.00028663,0.00057024,0.00037,0.00036728,0.00019635,0.00023387,0.0005413,0.00024615,5.7937e-05,0.00021464,0.00029681,0.00022091,0.00022017,0.00030646,0.00017898,8.0006e-05,0.0001926,0.00053539,0.00030142,0.00022685,7.3566e-05,0.00030587,0.00027687,0.00044564,0.00014864,0.00030329,0.00028984,0.00027128,0.0002928,0.00054321,0.00031008,0.00065741,0.00011067,0.00033632
5.9864e-05,0.00023368,0.00030602,0.00054459,0.00027737,0.00057024,-0.00011621,-8.2752e-05,0.00075269,6.2116e-05,0.00047406,0.00056273,0.00055589,0.00017782,0.00026123,0.00025691,0.00035912,0.00017113,0.00029705,8.4728e-05,9.5307e-05,0.00010889,-9.1925e-05,0.00050496,-2.6597e-05,0.00010544,8.4669e-05,0.00038938,0.0004564,0.00071354,0.00038714,0.00057555,0.00010802,0.00059061,-2.0005e-05,0.00031808,-9.9153e-05,0.00036838,0.00078413,0.00055484,0.00046285,0.00061055,0.00034788,0.00063693,0.00038423,6.4761e-05,0.00010586,0.00043889,0.00093788,0.00037443,1.7495e-05,-0.00010008,0.00079179,0.00021435,0.00024704,-7.9076e-05,0.00015207,0.0005241,0.00026164,-0.00023277,0.00019771,0.00016904,0.00018691,0.00065398,0.00062896,-0.00011668,0.00023533,-1.1914e-05,0.00029091,0.00019641,0.00027696,0.0003016,0.00012734,0.00043428,0.00014864,0.00072967,0.00029108,0.00018443,-0.00018741,0.00015814,0.00066332,0.00010942,0.00080601,0.00018328,0.00031045
0.0001642,6.2621e-05,0.00049622,0.00062421,0.00022536,0.00032728,-0.00016013,0.0001614,0.00043998,0.00023747,0.00056148,0.00062405,0.00053692,0.00036278,0.00040875,0.0002307,0.00040873,0.00023101,0.00049644,0.00029027,0.000402,0.00027526,0.00020585,0.00034678,0.0002798,0.00025729,7.7185e-05,0.00072063,0.00032822,0.00047076,0.00043864,0.00037061,0.00025217,0.00061572,0.00021645,0.00058826,0.00017348,0.00050438,0.0010724,0.00031708,0.00049515,0.00035554,-2.9831e-05,0.00050976,0.00047488,0.0002332,0.00027032,0.0004338,0.00031908,0.00038011,0.00010397,0.00031045,0.00040358,0.00035034,0.00040602,0.0003287,0.00026472,0.00066284,0.00048776,6.6967e-05,0.00020027,0.00033802,0.00032163,0.00062229,0.00079719,-9.1628e-05,8.1586e-05,0.00017483,0.00037145,0.00033804,0.00026836,0.00030342,0.00025474,0.00020897,0.00030329,0.00029108,0.00069981,0.00025199,0.00011448,0.00023201,0.00052102,0.00019009,0.00050489,0.00013512,0.00036815
0.00016013,8.0273e-06,0.00029994,0.00061495,0.00026095,0.00070892,7.5549e-06,0.00021352,0.00055358,0.00017661,0.00040373,0.00042356,0.00040149,0.00019752,0.00029867,0.00023417,0.00037456,0.00024671,0.00037421,0.00012471,0.00024124,0.00011244,0.00021984,0.00045236,0.00019452,0.00020124,0.00013977,0.00041232,0.00029462,0.00054889,0.00048128,0.00036358,0.00027116,0.00044526,0.00014276,0.00036046,4.7045e-05,0.00047801,0.0007981,0.00019209,0.00041985,0.00059515,0.001324,0.00022542,0.00043206,0.00025489,0.00024972,0.00035323,0.00048799,0.00058542,7.3783e-05,0.00019778,0.0010465,0.00027732,0.0002723,0.00025788,0.00016593,0.00073619,0.00031975,-8.1377e-05,0.00030221,0.00033901,0.00034856,0.00017852,0.00018816,8.6438e-05,4.1293e-05,0.00019021,0.00045049,0.00027737,0.00019296,8.9503e-05,0.00025415,0.00026242,0.00028984,0.00018443,0.00025199,0.00040272,0.00012783,0.00027144,0.00056788,0.00035578,0.00052934,0.00017001,0.0002868
0.00020139,-0.00019535,0.00017897,-3.5739e-05,0.00013868,-0.00021952,0.00014077,0.00021952,-1.7798e-05,0.00022027,-5.9639e-06,0.0003419,-0.00014397,9.667e-05,0.00013327,0.00018005,0.00016829,0.00012563,0.00021544,8.0425e-05,7.6845e-05,4.3887e-05,0.00020129,2.5996e-05,0.00010542,0.00018378,5.6855e-06,0.00055434,0.00015395,0.00015452,0.00023142,0.00033257,7.3146e-05,4.1518e-05,0.00022099,0.00048612,0.0002522,0.00018391,0.00022299,-6.4879e-05,0.00036299,-0.00018376,-0.00030454,-6.7865e-05,-1.8856e-05,0.00013379,0.00017277,0.00012106,-0.00029522,3.5245e-05,3.414e-05,0.00042478,-7.5502e-05,0.0002709,0.00025034,0.00018706,1.2397e-05,0.00014819,0.00017897,5.6562e-05,8.1802e-06,0.00016464,0.0001317,-0.00013391,-8.2051e-06,0.00022822,-4.5526e-05,0.00016693,0.0001822,0.00011333,5.2639e-06,-9.4129e-05,0.00010895,0.0001312,0.00027128,-0.00018741,0.00011448,0.00012783,0.00054116,0.00011231,0.00014074,0.00020291,3.6415e-05,9.9369e-05,0.00021469
0.00014443,3.594e-06,0.00021817,0.000454,0.0002064,0.00063228,1.9094e-05,0.00011625,0.00059789,0.00020402,0.0003468,0.00059901,0.0004077,0.00018676,0.0002841,0.00021303,0.00027661,0.00023346,0.00034128,6.5207e-05,0.0002078,0.00010114,0.00015545,0.00043876,0.00016965,0.00024947,0.00014327,0.00045845,0.00020511,0.00060608,0.00031517,0.00042213,0.00021848,0.00037876,0.00016134,0.00045561,0.00011471,0.00046904,0.00086092,0.00018201,0.00048728,0.00071262,0.0010135,0.00024836,0.00032806,0.00015789,0.00022427,0.00024426,0.00058274,0.00051715,3.3601e-05,0.00014626,0.00076602,0.00024789,0.00024215,0.00020661,0.000216,0.00056401,0.00019314,-3.4007e-06,0.00023311,0.00030339,0.00018158,0.00033054,0.00038332,5.7572e-05,0.00010812,0.00010616,0.00045314,0.00021653,0.00016305,0.0001471,0.00026051,0.00041148,0.0002928,0.00015814,0.00023201,0.00027144,0.00011231,0.00029351,0.0005225,0.0002723,0.00053254,0.00011536,0.0002932
0.00026808,0.00037395,0.00070932,0.001448,0.00069289,0.001657,-8.4637e-05,4.5649e-06,0.0015621,0.0003625,0.00083947,0.0015264,0.0011724,0.00043321,0.00062872,0.00075196,0.00083181,0.00040384,0.00067341,0.00019272,0.00045706,0.00025286,0.00027681,0.0012375,0.00026313,0.00036928,0.00017276,0.0014358,0.00094645,0.0012149,0.00099204,0.0012699,0.00065567,0.0012524,0.00016352,0.0012667,0.00022447,0.0012663,0.0023484,0.00082269,0.0014059,0.0019841,0.0019268,0.0008741,0.00086855,0.00024586,0.00035698,0.0009104,0.0017614,0.0013997,0.00011193,0.00046654,0.0020119,0.00051625,0.00053318,0.0002191,0.0005524,0.001467,0.00061053,-0.0001272,0.00069315,0.00064325,0.00045473,0.00094542,0.001073,3.1226e-05,0.00033387,0.00020323,0.0010365,0.00046994,0.00033394,0.00021939,0.00038436,0.0010921,0.00054321,0.00066332,0.00052102,0.00056788,0.00014074,0.0005225,0.0016588,0.00067121,0.001613,0.0005476,0.00073964
0.00019562,0.00018365,0.00029093,0.00056706,0.00027471,0.0008123,8.3252e-06,0.00010899,0.00018249,0.00025012,0.00042354,0.00058583,0.00037417,0.00024121,0.00018143,0.00050773,0.00034674,0.00029326,0.00028966,9.6971e-05,0.00022208,7.6689e-05,0.00020937,0.00047323,0.00017097,0.00025924,9.5771e-05,0.00053725,0.00028345,0.0005205,0.00049945,0.00043359,0.000347,0.00029951,0.00017155,0.00058921,0.00022816,0.00053151,0.00093359,0.00024346,0.0005266,0.0010022,0.00086586,8.5294e-05,0.00047546,0.00011205,0.0002758,0.00033022,0.00088743,0.0008705,6.7926e-05,0.00039639,0.00068076,0.00026341,0.00023506,0.00014947,0.00035051,0.00063057,0.00022906,-0.00011865,0.00050231,0.00030727,0.00017982,0.00014453,0.00020599,0.00028935,0.00010145,0.00020141,0.00068189,0.00025517,8.7642e-05,-1.0824e-05,0.00026304,0.00036036,0.00031008,0.00010942,0.00019009,0.00035578,0.00020291,0.0002723,0.00067121,0.00060769,0.00048922,0.00020667,0.00034045
0.00028454,0.00040076,0.00065505,0.0013231,0.00080281,0.0021383,1.6266e-05,-1.445e-06,0.0019016,0.00033728,0.00099925,0.0014683,0.0010644,0.00044697,0.00072575,0.00028401,0.0010247,0.00040234,0.00076399,0.00027884,0.00042172,0.00022683,0.00013726,0.0017341,0.00029729,0.00027747,0.00027004,0.0014498,0.00095216,0.0015955,0.0011286,0.0017964,0.00050453,0.0013601,0.00014241,0.0014666,5.5676e-06,0.0013097,0.0022211,0.00084861,0.0015051,0.0016818,0.0026465,0.0012245,0.00097384,0.00033108,0.00043502,0.00090783,0.0021358,0.0014321,0.0001446,0.00022839,0.0016172,0.00067186,0.00070717,0.00015758,0.00083048,0.0012352,0.00077147,-0.00010581,0.00070919,0.00056959,0.00042191,0.0010056,0.0008862,0.00020756,0.00049017,0.00023161,0.0013454,0.00055849,0.00066796,0.00025073,0.00029919,0.0010604,0.00065741,0.00080601,0.00050489,0.00052934,3.6415e-05,0.00053254,0.001613,0.00048922,0.002412,0.00056167,0.00075304
8.2526e-05,0.00020188,0.00040294,0.00055018,0.00034782,0.00053986,2.7463e-05,1.9147e-05,0.00026457,7.8155e-05,0.00025863,0.00049506,0.00034883,0.00024361,0.00021948,0.00020561,0.00038961,-5.6339e-06,0.00011711,7.6484e-05,0.00014373,0.00016967,0.00015078,0.00051432,0.0001203,0.00010315,8.3323e-05,0.00057586,0.00035996,0.00061299,0.00040516,0.00065638,0.00023797,0.00039576,8.5008e-05,0.00043349,4.7539e-05,0.00048497,0.00077072,0.00049762,0.00058847,0.00043138,0.00072437,0.00031397,0.0003287,0.00015262,5.9059e-05,0.00047276,0.00068933,0.00015659,0.00019524,0.00025816,0.00038698,0.00022471,0.00021241,0.00022357,0.00028932,0.00052341,0.00048668,-1.6868e-05,0.00035288,0.00023624,0.00023855,0.00039463,0.00051234,6.7458e-05,0.00022402,0.00017842,0.00032865,0.00019435,2.4278e-05,5.6e-05,1.2291e-05,0.00058147,0.00011067,0.00018328,0.00013512,0.00017001,9.9369e-05,0.00011536,0.0005476,0.00020667,0.00056167,0.00046809,0.00036013
0.00019522,0.00017042,0.00050099,0.00055893,0.00039432,0.00067181,6.7556e-05,6.8152e-05,0.00063655,0.00029256,0.00058095,0.00086772,0.00048214,0.00035392,0.00035041,0.00045099,0.00051194,0.00022656,0.00040523,0.00014869,0.0003193,0.00020607,0.00020076,0.00056807,0.00018496,0.00029639,0.00012827,0.00090132,0.00045413,0.00087528,0.00056944,0.00079858,0.00036027,0.0004176,0.00022167,0.00078368,0.00021375,0.00067836,0.001093,0.0005124,0.00081403,0.00063068,0.00074628,0.00037617,0.00046257,0.0002064,0.00028505,0.00054447,0.00083399,0.00043144,0.00011235,0.00025749,0.00072153,0.00038856,0.00037037,0.00024729,0.0003036,0.00060343,0.0003812,-0.00013641,0.00034843,0.00035909,0.00028675,0.00048773,0.00065726,0.00016334,0.00017227,0.00015283,0.00053553,0.00028393,5.391e-05,0.00022776,0.00021832,0.0007118,0.00033632,0.00031045,0.00036815,0.0002868,0.00021469,0.0002932,0.00073964,0.00034045,0.00075304,0.00036013,0.00057876
