-1.5109e-09,-0.00014115,-0.00014499,-8.7851e-05,1.9129e-05,-1.9251e-05,-6.399e-05,5.3109e-05,-0.0029249,-0.00011142,4.2125e-05,-5.5505e-05,4.8598e-06,-5.9122e-05,5.1066e-05,-0.00019021,-7.9285e-05,-7.6622e-05,8.7403e-06,-3.5893e-05,-0.0001134,3.2355e-05,-5.2096e-05,1.1641e-05,-9.0284e-05,-8.8398e-05,-3.7482e-05,-0.0001384,-0.00016741,-5.0677e-05,-0.00060821,-8.5384e-06,-0.00016424,2.4974e-05,-7.5348e-05,6.6737e-06,-0.00020487,-5.4145e-05,-3.8307,-0.00033222,-9.1149e-05,-7.1929e-05,-3.668e-05,-3.4941e-05,-0.00017034,-3.547e-05,-7.8394e-06,-0.00030927,-0.00024722,-9.45e-05,-0.00015362,-0.00010988,-7.8934e-05,0.00010063,0.00010283,5.8898e-05,0.00014304,-0.00012295,-0.0001576,-8.4043e-05,1.3601e-05,-0.00017682,2.2895e-06,-0.00016466,-0.00016233,-0.0001346,-0.00020026,-0.00010931,2.8489e-05,-5.4875e-05,-0.00018626,-0.00010399,-2.8795e-05,-0.078525,1.4286e-05,6.0689e-05,-0.00018796,-6.0681e-05,-0.00011784,0.00010338,-0.0018407,-4.5236e-05,-0.00019134,-0.00013869,-0.00025328
-0.00014052,-1.2305e-09,-0.00019114,-0.00011354,1.8386e-05,-2.5263e-05,-0.00010802,7.6059e-05,-0.0010334,-0.00017988,6.8813e-05,-7.4946e-05,4.002e-05,-8.5643e-05,8.2609e-05,-0.00030156,-0.00010866,-0.00011396,1.5184e-05,-4.5731e-05,-0.00019109,4.4993e-05,-9.6114e-05,2.6294e-05,-0.00013619,-0.00014019,-6.1476e-05,-0.0002022,-0.00026672,-7.5456e-05,-0.00077618,-1.9883e-05,-0.00024871,4.798e-05,-0.00012808,2.7698e-05,-0.00034425,-6.7342e-05,-3.5932,-0.00051899,-0.00012117,-7.1746e-05,-2.2981e-05,-4.2599e-05,-0.00024293,-6.0396e-05,-1.5772e-05,-0.00045822,-0.00032777,-0.0001475,-0.00022464,-0.00016391,-0.00010517,0.00015848,0.00014934,6.6112e-05,0.00021137,-0.00014379,-0.00020699,-0.00011999,3.1381e-05,-0.00029032,-8.0258e-06,-0.00021623,-0.00023495,-0.00020993,-0.00028521,-0.00015998,4.8376e-05,-7.6544e-05,-0.00028842,-0.0001433,-5.8154e-05,-0.10291,1.7922e-05,0.00010419,-0.00027111,-9.8051e-05,-0.00019428,0.00014739,-0.0036177,-6.2145e-05,-0.00028927,-0.00018603,-0.00041032
-0.00010405,-0.00013819,-1.3733e-09,-7.9044e-05,1.0003e-05,-1.3565e-05,-7.2259e-05,4.1912e-05,-0.0010064,-0.00012281,4.9756e-05,-5.361e-05,9.1375e-06,-6.3088e-05,4.9617e-05,-0.0001838,-7.8556e-05,-8.598e-05,1.6079e-05,-3.9486e-05,-0.00010778,3.0422e-05,-6.1461e-05,2.0285e-05,-8.9309e-05,-8.7306e-05,-4.5364e-05,-0.00012468,-0.00018275,-4.5192e-05,-0.00046338,-2.5745e-06,-0.0001567,3.7268e-05,-8.2307e-05,7.5133e-06,-0.00024166,-4.7084e-05,-3.1508,-0.00033385,-8.3941e-05,-4.7258e-05,-3.3255e-05,-1.8011e-05,-0.00017631,-4.3656e-05,-1.6661e-05,-0.00030629,-0.00022318,-9.3278e-05,-0.00015969,-0.00012037,-6.6522e-05,0.00010168,9.8766e-05,5.4492e-05,0.0001329,-0.00010818,-0.00016558,-7.2448e-05,1.1318e-05,-0.00019137,-5.9934e-06,-0.00017235,-0.00015951,-0.00014639,-0.00021551,-0.00011142,2.2265e-05,-5.9059e-05,-0.00018731,-0.00010458,-3.2462e-05,-0.13896,5.1757e-06,6.2914e-05,-0.00016494,-7.009e-05,-0.000131,8.8811e-05,-0.0010836,-4.2622e-05,-0.00017793,-0.0001248,-0.00026727
-8.8395e-05,-0.00011939,-0.00011881,-1.5701e-09,1.9749e-05,-6.6323e-06,-6.3639e-05,5.0695e-05,-0.00043746,-0.00010102,5.754e-05,-4.7471e-05,8.0411e-05,-4.6931e-05,7.3228e-05,-0.0001766,-6.5327e-05,-7.1028e-05,1.3059e-05,-2.8143e-05,-0.00011541,2.3488e-05,-6.0692e-05,3.826e-05,-7.6328e-05,-7.7031e-05,-3.8141e-05,-0.00012668,-0.0001469,-5.057e-05,-0.0010642,8.2394e-06,-0.00015855,3.7047e-05,-7.3508e-05,2.2767e-05,-0.00020124,-2.5421e-05,-1.4058,-0.00028436,-8.3688e-05,-5.1334e-05,-1.9795e-05,5.5433e-06,-0.00016905,-3.8986e-05,-9.3735e-06,-0.0002503,-0.00021286,-9.8614e-05,-0.00012152,-0.00010315,-4.0516e-05,0.00010879,0.00010399,4.201e-05,0.00013848,-1.9883e-05,-0.00011085,-2.3822e-05,1.5318e-05,-0.00016685,-1.0201e-05,-0.0001118,-0.00013447,-0.00013563,-0.00016427,-8.6789e-05,1.3755e-05,-4.0815e-05,-0.00017262,-9.1859e-05,-3.436e-05,-0.16863,1.1329e-05,7.2516e-05,-0.00013459,-6.3265e-05,-0.00011895,8.5363e-05,-0.00052243,-4.5304e-05,-0.00016846,-0.00010209,-0.00024295
-0.00087194,-0.0014274,-0.0013348,-0.00074744,-1.5326e-09,-6.9712e-05,-0.00054112,0.00053021,-0.0090701,-0.00099401,0.0004723,-0.0004423,0.00013927,-0.00060961,0.00049178,-0.0016518,-0.00084889,-0.00075251,7.3716e-05,-0.00039746,-0.0009765,0.00025522,-0.00047996,0.00023227,-0.00084646,-0.00078193,-0.0003069,-0.0011744,-0.0014918,-0.00033912,-0.0050618,-0.00012412,-0.0014266,0.00030808,-0.00063228,6.2499e-05,-0.0018187,-0.00050661,-3.2965,-0.0027576,-0.00073905,-0.00067378,-0.00038889,-0.00025132,-0.0015499,-0.00028647,-5.8564e-05,-0.0029821,-0.0022885,-0.00076006,-0.0016331,-0.0010389,-0.00053972,0.00095446,0.00098907,0.00055049,0.0012574,-0.00098263,-0.0016108,-0.0007464,0.00012343,-0.0017561,-1.884e-05,-0.0016736,-0.001359,-0.0012589,-0.0019399,-0.0010456,0.00029201,-0.00055142,-0.0017288,-0.0010431,-0.00023628,-0.10377,9.2644e-05,0.00043461,-0.0016953,-0.0005425,-0.0010649,0.0009201,-0.012592,-0.00038349,-0.0015323,-0.0013894,-0.0024386
-8.5511e-05,-0.00010033,-0.0001029,-5.211e-05,3.3366e-05,-2.3556e-09,-3.986e-05,7.236e-05,-0.00025817,-8.248e-05,6.6829e-05,-2.902e-05,3.971e-05,-5.7047e-05,7.1493e-05,-0.00012942,-5.9513e-05,-6.4436e-05,2.3106e-05,-3.1109e-05,-9.2679e-05,1.6119e-05,-3.7684e-05,4.9296e-05,-6.9109e-05,-7.1868e-05,-2.7158e-05,-9.1429e-05,-0.00013459,-1.6363e-05,-0.00024508,1.6616e-05,-0.00010501,6.0646e-05,-4.2256e-05,3.8702e-05,-0.00017966,-3.2781e-05,-2.8263,-0.00023949,-3.2423e-05,5.7205e-05,-5.4267e-06,-1.7588e-05,-0.00015909,-3.1208e-05,4.092e-06,-0.00031193,-9.8062e-05,1.3734e-06,-0.00016285,-9.5943e-05,9.6001e-06,9.0255e-05,8.5263e-05,6.9894e-05,0.00014204,-6.3747e-05,-0.00011935,-9.5118e-05,3.3916e-05,-0.00016578,-6.4606e-07,-0.00013647,-0.00012872,-0.00010297,-0.00016446,-8.5972e-05,8.8832e-05,-1.9873e-05,-0.00014377,-0.00010882,-1.7118e-05,-0.02829,1.986e-05,6.103e-05,-0.00012034,-5.9917e-05,-9.4189e-05,9.0269e-05,-0.00064261,-2.9954e-05,-9.579e-05,-0.00012626,-0.00020007
-0.00029977,-0.00048113,-0.00046277,-0.00026343,6.3461e-05,2.4875e-05,-1.0703e-09,0.0001673,-0.0025534,-0.00032419,0.00016008,-0.00016634,6.537e-05,-0.00020945,0.00017358,-0.00052635,-0.00028519,-0.00023461,3.5055e-05,-0.00011599,-0.00032069,7.4486e-05,-0.00016018,7.4971e-05,-0.00027433,-0.00026419,-6.5313e-05,-0.00039931,-0.00053408,-0.00011667,-0.0029219,-1.0317e-05,-0.00050021,0.00011103,-0.00020569,2.1614e-05,-0.00064654,-0.00018147,-4.1011,-0.0010147,-0.00024926,-0.0001808,-0.00017261,-0.00012232,-0.00051594,-0.00010927,-2.514e-05,-0.0010188,-0.00075213,-0.00026739,-0.00057085,-0.00034646,-0.00025377,0.00031686,0.00031649,0.00016403,0.00047735,-0.00032983,-0.0005256,-0.00026017,6.1738e-05,-0.00060005,-1.6401e-05,-0.00061895,-0.00051473,-0.00042849,-0.00059535,-0.00037617,0.00014222,-0.00020251,-0.00055236,-0.00033843,-8.1184e-05,-0.15393,2.846e-05,0.0001451,-0.00059376,-0.00020027,-0.0003712,0.00030548,-0.0083563,-0.0001157,-0.00050483,-0.00046557,-0.00083976
-0.00042213,-0.00065887,-0.00066098,-0.00036314,8.9367e-05,1.2883e-05,-0.0002605,-8.392e-10,-0.0082029,-0.00041237,0.00023294,-0.00023572,0.00013645,-0.00028501,0.00029449,-0.0008846,-0.00044403,-0.00031523,7.9011e-05,-0.0001159,-0.00043084,0.00010999,-0.00022159,8.2159e-05,-0.00035154,-0.00033722,-0.00014863,-0.00056468,-0.00081498,-0.00017891,-0.0039784,-0.00011336,-0.00072244,9.3804e-05,-0.00024716,2.933e-05,-0.00085453,-0.00025003,-4.01,-0.0015821,-0.00034326,-0.00030612,-0.00020366,-0.00010607,-0.00069548,-0.00013794,-7.0187e-06,-0.0021545,-0.0011355,-0.00034993,-0.00079828,-0.000419,-0.00035135,0.00040066,0.00037629,0.00032241,0.00041931,-0.00036445,-0.00069488,-0.0003677,9.2884e-05,-0.00090275,-1.1059e-05,-0.00083391,-0.00070789,-0.00056143,-0.00086219,-0.00051834,0.00013085,-0.00020497,-0.00078384,-0.00048716,-9.3069e-05,-0.091372,6.423e-05,0.00023404,-0.00070469,-0.00026367,-0.00048668,0.00041135,-0.057213,-0.00016661,-0.00092971,-0.00073701,-0.0012059
-3.6707e-05,-4.6912e-05,-5.0212e-05,-1.6963e-05,6.8529e-06,1.0873e-05,-2.3123e-05,2.3796e-05,-1.76e-09,-4.4343e-05,3.0489e-05,-9.2901e-06,3.4068e-05,-2.0517e-05,3.6732e-05,-8.3475e-05,-2.7859e-05,-2.3243e-05,1.3813e-05,-1.222e-05,-5.1065e-05,1.9765e-05,-2.4877e-05,8.2188e-06,-3.308e-05,-3.4776e-05,-1.2326e-05,-4.9663e-05,-6.6847e-05,-9.7e-06,-0.0001603,9.056e-06,-6.323e-05,3.1317e-05,-3.1264e-05,1.0514e-05,-8.0481e-05,-1.189e-05,-3.5605,-0.00013475,-1.8336e-05,-1.6501e-05,3.3411e-05,2.7489e-06,-7.5441e-05,-1.6695e-05,-8.033e-07,-0.00012376,-9.4404e-05,-4.0454e-05,-6.0586e-05,-4.6998e-05,1.2987e-05,4.8141e-05,4.5544e-05,2.9144e-05,5.0364e-05,-1.9814e-05,-4.6957e-05,-2.5263e-05,1.1506e-05,-7.8632e-05,-4.1215e-06,-4.9154e-05,-6.4957e-05,-5.4115e-05,-6.5392e-05,-4.1132e-05,7.6209e-06,-8.1012e-06,-6.7859e-05,-3.2267e-05,-1.5212e-05,-0.14865,2.1461e-06,5.2967e-05,-5.8489e-05,-2.7973e-05,-5.476e-05,3.8377e-05,-0.00032984,-1.4361e-05,-5.1797e-05,-4.2475e-05,-9.4526e-05
-0.00016657,-0.00026485,-0.00025954,-0.00014027,3.0648e-05,-2.9234e-06,-0.00010307,0.00010745,-0.016274,-7.8317e-10,9.6743e-05,-8.576e-05,6.3916e-05,-0.00012083,0.0001312,-0.00034079,-0.00017995,-0.00013309,3.0995e-05,-7.517e-05,-0.00018028,4.3328e-05,-8.3569e-05,1.2459e-05,-0.00013973,-0.00014396,-5.5102e-05,-0.00022187,-0.00029778,-5.9968e-05,-0.0021533,-4.7302e-06,-0.0002878,5.053e-05,-7.4415e-05,2.4576e-05,-0.000334,-8.6093e-05,-3.9751,-0.00062615,-0.00012612,-0.00013104,-9.3942e-05,-4.6318e-05,-0.0002763,-4.4674e-05,-2.156e-06,-0.00081395,-0.00043539,-0.0001692,-0.00030133,-0.0001713,-0.00015012,0.00016841,0.00016613,9.7706e-05,0.00020928,-0.00014281,-0.00026719,-0.00017591,3.0824e-05,-0.00034766,8.5382e-07,-0.00029572,-0.00028384,-0.00023791,-0.00033368,-0.00019631,4.9855e-05,-0.00010986,-0.00030402,-0.00020335,-4.0629e-05,-0.12696,2.5995e-05,9.9689e-05,-0.00026894,-0.00010292,-0.00019546,0.00017245,-0.026684,-7.0837e-05,-0.00031851,-0.00028912,-0.00047402
-0.00049753,-0.00071961,-0.00062126,-0.00035913,8.5366e-05,3.7934e-06,-0.00027111,0.00027158,-0.0034911,-0.00045908,-1.5451e-09,-0.00027757,0.0001211,-0.00031958,0.0003514,-0.00088901,-0.00045819,-0.0003367,0.00016585,-0.0001781,-0.00043781,0.00011501,-0.00025124,0.0001598,-0.00040579,-0.00036285,-0.00015378,-0.00059473,-0.00076007,-0.00022385,-0.0024674,-8.2692e-05,-0.00072237,0.00015153,-0.0002826,5.1838e-05,-0.00095854,-0.00026373,-3.0258,-0.0015365,-0.00043346,-0.00031376,-0.00033165,-0.00014647,-0.0007669,-0.00017356,4.9271e-06,-0.0015604,-0.0012237,-0.00045228,-0.00093653,-0.00053913,-0.00041797,0.00047626,0.00051531,0.00025766,0.00065641,-0.00045059,-0.00084938,-0.00032511,1.8493e-05,-0.00096404,-3.9135e-05,-0.00089994,-0.00073488,-0.00061004,-0.00098734,-0.00059847,0.00012401,-0.00032749,-0.00080974,-0.0005254,-7.8317e-05,-0.2239,9.0928e-05,0.00023975,-0.00062287,-0.00029353,-0.00056971,0.00048031,-0.0050534,-0.0001819,-0.00087267,-0.0008056,-0.0013144
-0.00016461,-0.00023236,-0.0002182,-0.00013599,3.0453e-05,2.5758e-05,-0.00011188,6.456e-05,-0.00090357,-0.00018328,6.2448e-05,-4.4333e-09,3.7042e-05,-0.0001083,6.9563e-05,-0.0002595,-0.00011655,-0.00011984,6.3558e-06,-7.9064e-05,-0.00019488,3.521e-05,-9.0896e-05,2.9369e-05,-0.00013973,-0.00014776,-7.6149e-05,-0.00010421,-0.00021714,-4.6829e-05,-0.00047906,-2.5443e-06,-0.000227,9.2592e-05,-0.00012736,0.00010274,-0.00034154,-7.0348e-05,-3.9349,-0.00047392,-2.9753e-05,-6.0053e-05,3.7988e-06,-2.8682e-05,-0.00025085,-6.6915e-05,-1.9608e-05,-0.00049462,-0.00035778,-0.0001404,-0.00026611,-0.00018949,-6.4272e-05,0.00013369,0.00012382,6.9412e-05,0.00020089,-0.00015845,-0.00023423,-0.00018336,1.6461e-05,-0.00030902,-6.6431e-06,-0.00024837,-0.00024146,-0.00022245,-0.000323,-0.00017325,5.5434e-05,-8.6318e-05,-0.00030998,-0.00019965,-5.4197e-05,-0.032139,1.7783e-05,0.00011824,-0.00029518,-0.00011089,-0.00018898,0.00014112,-0.0033491,-6.8725e-05,-0.00020519,-0.00020974,-0.0003684
-7.3991e-05,-9.6714e-05,-0.00010536,-2.2708e-05,1.2433e-05,-3.3263e-06,-4.5001e-05,4.7568e-05,-0.00040322,-6.6631e-05,4.6688e-05,-3.201e-05,-3.9237e-09,-4.2823e-05,6.8048e-05,-0.00014791,-5.2373e-05,-5.6874e-05,1.3983e-05,-2.8537e-05,-8.3674e-05,1.5131e-05,-4.436e-05,2.5986e-05,-5.5448e-05,-6.2881e-05,-2.4071e-05,-8.9924e-05,-0.00011709,-2.9651e-05,-0.00053466,-4.1703e-06,-0.00011797,2.7022e-05,-4.7152e-05,2.2075e-05,-0.00013723,-2.2427e-05,-2.0937,-0.00023579,-5.528e-05,-3.1215e-05,-1.5817e-05,-2.9883e-06,-0.00012124,-2.8445e-05,-7.6614e-06,-0.00023617,-0.00014988,-7.512e-05,-0.0001017,-7.4598e-05,-5.6633e-05,7.9831e-05,7.6473e-05,3.5814e-05,9.0458e-05,-1.7968e-05,-9.0089e-05,-3.0716e-05,9.0836e-06,-0.0001291,-8.6388e-06,-9.2707e-05,-0.00011243,-9.7113e-05,-0.00012308,-7.6546e-05,1.6925e-05,-3.5907e-05,-0.00013431,-7.366e-05,-2.4442e-05,-0.20069,6.614e-06,5.5111e-05,-0.00010641,-4.6546e-05,-8.7906e-05,6.2372e-05,-0.00058323,-3.2527e-05,-0.00011427,-9.0699e-05,-0.00018524
-0.0011398,-0.001707,-0.0016552,-0.00094583,0.0001631,-0.00018351,-0.00087533,0.00064006,-0.0077266,-0.0015174,0.00055759,-0.00068749,0.00018815,-1.2149e-09,0.00058965,-0.0025668,-0.00094157,-0.0009167,0.00016939,-0.00029349,-0.0014647,0.0004822,-0.00074748,3.3101e-05,-0.001049,-0.0011041,-0.00050418,-0.0017063,-0.0027065,-0.00068245,-0.0073415,-0.00024958,-0.0021435,0.00034355,-0.0011142,0.00017883,-0.0026589,-0.00052203,-3.8544,-0.0041935,-0.0010694,-0.00060525,-0.00030973,-0.0005193,-0.0024198,-0.0004822,-0.00017,-0.0037197,-0.0029041,-0.0012392,-0.0017625,-0.0013795,-0.00063582,0.0013217,0.0013728,0.00085584,0.00204,-0.0013057,-0.001761,-0.00092532,7.136e-05,-0.0021889,-7.8979e-05,-0.0020363,-0.0021245,-0.0018526,-0.0023903,-0.00129,0.00028466,-0.00054906,-0.0024466,-0.0010969,-0.0004733,-0.082574,0.0001039,0.00068538,-0.0026594,-0.00083408,-0.0015949,0.0011791,-0.013101,-0.0006061,-0.0025642,-0.0014878,-0.0033159
-1.8735e-05,-2.7721e-05,-2.5257e-05,-1.2941e-05,3.1518e-06,-1.3055e-06,-1.1019e-05,1.141e-05,-0.0002172,-1.7358e-05,1.2224e-05,-1.0447e-05,7.046e-06,-1.263e-05,-8.4637e-10,-3.7032e-05,-1.7528e-05,-1.3657e-05,4.2834e-06,-8.1287e-06,-1.9521e-05,4.0184e-06,-1.0133e-05,1.6028e-06,-1.5079e-05,-1.5339e-05,-5.7659e-06,-2.3583e-05,-3.0427e-05,-8.2869e-06,-0.00013541,-3.1794e-06,-3.2842e-05,1.5722e-06,-1.1212e-05,3.5069e-06,-3.6585e-05,-9.2401e-06,-3.1812,-6.1887e-05,-1.7341e-05,-1.4166e-05,-1.3069e-05,-4.4177e-06,-3.1211e-05,-5.9647e-06,-5.7373e-07,-6.6895e-05,-4.2636e-05,-2.0299e-05,-3.062e-05,-1.941e-05,-1.8748e-05,2.0432e-05,2.0736e-05,1.1417e-05,2.1323e-05,-1.4895e-05,-2.9997e-05,-1.4322e-05,1.9179e-06,-3.7552e-05,-1.5848e-06,-3.0222e-05,-2.9812e-05,-2.5166e-05,-3.4779e-05,-2.304e-05,4.3515e-06,-1.2415e-05,-3.2859e-05,-2.0752e-05,-4.4625e-06,-0.13182,3.023e-06,1.1284e-05,-2.529e-05,-1.1446e-05,-2.1968e-05,1.8745e-05,-0.00026135,-7.8502e-06,-3.4588e-05,-2.8961e-05,-5.5744e-05
-6.9626e-05,-0.00011435,-8.772e-05,-5.1368e-05,2.1186e-05,1.2564e-05,-4.062e-05,3.6802e-05,-0.0014916,-8.356e-05,3.7235e-05,-2.9663e-05,2.5702e-05,-5.2276e-05,4.2762e-05,-1.5152e-09,-6.2044e-05,-5.3219e-05,1.2487e-05,-3.4024e-05,-9.2232e-05,2.4113e-05,-3.6358e-05,1.069e-05,-7.9516e-05,-7.6971e-05,-2.3057e-05,-8.7967e-05,-0.0001055,-1.9063e-05,-0.00029572,6.6688e-06,-9.8917e-05,3.5485e-05,-5.5891e-05,1.2432e-05,-0.00010554,-3.3566e-05,-4.3346,-0.00024507,-4.7696e-05,-2.9688e-05,-6.2972e-06,-2.0006e-05,-0.00013593,-2.4199e-05,2.3749e-07,-0.00023587,-0.00018523,-5.2756e-05,-0.00013971,-9.1696e-05,-3.3043e-05,9.1439e-05,8.4752e-05,3.0595e-05,0.0001035,-0.00011217,-0.00011431,-6.991e-05,7.9864e-06,-0.0001408,-7.0705e-07,-0.00013375,-0.00011997,-0.00010859,-0.00016377,-8.3242e-05,2.7866e-05,-5.5283e-05,-0.00016234,-8.2201e-05,-1.6123e-05,-0.10038,1.2552e-05,5.3098e-05,-0.00014476,-4.6192e-05,-8.7049e-05,9.4075e-05,-0.00090079,-4.154e-06,-9.934e-05,-0.00010202,-0.0001881
-0.00010842,-0.00016431,-0.00015111,-9.4045e-05,2.9447e-05,5.2848e-07,-8.5779e-05,7.672e-05,-0.00085926,-0.00015762,7.5195e-05,-3.9933e-05,4.6872e-05,-6.6204e-05,8.3235e-05,-0.00023915,-1.69e-09,-8.8403e-05,2.8991e-05,-3.3304e-05,-0.00015932,5.0274e-05,-7.277e-05,4.5068e-05,-0.0001111,-0.00012155,-5.7903e-05,-0.00015555,-0.00021226,-6.3087e-05,-0.0005739,1.6695e-05,-0.00017849,6.571e-05,-0.0001117,5.104e-05,-0.0002652,-4.4779e-05,-3.4498,-0.00036598,-9.5577e-05,-5.2285e-05,2.4068e-07,-2.5132e-05,-0.0001936,-5.5975e-05,-1.5427e-05,-0.00033745,-0.00028884,-0.00011895,-0.00018137,-0.00014793,-8.4481e-05,0.00016356,0.00015933,9.1166e-05,0.00023436,-0.00012749,-0.00016526,-8.6647e-05,2.2131e-05,-0.00020672,-4.3755e-06,-0.00019738,-0.00022056,-0.00017309,-0.00022917,-0.00011845,3.8345e-05,-5.9287e-05,-0.00023103,-0.00011798,-4.8754e-05,-0.09363,1.3527e-05,0.00016087,-0.00024785,-8.8888e-05,-0.00016262,0.00012388,-0.0012892,-5.1282e-05,-0.00019827,-0.00013039,-0.0003113
-0.00054798,-0.00085422,-0.00084804,-0.00052634,9.7685e-05,1.1431e-05,-0.00033589,0.00033981,-0.0059377,-0.00065125,0.00031375,-0.00026465,4.1445e-05,-0.00032588,0.00032738,-0.0011464,-0.00042401,1.3092e-09,0.00011131,-0.00022504,-0.00060577,0.00019149,-0.00031715,0.000165,-0.00051758,-0.00046366,-0.00019316,-0.000767,-0.0012495,-0.00028476,-0.0034094,-5.0468e-05,-0.00097512,0.00013519,-0.00042379,0.0001122,-0.0012566,-0.00030457,-3.8058,-0.0021175,-0.00048162,-0.00026744,-0.0002602,-0.0001844,-0.0011001,-0.00023309,3.3643e-05,-0.001988,-0.0013808,-0.00049107,-0.00091602,-0.00063324,-0.00055713,0.00057653,0.00060974,0.00043555,0.00079104,-0.00067338,-0.0009412,-0.00051395,7.9078e-05,-0.0010133,-1.5394e-05,-0.00099595,-0.00099197,-0.00082432,-0.0011334,-0.00065483,0.00028282,-0.00030349,-0.0010102,-0.0005794,-8.2219e-05,-0.16479,0.00016075,0.00039242,-0.0010673,-0.00038217,-0.00072093,0.00070559,-0.0081898,-0.00023149,-0.001381,-0.00077391,-0.0015468
-0.0009576,-0.001481,-0.0012187,-0.00071774,7.2603e-05,-9.8882e-05,-0.00065357,0.00041163,-0.0061052,-0.0010363,0.00061592,-0.00054513,0.00016429,-0.00060721,0.00043922,-0.0016459,-0.00088672,-0.00067517,-1.8145e-09,-0.00038537,-0.00080191,0.00017397,-0.00056299,0.00011535,-0.00079159,-0.00081324,-0.00048062,-0.0012077,-0.0013455,-0.00047711,-0.003634,-0.00024311,-0.0013654,0.00011391,-0.00072852,0.00014157,-0.0017257,-0.00053766,-2.8949,-0.003172,-0.00086222,-0.00057376,-0.00049657,-0.00039855,-0.0016872,-0.0003427,-0.00012531,-0.0029217,-0.0020485,-0.00090308,-0.0016156,-0.0011294,-0.00053373,0.00074467,0.00075864,0.00042663,0.0010471,-0.0010127,-0.0016834,-0.00066348,-1.9114e-05,-0.0017202,-0.00011643,-0.0020783,-0.0016711,-0.0011564,-0.0021649,-0.0011508,0.00010833,-0.0005449,-0.0015152,-0.0010237,-0.00020291,-0.15406,0.00010399,0.00058059,-0.0012403,-0.00063009,-0.0013016,0.00089122,-0.011267,-0.00043821,-0.0018721,-0.0012797,-0.0024984
-0.00010601,-0.000154,-0.00015471,-9.0676e-05,1.8017e-05,-1.4637e-05,-7.2896e-05,8.3664e-05,-0.00087165,-0.00013712,6.4785e-05,-6.8615e-05,1.756e-05,-5.4028e-05,6.102e-05,-0.00023735,-8.7633e-05,-8.9459e-05,1.3788e-05,-1.3464e-09,-0.00012777,4.1977e-05,-6.5089e-05,1.8251e-05,-0.00010028,-0.00010261,-4.5483e-05,-0.00016822,-0.00020842,-5.9434e-05,-0.00082932,-1.4498e-05,-0.00019568,4.1153e-05,-9.6322e-05,1.5087e-05,-0.00026818,-5.804e-05,-3.5821,-0.00039037,-0.00010715,-6.8042e-05,-3.3016e-05,-4.2758e-05,-0.00018807,-4.8078e-05,-7.9522e-06,-0.00034694,-0.00029979,-0.0001062,-0.00018088,-0.00013365,-8.2076e-05,0.00012868,0.00012743,6.9351e-05,0.00018198,-0.00012288,-0.00016237,-7.8129e-05,1.3002e-05,-0.00021276,-8.6309e-06,-0.00019958,-0.00020329,-0.00016719,-0.00021847,-0.00012694,3.409e-05,-4.6971e-05,-0.00021591,-0.00010613,-3.6482e-05,-0.051222,9.422e-06,4.969e-05,-0.00021561,-7.795e-05,-0.00013583,0.00010967,-0.001619,-4.8641e-05,-0.00027212,-0.00015534,-0.00031424
-0.00011268,-0.00017649,-0.00014765,-0.00010247,1.541e-05,-2.7315e-05,-6.7013e-05,6.0657e-05,-0.037667,-0.0001161,5.9438e-05,-6.751e-05,1.0716e-05,-7.4751e-05,5.3873e-05,-0.00021807,-0.00011373,-8.3217e-05,2.3079e-05,-4.5608e-05,-9.0561e-10,3.5258e-05,-5.7851e-05,1.8182e-05,-9.407e-05,-9.3702e-05,-4.2435e-05,-0.00014779,-0.00019028,-5.4901e-05,-0.0013159,-1.1956e-05,-0.00017393,2.8573e-05,-7.3458e-05,1.0698e-06,-0.00022997,-7.0672e-05,-3.7166,-0.00042796,-0.00011369,-9.6856e-05,-6.4323e-05,-3.7947e-05,-0.00019599,-3.5424e-05,-3.7392e-06,-0.00038816,-0.00029869,-0.00010678,-0.0001817,-0.00012283,-0.00010043,9.6958e-05,0.00010105,5.8583e-05,0.00014726,-0.0001305,-0.00019289,-8.9561e-05,1.0902e-05,-0.00022165,-8.0827e-06,-0.00022716,-0.00018064,-0.00014459,-0.0002377,-0.00013181,3.6732e-05,-6.9847e-05,-0.00019637,-0.00011897,-2.5109e-05,-0.10908,2.301e-05,4.1847e-05,-0.00019054,-6.6618e-05,-0.00013583,0.00012049,-0.0065844,-5.226e-05,-0.00022008,-0.00016722,-0.00028695
-4.8131e-05,-7.4909e-05,-6.7303e-05,-4.8995e-05,7.997e-06,-1.3112e-05,-3.4874e-05,2.5265e-05,-0.00081633,-6.1873e-05,2.3727e-05,-3.0405e-05,2.5745e-07,-2.7648e-05,2.4463e-05,-0.00010457,-4.4736e-05,-4.0349e-05,4.9001e-06,-1.8542e-05,-5.1639e-05,-1.2432e-09,-2.9046e-05,2.4473e-06,-4.7411e-05,-4.4506e-05,-2.1424e-05,-6.983e-05,-9.282e-05,-3.0057e-05,-0.00030835,-8.6912e-06,-8.5927e-05,1.1628e-05,-4.1906e-05,-9.5329e-07,-0.00010733,-2.6742e-05,-3.754,-0.00017722,-4.9632e-05,-3.6779e-05,-2.7858e-05,-1.9388e-05,-8.9255e-05,-1.8866e-05,-7.1256e-06,-0.00015837,-0.00013281,-4.8789e-05,-8.1291e-05,-5.7941e-05,-5.5136e-05,5.259e-05,5.4642e-05,3.2044e-05,7.7904e-05,-6.3768e-05,-8.1935e-05,-3.8068e-05,1.5761e-06,-9.154e-05,-4.8897e-07,-9.1037e-05,-8.677e-05,-7.3864e-05,-0.00010951,-5.4815e-05,1.4186e-05,-2.7855e-05,-9.7611e-05,-4.7703e-05,-1.7845e-05,-0.067723,7.4793e-06,2.7628e-05,-9.7791e-05,-3.1857e-05,-6.4047e-05,5.1835e-05,-0.0012845,-2.4363e-05,-0.00011099,-6.8149e-05,-0.0001383
-0.00024452,-0.00041234,-0.00037464,-0.00024072,5.0212e-05,-1.0123e-05,-0.00016031,0.00014328,-0.0080238,-0.00027096,0.0001261,-0.00013417,3.1097e-05,-0.00017205,0.00013532,-0.00046466,-0.00024336,-0.0002079,1.6494e-05,-0.0001046,-0.0002709,7.5305e-05,-1.1075e-09,1.3067e-05,-0.00023095,-0.0002318,-9.8315e-05,-0.00032431,-0.00045837,-0.00010853,-0.0017662,-3.6237e-05,-0.00040486,7.1149e-05,-0.00017341,1.5725e-05,-0.00053353,-0.00014364,-3.712,-0.00093215,-0.00021092,-0.00015186,-0.00011879,-9.5985e-05,-0.00044454,-7.869e-05,-1.9845e-05,-0.00087832,-0.00064465,-0.0002413,-0.00045639,-0.0002801,-0.00023081,0.00024514,0.00024101,0.00013793,0.00036453,-0.0002995,-0.00042506,-0.00023356,2.6496e-05,-0.00046683,9.6241e-06,-0.00049376,-0.00041593,-0.00036248,-0.00056435,-0.00028861,6.861e-05,-0.00016661,-0.00050262,-0.00028532,-6.9645e-05,-0.11446,2.8402e-05,0.00013684,-0.0004987,-0.00016144,-0.00028258,0.0002652,-0.0074349,-0.00011035,-0.00043458,-0.00041215,-0.00070087
-0.00081941,-0.0011962,-0.0010384,-0.0005861,0.00026019,8.8018e-05,-0.0004441,0.00052998,-0.0079405,-0.00097598,0.00059216,-0.00035185,0.00025524,-0.00058849,0.00040759,-0.0013075,-0.00067976,-0.00056245,0.00015513,-0.00031352,-0.00086321,0.00021239,-0.00051061,-4.4101e-09,-0.00074618,-0.00069866,-0.00026154,-0.001106,-0.00134,-0.00037704,-0.0037419,0.00033137,-0.0013027,0.00062167,-0.00056634,7.1167e-05,-0.0017168,-0.00051391,-2.9184,-0.0022661,-0.00061509,-0.00020934,-0.00032882,3.4427e-05,-0.0014608,-0.00034074,3.2528e-05,-0.0026843,-0.0016808,-0.00059673,-0.0014835,-0.00097586,-0.00060219,0.00088051,0.00088687,0.00042488,0.0012861,-0.0007134,-0.0014185,-0.0008629,0.0002313,-0.0017068,-1.6864e-05,-0.001203,-0.0011328,-0.0011807,-0.0017077,-0.0010134,0.0006434,-0.00052549,-0.0014446,-0.00097157,-8.8793e-05,-0.093064,0.00021982,0.00051015,-0.0014229,-0.00052149,-0.0010183,0.00092676,-0.0081637,-0.00032626,-0.0016738,-0.0012215,-0.0020828
-1.8595e-05,-2.7913e-05,-2.5008e-05,-1.6207e-05,1.4584e-06,-3.2734e-06,-1.2024e-05,8.8096e-06,-0.0001751,-1.9478e-05,7.6963e-06,-9.976e-06,2.2202e-06,-1.1339e-05,9.0163e-06,-3.6828e-05,-1.7618e-05,-1.5437e-05,2.0465e-06,-7.6822e-06,-1.896e-05,4.0693e-06,-1.0348e-05,8.2891e-07,-1.5391e-09,-1.4921e-05,-6.5629e-06,-2.2457e-05,-3.3519e-05,-1.0186e-05,-0.00012471,-3.9531e-06,-3.0021e-05,4.0574e-06,-1.1613e-05,1.7726e-06,-3.5048e-05,-8.2961e-06,-3.7646,-6.0486e-05,-1.6641e-05,-1.4308e-05,-9.7738e-06,-6.4732e-06,-3.2372e-05,-5.9026e-06,-2.4676e-06,-6.2445e-05,-4.0999e-05,-1.7578e-05,-2.8268e-05,-1.9797e-05,-1.5046e-05,1.429e-05,1.439e-05,9.8052e-06,2.5545e-05,-1.9964e-05,-3.0972e-05,-2.0496e-05,1.2782e-06,-3.6539e-05,-9.7962e-07,-3.2968e-05,-2.963e-05,-2.5022e-05,-3.7753e-05,-2.1261e-05,4.0954e-06,-1.1886e-05,-3.2094e-05,-1.9841e-05,-5.3184e-06,-0.078515,8.7799e-07,8.2059e-06,-3.4016e-05,-1.1874e-05,-2.2366e-05,1.5546e-05,-0.00021865,-8.3741e-06,-3.0739e-05,-2.7093e-05,-4.9848e-05
-0.00012631,-0.00019349,-0.00017216,-0.00010948,1.6345e-05,-1.4543e-05,-7.9743e-05,6.9034e-05,-0.0022733,-0.00013355,6.1917e-05,-7.3202e-05,1.2422e-05,-8.3268e-05,6.3217e-05,-0.00024714,-0.00012812,-9.6527e-05,1.2444e-05,-5.4951e-05,-0.00013367,3.1292e-05,-7.2873e-05,1.1916e-05,-0.00010368,-1.3205e-09,-4.6715e-05,-0.00016875,-0.00020645,-5.4919e-05,-0.001308,-1.4377e-05,-0.00020331,3.5566e-05,-7.7831e-05,1.5328e-06,-0.00026906,-7.3543e-05,-3.6741,-0.00039284,-0.00011537,-9.9269e-05,-8.3331e-05,-4.5418e-05,-0.00021188,-4.7247e-05,-5.4497e-06,-0.00042678,-0.00030094,-0.00010736,-0.00021703,-0.00013781,-8.0561e-05,0.00010608,0.00010661,6.7323e-05,0.00016455,-0.00013633,-0.0002156,-0.0001119,1.2427e-05,-0.00025359,-6.7467e-06,-0.00024016,-0.00020138,-0.00017042,-0.00026505,-0.00014838,4.0656e-05,-8.2385e-05,-0.0002329,-0.00013407,-3.2921e-05,-0.12833,1.2211e-05,5.6568e-05,-0.0002182,-8.3478e-05,-0.00015521,0.000122,-0.0014555,-5.2406e-05,-0.00023472,-0.00018687,-0.00034569
-0.00020144,-0.00031154,-0.00031213,-0.00018288,3.6979e-05,-4.8475e-06,-9.6733e-05,0.0001068,-0.010541,-0.00020937,9.9092e-05,-0.0001233,3.8902e-05,-0.00013726,0.00011144,-0.00035784,-0.00021337,-0.00015717,1.1023e-05,-8.8724e-05,-0.00022183,4.5596e-05,-0.00011292,3.2212e-05,-0.00017256,-0.00017293,-9.1455e-10,-0.00027808,-0.00036226,-9.5029e-05,-0.0022083,-3.5915e-05,-0.00035445,4.6001e-05,-0.00013227,6.0652e-06,-0.00042914,-0.00012006,-3.7828,-0.00070467,-0.00018252,-0.0001204,-0.00012471,-8.6275e-05,-0.00036228,-6.2589e-05,-1.5105e-05,-0.0007187,-0.00046785,-0.00019847,-0.00035766,-0.00022096,-0.00019167,0.00019344,0.00019739,0.00010949,0.00027031,-0.00022917,-0.00035112,-0.00020535,2.7442e-05,-0.00040842,-5.4155e-06,-0.00039635,-0.00033821,-0.00028518,-0.00039816,-0.0002437,7.1238e-05,-0.00013676,-0.00035786,-0.00023498,-4.9524e-05,-0.096789,1.916e-05,8.9151e-05,-0.00040286,-0.00012121,-0.00024349,0.0001985,-0.011888,-7.2116e-05,-0.00039202,-0.00031174,-0.00056608
-6.4621e-05,-9.2329e-05,-7.5287e-05,-5.5725e-05,8.1482e-06,7.3466e-06,-4.2365e-05,2.4432e-05,-0.0003105,-6.7417e-05,2.6305e-05,-4.7857e-07,1.0937e-05,-4.1989e-05,2.9005e-05,-9.9091e-05,-5.3914e-05,-5.4474e-05,5.6733e-06,-3.1623e-05,-6.9902e-05,1.4622e-05,-3.3088e-05,3.4505e-06,-5.0968e-05,-5.5302e-05,-2.8206e-05,-4.9528e-09,-8.0503e-05,-2.5613e-05,-0.0002117,-1.8876e-06,-8.8437e-05,2.7167e-05,-4.3636e-05,4.6384e-05,-0.00011704,-2.7431e-05,-3.5981,-0.00019233,-1.7442e-05,-2.4253e-05,-1.3558e-05,-1.7439e-05,-9.5536e-05,-1.9651e-05,-1.0516e-05,-0.00018859,-0.00013573,-5.8901e-05,-0.00012031,-6.9926e-05,-1.7073e-05,5.0245e-05,4.6631e-05,2.4931e-05,7.2665e-05,-6.9776e-05,-0.00010089,-6.5888e-05,6.4675e-06,-0.0001297,-4.0308e-06,-0.00010489,-9.2048e-05,-7.9006e-05,-0.00012972,-7.3013e-05,1.5579e-05,-4.0601e-05,-0.0001241,-7.3419e-05,-2.4112e-05,-0.0040155,4.8357e-06,4.1862e-05,-0.00010761,-3.7338e-05,-7.1763e-05,5.211e-05,-0.0011616,-2.8863e-05,-7.7405e-05,-8.914e-05,-0.00014556
-2.8507e-05,-4.5422e-05,-4.1794e-05,-2.4588e-05,3.5222e-06,-7.9994e-06,-1.9845e-05,9.2807e-06,-0.00039305,-3.1745e-05,1.186e-05,-1.2301e-05,1.6669e-06,-2.2108e-05,1.2434e-05,-4.8122e-05,-2.8503e-05,-2.7303e-05,8.1222e-07,-1.3806e-05,-3.1723e-05,5.2084e-06,-1.6936e-05,-1.7825e-07,-2.6687e-05,-2.3841e-05,-1.1981e-05,-3.2868e-05,-3.6472e-09,-1.4825e-05,-0.00017807,-3.2088e-06,-3.9872e-05,8.4896e-06,-2.012e-05,4.5338e-06,-5.9788e-05,-1.5043e-05,-3.7533,-6.3166e-05,-2.0243e-05,-2.8075e-05,-1.2292e-05,-7.7275e-06,-3.7138e-05,-9.1658e-06,-4.4499e-06,-7.0716e-05,-7.3449e-05,-2.9972e-05,-5.2247e-05,-3.3043e-05,-2.1872e-05,2.1595e-05,2.1779e-05,1.0012e-05,3.4838e-05,-3.1723e-05,-4.7561e-05,-2.2148e-05,1.1018e-06,-5.6774e-05,-8.7914e-07,-5.4058e-05,-4.4244e-05,-3.6679e-05,-6.1336e-05,-3.4542e-05,4.8243e-06,-2.1266e-05,-5.2263e-05,-3.4578e-05,-1.0344e-05,-0.0655,1.754e-06,1.8029e-05,-4.8992e-05,-1.8208e-05,-3.4303e-05,2.3569e-05,-0.0003522,-1.2454e-05,-4.9072e-05,-4.3777e-05,-7.1596e-05
-6.8622e-05,-0.00010177,-8.8087e-05,-6.2449e-05,1.4654e-05,-6.2213e-06,-3.8191e-05,3.1148e-05,-0.00037357,-6.5759e-05,2.7512e-05,-2.5496e-05,1.5303e-05,-4.6727e-05,3.34e-05,-0.00011596,-6.8412e-05,-5.6263e-05,3.4042e-06,-3.1951e-05,-7.2826e-05,1.1652e-05,-3.5098e-05,2.0199e-06,-6.5059e-05,-5.3873e-05,-2.4707e-05,-8.3119e-05,-0.00013094,-5.2155e-09,-0.00027309,-5.6846e-06,-0.00010239,2.3606e-05,-4.1959e-05,4.0259e-06,-0.00013779,-4.1093e-05,-3.3218,-0.00022097,-4.4811e-05,-3.8718e-05,-2.0145e-05,-2.1652e-05,-0.00010998,-2.4874e-05,-7.2015e-06,-0.00023459,-0.00013365,-5.876e-05,-0.00013269,-8.174e-05,-2.0273e-05,5.9922e-05,5.6727e-05,3.3913e-05,6.6839e-05,-6.5608e-05,-0.00011049,-6.4048e-05,1.3757e-05,-0.00013438,-4.8937e-06,-0.00011625,-0.00010502,-9.2577e-05,-0.00012928,-8.0228e-05,1.8017e-05,-4.3236e-05,-0.00011973,-7.7995e-05,-2.095e-05,-0.052966,5.9711e-07,2.6724e-05,-0.00012044,-4.2007e-05,-7.5692e-05,6.0438e-05,-0.0011484,-2.8e-05,-9.9895e-05,-0.0001094,-0.00017158
-6.114e-05,-8.9694e-05,-7.9247e-05,-5.3246e-05,1.3905e-05,2.0147e-05,-4.4902e-05,2.9629e-05,-0.00032507,-7.0842e-05,2.7963e-05,-1.3906e-05,6.1082e-06,-4.3762e-05,1.9995e-05,-9.804e-05,-3.7019e-05,-5.0907e-05,8.6821e-06,-2.946e-05,-7.1214e-05,1.3409e-05,-3.6768e-05,1.948e-05,-5.3093e-05,-5.2773e-05,-2.8376e-05,-6.7458e-05,-8.0529e-05,-2.1488e-05,-2.5186e-09,-8.1286e-06,-6.7838e-05,4.7848e-05,-4.2763e-05,1.0063e-05,-0.00012265,-2.7436e-05,-3.2192,-0.00015651,-2.8146e-05,-2.5072e-05,-8.5557e-06,-7.0177e-06,-8.8372e-05,-2.4817e-05,-8.9991e-06,-0.00018111,-0.00017988,-4.3752e-05,-0.0001215,-8.0908e-05,-1.3464e-05,5.5522e-05,5.1781e-05,4.6475e-05,0.00012377,-6.9623e-05,-0.00010314,-6.515e-05,5.0771e-06,-0.00011888,3.2072e-07,-0.00011271,-9.099e-05,-7.6424e-05,-0.00012741,-6.9418e-05,2.1333e-05,-3.2272e-05,-0.00012284,-7.4933e-05,-1.9327e-05,-0.00063033,4.6884e-06,6.3145e-05,-0.00010111,-4.0593e-05,-8.0674e-05,5.3645e-05,-0.00046232,-2.4239e-05,-7.8266e-05,-8.6137e-05,-0.00013785
-0.00020478,-0.0003355,-0.00026548,-0.00017196,3.6894e-05,4.1613e-05,-0.00012986,8.4124e-05,-0.0035808,-0.00024772,0.00010265,-9.0536e-05,2.4395e-05,-0.00015851,0.00010379,-0.00038833,-0.00016444,-0.00017307,1.3121e-05,-9.4592e-05,-0.00023368,6.0797e-05,-0.00013264,0.00020371,-0.00020702,-0.00018577,-9.347e-05,-0.00026338,-0.00034961,-9.2639e-05,-0.0014829,-4.8652e-09,-0.00035337,0.00012705,-0.00016219,6.5509e-05,-0.0004564,-0.00013757,-2.7685,-0.00072321,-0.00017399,-0.000118,-5.458e-05,-1.98e-05,-0.00046099,-7.6586e-05,-2.1579e-05,-0.00075543,-0.00039741,-0.00014978,-0.00036681,-0.00025284,-0.00011957,0.00021354,0.00020439,0.00012618,0.00028415,-0.00027092,-0.00035832,-0.00019227,4.6339e-05,-0.00041952,3.2037e-06,-0.00031713,-0.00032584,-0.00030909,-0.00045948,-0.00023581,0.00011448,-0.0001624,-0.00039879,-0.00026246,-6.3404e-05,-0.053773,3.2815e-05,0.00015886,-0.00044129,-0.00014691,-0.00025914,0.00021602,-0.0020489,-0.00010264,-0.0004325,-0.00028917,-0.00055889
-1.0904e-05,-1.6534e-05,-1.4176e-05,-9.71e-06,2.0842e-06,2.2568e-06,-7.4179e-06,5.4271e-06,-6.2573e-05,-1.264e-05,5.9088e-06,-4.3099e-06,1.6451e-06,-7.5162e-06,5.3239e-06,-1.7735e-05,-7.9802e-06,-9.5651e-06,1.3125e-06,-4.8108e-06,-1.2064e-05,3.1305e-06,-5.9065e-06,1.7434e-06,-9.8014e-06,-9.8539e-06,-5.0195e-06,-1.262e-05,-1.2672e-05,-4.4368e-06,-3.9804e-05,-1.3246e-06,-3.0257e-09,6.1736e-06,-7.7563e-06,1.7582e-06,-2.4299e-05,-5.533e-06,-3.4037,-2.9557e-05,-7.4563e-06,-4.7243e-06,-2.88e-06,-1.7284e-06,-1.6062e-05,-4.3973e-06,-1.6203e-06,-3.1482e-05,-2.6014e-05,-9.2589e-06,-2.0487e-05,-1.3675e-05,-7.3785e-06,9.7243e-06,9.739e-06,6.0383e-06,1.5025e-05,-1.178e-05,-1.8153e-05,-9.4664e-06,1.1315e-06,-2.1363e-05,2.8671e-08,-2.1609e-05,-1.8776e-05,-1.5314e-05,-2.4092e-05,-1.2201e-05,3.1567e-06,-6.7543e-06,-2.2809e-05,-1.2182e-05,-3.4487e-06,-0.00020095,1.3056e-06,8.6298e-06,-1.9056e-05,-7.4603e-06,-1.4006e-05,1.0573e-05,-0.00013164,-4.5866e-06,-1.6417e-05,-1.578e-05,-2.4882e-05
-0.00011612,-0.00018088,-0.00014309,-9.1498e-05,2.9217e-05,1.8592e-05,-6.8063e-05,5.5664e-05,-0.00059938,-0.00013957,6.0158e-05,-3.6828e-05,2.1493e-05,-8.6906e-05,3.665e-05,-0.00020341,-8.4677e-05,-0.00010637,3.2083e-06,-3.7817e-05,-0.00012376,3.2124e-05,-7.8381e-05,0.00013301,-0.00010545,-8.7528e-05,-4.7715e-05,-0.00012915,-0.00014919,-5.5045e-05,-0.00038745,1.8348e-05,-0.00016267,-5.1114e-09,-7.8735e-05,-1.5942e-05,-0.00025724,-7.9251e-05,-2.5966,-0.00029556,-5.7755e-05,-5.4706e-05,-2.9128e-05,-1.3081e-05,-0.00017284,-4.1486e-05,-2.0219e-05,-0.00033168,-0.00029372,-8.1152e-05,-0.00023652,-0.00013704,5.483e-05,9.6342e-05,0.00010002,4.824e-05,0.00017059,-0.00011748,-0.000196,-0.00012545,2.7417e-05,-0.00023795,1.1033e-06,-0.00017709,-0.00015495,-0.00018042,-0.00026169,-0.00014905,5.4466e-05,-7.0559e-05,-0.00019527,-0.00015162,-2.9132e-05,-0.13404,1.8798e-05,5.2629e-05,-0.00018771,-7.7445e-05,-0.00013948,0.0001062,-0.00082043,-5.7146e-05,-2.6347e-05,-0.00018482,-0.00029829
-7.0975e-05,-0.00011234,-0.00010587,-5.9234e-05,1.2779e-05,8.8269e-06,-4.2865e-05,4.6116e-05,-0.00086485,-5.5675e-05,4.0214e-05,-3.7512e-05,2.2502e-05,-5.2451e-05,4.8892e-05,-0.00012863,-7.3105e-05,-5.5693e-05,1.4468e-05,-3.2585e-05,-7.4474e-05,1.8116e-05,-3.499e-05,1.2161e-05,-5.5116e-05,-5.4772e-05,-2.3355e-05,-8.8381e-05,-0.00011798,-2.3986e-05,-0.00066506,-2.3256e-06,-0.00011001,2.7048e-05,-1.3182e-09,1.0428e-05,-0.00013843,-3.7168e-05,-4.0285,-0.00023155,-5.0224e-05,-4.6183e-05,-4.0366e-05,-1.7111e-05,-0.0001191,-1.9149e-05,-1.846e-06,-0.00037144,-0.0001591,-6.2867e-05,-0.00014155,-7.3985e-05,-3.7076e-05,6.837e-05,6.6156e-05,4.1983e-05,9.0206e-05,-5.8795e-05,-0.00012082,-6.8339e-05,1.2551e-05,-0.000152,8.9883e-07,-0.00013463,-0.0001101,-9.7253e-05,-0.00014869,-8.5523e-05,2.6521e-05,-4.5568e-05,-0.00012133,-8.815e-05,-1.6816e-05,-0.12924,1.0174e-05,4.1111e-05,-0.00011519,-4.382e-05,-7.8559e-05,7.2449e-05,-0.0021983,-2.8398e-05,-0.00012272,-0.00012727,-0.0001863
-0.00024484,-0.00033003,-0.00032057,-0.00018636,3.5188e-05,-6.5225e-06,-0.00016099,0.0001122,-0.0012829,-0.00026072,0.00012322,-2.307e-05,7.2972e-05,-0.00014258,0.00015915,-0.0004537,-0.00017462,-0.00018827,5.8071e-05,-9.2973e-05,-0.00029352,5.0309e-05,-0.00014292,1.6218e-05,-0.00019918,-0.00021755,-9.9409e-05,-0.00016354,-0.00029243,-9.9163e-05,-0.00092102,1.6685e-05,-0.00038433,3.8181e-05,-0.00017634,-3.9717e-09,-0.00052955,-9.7353e-05,-3.4255,-0.00075115,-9.92e-05,-0.00013832,-4.2345e-05,-5.5869e-05,-0.00043222,-8.8709e-05,-3.3974e-05,-0.00076277,-0.00042248,-0.00022253,-0.00041922,-0.00025683,-0.00012612,0.00023259,0.00023559,0.00011318,0.00033847,-0.00021266,-0.00035969,-0.00021951,2.5813e-05,-0.00048044,-1.6574e-05,-0.00039062,-0.00037237,-0.00033417,-0.00044651,-0.00031152,7.4861e-05,-0.0001522,-0.0004443,-0.00027786,-8.845e-05,-0.0076731,3.1237e-05,0.00017549,-0.00040859,-0.00015687,-0.0002695,0.00021922,-0.002528,-0.00012934,-0.00043268,-0.00034564,-0.00058359
-0.00045353,-0.00073424,-0.00071788,-0.00045152,8.0123e-05,-7.1353e-07,-0.00030578,0.00024356,-0.0044139,-0.00049487,0.00021236,-0.00025347,4.865e-05,-0.00030958,0.00024831,-0.00079482,-0.00043103,-0.00038442,0.00010215,-0.00023413,-0.0005064,0.00012647,-0.00025444,5.3536e-05,-0.00038887,-0.00041641,-0.00017815,-0.00054624,-0.00077844,-0.00021142,-0.0026491,-5.6719e-05,-0.00076376,0.00011569,-0.00031395,8.6433e-06,-1.3536e-09,-0.00023638,-3.5131,-0.0017176,-0.00044161,-0.00032127,-0.00022694,-0.00018931,-0.00072482,-0.00013823,-4.8666e-05,-0.001584,-0.0011551,-0.00045962,-0.00082864,-0.00052572,-0.0002525,0.0004123,0.00041868,0.00027911,0.00064513,-0.00058106,-0.00080222,-0.00040775,3.9321e-05,-0.00094153,-4.4283e-06,-0.00087448,-0.00074558,-0.00062513,-0.00094854,-0.00050938,0.00012793,-0.00032182,-0.00085691,-0.00051685,-0.00011209,-0.13072,6.0994e-05,0.00035512,-0.00078994,-0.00027921,-0.00061489,0.00045502,-0.0081679,-0.00017176,-0.00065719,-0.00071066,-0.001334
-0.00014751,-0.00020211,-0.00018718,-8.5237e-05,2.7201e-05,-1.0326e-05,-0.0001125,7.225e-05,-0.0018791,-0.00017022,8.1035e-05,-5.7435e-05,7.3967e-05,-7.6478e-05,0.00010351,-0.00029115,-0.00010249,-0.00012729,3.2077e-05,-5.4494e-05,-0.00020016,5.3265e-05,-8.9599e-05,3.3026e-07,-0.00010784,-0.00013953,-6.3497e-05,-0.00017421,-0.00021924,-7.9537e-05,-0.0011397,-2.4282e-05,-0.00023641,4.8639e-05,-0.00012213,5.4256e-05,-0.00028644,-2.6189e-09,-3.0238,-0.00046978,-0.00010078,-7.4947e-05,-2.1594e-05,-3.9328e-05,-0.00024731,-6.5656e-05,-2.6715e-05,-0.00045901,-0.00033565,-0.00015045,-0.00020322,-0.00017217,-9.095e-05,0.00017612,0.00016614,7.4567e-05,0.00023627,-0.00010091,-0.00020196,-8.8101e-05,1.0478e-05,-0.00026195,-1.1937e-05,-0.00021162,-0.00022939,-0.00021644,-0.00027766,-0.00014432,2.9264e-05,-7.0983e-05,-0.00029069,-0.00014944,-6.4163e-05,-0.16301,1.3813e-05,0.00013966,-0.00026691,-0.0001035,-0.00019124,0.00014222,-0.0019263,-6.5794e-05,-0.00027128,-0.00016899,-0.00039533
-2.9642e-05,-4.0233e-05,-4.0621e-05,-1.3215e-05,3.6767e-06,-3.7584e-06,-2.175e-05,1.8583e-05,-0.00038399,-2.8713e-05,1.6434e-05,-1.5065e-05,2.5168e-05,-1.8009e-05,2.3966e-05,-6.6115e-05,-2.4919e-05,-2.3852e-05,2.734e-06,-1.205e-05,-3.5725e-05,6.2647e-06,-1.8926e-05,5.0903e-06,-2.2578e-05,-2.6374e-05,-1.1543e-05,-3.9613e-05,-5.4073e-05,-1.2984e-05,-0.00021576,-1.9049e-08,-4.9003e-05,9.805e-06,-2.1823e-05,6.1256e-06,-6.1585e-05,-1.0581e-05,-4.3184e-09,-0.00011725,-2.3226e-05,-1.8298e-05,-6.8153e-06,-3.2953e-06,-5.3227e-05,-1.1686e-05,-3.8308e-06,-0.00010825,-6.6579e-05,-3.1857e-05,-4.0861e-05,-3.0445e-05,-2.4915e-05,2.7581e-05,2.6495e-05,1.5806e-05,3.3117e-05,-1.2937e-05,-3.8652e-05,-1.6776e-05,3.7896e-06,-5.6541e-05,-2.9761e-06,-4.0552e-05,-4.9967e-05,-4.221e-05,-5.2174e-05,-3.3677e-05,7.1403e-06,-1.4004e-05,-5.9944e-05,-3.1798e-05,-1.0541e-05,-0.059827,3.9148e-06,2.2432e-05,-4.7719e-05,-2.0376e-05,-3.8266e-05,2.5905e-05,-0.00034139,-1.3714e-05,-5.7893e-05,-3.4922e-05,-7.7837e-05
-0.0010799,-0.0017068,-0.0014938,-0.00087549,0.00024507,-7.7026e-07,-0.00071834,0.00050433,-0.0097636,-0.0012726,0.00054904,-0.00048891,0.00015236,-0.00075561,0.0005385,-0.0020459,-0.00094757,-0.0010635,3.224e-05,-0.00046571,-0.0012973,0.00030338,-0.00065971,0.00033438,-0.00096567,-0.0008977,-0.00045401,-0.0013358,-0.0010106,-0.00053306,-0.0055953,-9.6036e-05,-0.0015222,0.00055997,-0.00075536,9.7972e-05,-0.00257,-0.00057426,-3.7515,-1.3752e-09,-0.00076825,-0.00079548,-0.00058869,-0.00020509,-0.0014872,-0.00040775,-0.00014561,-0.0024707,-0.0026328,-0.00095369,-0.0020986,-0.0013274,-0.00081394,0.0010187,0.0010317,0.00059376,0.0016861,-0.0011859,-0.0019132,-0.00095514,0.00015542,-0.0021375,-2.5673e-05,-0.0020408,-0.0017516,-0.0015202,-0.0024707,-0.0012652,0.00039998,-0.00070154,-0.0020299,-0.0011844,-0.00032449,-0.059925,6.0202e-05,0.00068845,-0.0021954,-0.00075502,-0.0014019,0.00098616,-0.01023,-0.00049402,-0.001922,-0.0016339,-0.0025752
-8.2346e-06,-1.259e-05,-1.1311e-05,-9.0453e-06,1.6346e-06,3.5742e-06,-5.4465e-06,3.6237e-06,-2.5647e-05,-9.3271e-06,3.5649e-06,6.0165e-06,1.9826e-07,-5.0964e-06,2.8297e-06,-1.3496e-05,-5.444e-06,-5.7408e-06,-2.5322e-07,-4.1572e-06,-1.066e-05,2.0067e-06,-4.4874e-06,3.6513e-06,-6.155e-06,-6.6844e-06,-3.4532e-06,1.9529e-07,-6.1743e-06,-1.5514e-06,-2.4695e-05,1.3501e-06,-9.9169e-06,5.9829e-06,-5.9544e-06,1.6296e-05,-1.6319e-05,-3.0788e-06,-2.5503,-1.9133e-05,-3.4745e-09,-1.4916e-06,-1.1022e-06,-1.6912e-07,-1.1006e-05,-3.3837e-06,-7.2079e-07,-2.0664e-05,-1.7138e-05,-6.1511e-06,-1.6153e-05,-9.6696e-06,-6.0095e-07,5.2039e-06,4.6069e-06,3.37e-06,4.8237e-05,-8.622e-06,-1.3772e-05,-9.514e-06,1.2138e-06,-1.442e-05,1.182e-06,-1.3394e-05,-1.1938e-05,-1.0675e-05,-1.6825e-05,-8.4886e-06,5.1626e-06,-4.7574e-06,-1.3601e-05,-9.8474e-06,-2.0754e-06,-6.201e-05,1.5768e-06,7.6593e-06,-1.342e-05,-5.3549e-06,-1.0944e-05,8.5367e-06,-8.1966e-05,-4.6135e-06,-8.6006e-06,-1.2742e-05,-2.0164e-05
-4.4045e-05,-5.9667e-05,-5.6559e-05,-2.7617e-05,1.8241e-06,3.548e-05,-2.9099e-05,1.8424e-05,-0.00018053,-5.1107e-05,1.7443e-05,-8.5649e-06,2.1166e-05,-2.0956e-05,1.8254e-05,-7.49e-05,-3.0663e-05,-2.7677e-05,3.615e-06,-1.667e-05,-6.0189e-05,1.1488e-05,-2.5178e-05,2.0664e-05,-3.5934e-05,-4.1747e-05,-1.2561e-05,-4.7378e-05,-0.00014892,-1.8802e-05,-0.00015235,2.0083e-06,-5.8935e-05,2.1225e-05,-3.679e-05,7.5799e-06,-7.4721e-05,-1.954e-05,-2.8308,-0.00016955,-2.1943e-05,-4.8012e-09,2.6347e-05,3.1917e-06,-9.4189e-05,-2.3296e-05,-1.2033e-05,-0.00015538,-6.273e-05,-1.0556e-05,-5.9818e-05,-4.8893e-05,-1.7609e-05,4.3626e-05,3.923e-05,2.3342e-05,6.1472e-05,-3.7166e-05,-5.7436e-05,-2.409e-05,1.8489e-05,-7.7264e-05,-3.2187e-06,-5.2034e-05,-5.8998e-05,-6.5371e-05,-8.5517e-05,-4.4561e-05,3.7629e-05,-1.257e-05,-9.9884e-05,-4.6216e-05,-1.4377e-05,-0.047829,2.4488e-06,3.8793e-05,-0.00010497,-3.3331e-05,-5.0469e-05,3.4522e-05,-0.0037147,-1.7692e-05,-5.6321e-05,-4.2975e-05,-0.00010114
-8.1055e-05,-9.6097e-05,-7.1559e-05,-3.2935e-05,2.4897e-05,8.3553e-05,-7.0282e-05,3.1955e-05,-6.7158e-05,-0.00012134,4.4782e-05,-1.3073e-05,5.447e-05,-3.0315e-05,3.6396e-05,-0.0001369,-3.0378e-05,-7.3661e-05,2.1503e-05,-1.6729e-05,-0.00013123,3.3736e-05,-5.8418e-05,6.8063e-05,-6.9541e-05,-9.3456e-05,-4.4951e-05,-9.8245e-05,-0.00013758,5.5242e-06,-0.00025383,5.012e-05,-0.00011213,6.4604e-05,-0.00010189,1.7065e-05,-0.00017242,-1.8221e-05,-3.6413,-0.00034051,-2.765e-05,5.3401e-05,-1.6737e-09,5.0981e-06,-9.0251e-05,-3.2867e-05,-1.3057e-05,-0.00017944,-0.00014495,8.7762e-07,-9.0212e-05,-0.00014907,0.50744,0.00012137,0.00011227,6.361e-05,8.4099e-05,-7.9704e-05,-9.5334e-05,-4.8283e-05,2.2162e-05,-0.00016681,2.1217e-05,-9.5965e-05,-0.00013897,-0.0001337,-0.00016579,-6.7742e-05,5.7925e-05,-2.6977e-05,-0.0002288,-9.3932e-05,-3.9955e-05,-0.00022342,1.8274e-06,0.00012262,-0.00016174,-6.6486e-05,-0.00012255,9.1955e-05,-0.00091075,-2.4202e-05,-0.00011291,-6.0167e-05,-0.00017161
-1.9957e-05,-2.8019e-05,-2.2712e-05,-1.1327e-05,3.0945e-06,8.5071e-08,-1.4745e-05,9.7041e-06,-0.00012467,-2.1363e-05,9.0108e-06,-7.8846e-06,7.5155e-06,-1.4111e-05,1.1766e-05,-3.694e-05,-1.6712e-05,-1.6495e-05,1.5359e-06,-9.2571e-06,-2.3061e-05,4.5927e-06,-1.2503e-05,8.3818e-06,-1.665e-05,-1.8031e-05,-9.0749e-06,-2.4994e-05,-3.055e-05,-9.1527e-06,-9.1423e-05,1.8095e-06,-2.9908e-05,8.2231e-06,-1.4319e-05,2.846e-06,-4.726e-05,-1.0008e-05,-3.2105,-5.8452e-05,-1.3478e-05,-7.1243e-06,-2.5249e-06,-3.3955e-09,-3.5058e-05,-8.0448e-06,-2.9604e-06,-5.8451e-05,-4.3569e-05,-1.6232e-05,-3.0216e-05,-2.1802e-05,-9.8653e-06,1.8573e-05,1.8239e-05,9.1474e-06,2.2588e-05,-1.4239e-05,-2.8936e-05,-1.5514e-05,2.2764e-06,-3.8807e-05,-6.9348e-07,-2.7153e-05,-2.9487e-05,-2.4927e-05,-3.7684e-05,-2.1976e-05,6.7485e-06,-9.9901e-06,-3.589e-05,-2.1453e-05,-6.3361e-06,-0.10495,2.0164e-06,1.5977e-05,-2.8792e-05,-1.3753e-05,-2.596e-05,1.7061e-05,-0.00018967,-9.8509e-06,-3.2063e-05,-2.5237e-05,-5.0122e-05
-8.5203e-05,-0.00012034,-0.00011979,-7.6084e-05,1.1977e-05,-2.8629e-05,-5.7418e-05,4.2327e-05,-0.012843,-9.7929e-05,4.2015e-05,-3.9543e-05,1.2189e-05,-5.9685e-05,4.0608e-05,-0.00016763,-6.8523e-05,-7.2428e-05,4.3244e-06,-3.0796e-05,-0.00010198,2.4611e-05,-5.1327e-05,7.3272e-06,-7.9364e-05,-7.6663e-05,-3.7102e-05,-0.00010929,-0.00010416,-4.0826e-05,-0.00042079,-1.8708e-05,-0.00012661,3.5774e-05,-6.9276e-05,-1.4022e-07,-0.0001738,-4.2763e-05,-3.6218,-0.00023573,-6.1482e-05,-7.2156e-05,-3.5598e-05,-2.9308e-05,-1.6279e-09,-3.3082e-05,-9.3705e-06,-0.00019326,-0.00024204,-9.0381e-05,-0.00014622,-9.9022e-05,-8.2762e-05,7.9527e-05,7.6958e-05,4.112e-05,0.00013524,-9.6293e-05,-0.00014005,-6.8706e-05,5.9821e-06,-0.0001642,-4.488e-07,-0.00015083,-0.0001453,-0.00011871,-0.00017157,-9.4618e-05,1.8223e-05,-5.4941e-05,-0.00016108,-8.8668e-05,-2.9961e-05,-0.092565,5.9116e-06,5.4607e-05,-0.00016562,-5.2964e-05,-0.00011327,7.7991e-05,-0.0014525,-3.5228e-05,-0.0001627,-0.00011985,-0.00021318
-0.00060254,-0.00094811,-0.00091951,-0.00057362,0.00011131,-0.00010878,-0.00038931,0.00032687,-0.013582,-0.00059069,0.00025515,-0.00035704,5.3139e-05,-0.00041068,0.00032159,-0.0011794,-0.00066409,-0.00050306,5.8083e-05,-0.00029544,-0.00061332,0.00015869,-0.00030545,1.4574e-05,-0.00050948,-0.0005362,-0.00019609,-0.00075183,-0.00091797,-0.00030713,-0.0037569,-7.1594e-05,-0.0010209,0.00017511,-0.00036245,3.423e-05,-0.0011426,-0.00038592,-3.7431,-0.0020544,-0.00052462,-0.00052876,-0.00032288,-0.00022213,-0.0010062,-2.0799e-09,-4.9478e-05,-0.0021362,-0.0014081,-0.00059649,-0.0011802,-0.0006697,-0.00033173,0.00055361,0.00056354,0.00033333,0.00078815,-0.00073426,-0.0011178,-0.00056147,0.00011529,-0.0012604,9.8166e-05,-0.0012803,-0.001043,-0.0008287,-0.0013387,-0.00070609,0.00020053,-0.00041095,-0.0010647,-0.00068954,-0.00015088,-0.093416,6.4067e-05,0.00023433,-0.0011688,-0.00028255,-0.00071644,0.00059002,-0.010427,-0.0002543,-0.0010403,-0.0010457,-0.0017537
-0.0005196,-0.00079902,-0.00078919,-0.00047797,0.00010262,1.1397e-05,-0.0003293,0.00032593,-0.0043415,-0.00053394,0.0003098,-0.00027455,6.9107e-05,-0.00035778,0.00033576,-0.0010053,-0.00053018,-0.00031941,8.987e-05,-0.00021287,-0.00052124,0.00013071,-0.00028115,0.00014097,-0.00047654,-0.00041553,-0.00018285,-0.00070363,-0.00087493,-0.00022692,-0.0033365,-6.1692e-05,-0.00088541,0.00011337,-0.00033731,3.9868e-05,-0.0011151,-0.0003264,-3.828,-0.0017771,-0.00044559,-0.00039492,-0.00028979,-0.00017619,-0.00087878,-0.00018185,-1.0061e-09,-0.0018689,-0.0012433,-0.00048776,-0.00097304,-0.00057419,-0.00029298,0.00049199,0.00051938,0.00031619,0.00087013,-0.00058991,-0.00093677,-0.00047994,7.4213e-05,-0.0010538,-2.2871e-05,-0.0010079,-0.0008451,-0.00068882,-0.0011154,-0.00065371,0.00019262,-0.00035753,-0.00091002,-0.00060202,-4.5477e-05,-0.11674,0.00014416,0.00026725,-0.00088515,-0.00032185,-0.00064139,0.00063869,-0.0063733,-0.00018717,-0.0010096,-0.00086852,-0.0014862
-2.399e-05,-3.5423e-05,-3.1264e-05,-1.9193e-05,4.5803e-06,-6.2283e-06,-1.8524e-05,8.9626e-06,-0.00027915,-3.6653e-05,1.3589e-05,-1.1566e-05,3.7095e-06,-1.4177e-05,1.1377e-05,-5.0397e-05,-1.5788e-05,-2.3291e-05,3.7834e-07,-8.0268e-06,-3.2521e-05,1.1325e-05,-1.6499e-05,4.7948e-06,-2.5168e-05,-2.46e-05,-1.3072e-05,-3.3238e-05,-2.8908e-05,-1.5058e-05,-0.00016016,-2.451e-06,-3.9159e-05,1.0808e-05,-2.678e-05,1.6086e-06,-6.0958e-05,-1.1588e-05,-3.5813,-5.6936e-05,-2.0097e-05,-2.0353e-05,-6.1324e-06,-4.3128e-06,-3.029e-05,-1.1516e-05,-4.8573e-06,-1.525e-09,-6.9297e-05,-2.5882e-05,-3.9853e-05,-3.1452e-05,-2.0734e-05,3.0298e-05,3.1087e-05,1.3935e-05,4.2736e-05,-3.0279e-05,-3.8519e-05,-1.4657e-05,2.2747e-06,-4.5371e-05,5.6098e-07,-4.4443e-05,-4.5211e-05,-3.8653e-05,-5.365e-05,-2.5552e-05,6.7801e-06,-1.4868e-05,-5.1778e-05,-2.4751e-05,-1.0761e-05,-0.13396,1.0435e-06,2.2087e-05,-5.1777e-05,-1.8037e-05,-3.6672e-05,2.3893e-05,-0.00025181,-1.2056e-05,-5.0227e-05,-3.088e-05,-5.9656e-05
-0.0001926,-0.000253,-0.00026662,-0.00011751,4.5114e-05,0.00011893,-0.00014438,0.00011442,-0.00090648,-0.00023799,0.00010856,-7.1175e-05,0.00014027,-0.0001244,0.00016644,-0.00044264,-0.00014512,-0.00015848,4.4166e-05,-8.9037e-05,-0.00028194,6.2212e-05,-0.00012891,0.00012543,-0.00015756,-0.000186,-6.2576e-05,-0.0002574,-0.0003726,-6.0916e-05,-0.0016726,7.6778e-05,-0.00035029,7.7653e-05,-0.000159,0.00014361,-0.00043492,-7.5858e-05,-2.6337,-0.00064595,-0.00015903,4.8315e-05,-1.0073e-06,-6.5297e-06,-0.00043654,-7.4906e-05,-9.0059e-06,-0.00071146,-2.0447e-09,-0.00016375,-0.0002683,-0.00023606,-5.485e-05,0.00024548,0.0002375,0.00010229,0.00022291,-0.00011839,-0.00027437,-0.00014947,8.1733e-05,-0.00038902,-1.3733e-05,-0.00025862,-0.00033924,-0.00029961,-0.0003613,-0.00025945,0.00013776,-7.5472e-05,-0.0003541,-0.00021323,-7.5574e-05,-0.025335,4.8254e-05,0.00016434,-0.00042602,-0.00013883,-0.00024185,0.00022934,-0.0012989,-9.4674e-05,-0.00043794,-0.00023738,-0.00054249
-1.6989e-05,-2.7166e-05,-2.4482e-05,-1.493e-05,5.6518e-06,1.2503e-05,-1.0357e-05,1.2052e-05,-0.00011559,-2.1896e-05,8.4447e-06,-6.827e-06,2.7384e-06,-1.2038e-05,6.6421e-06,-3.2859e-05,-1.4475e-05,-1.3116e-05,3.459e-06,-6.0822e-06,-1.9781e-05,6.2177e-06,-9.9743e-06,8.9198e-06,-1.633e-05,-1.4024e-05,-7.4793e-06,-2.3199e-05,-3.7711e-05,-7.1518e-06,-8.3456e-05,4.0011e-06,-2.73e-05,1.0074e-05,-1.3707e-05,2.4617e-06,-3.6052e-05,-9.3306e-06,-2.5167,-5.2917e-05,-9.4042e-06,2.3808e-06,1.3434e-06,-1.8951e-06,-3.3676e-05,-7.5075e-06,-1.5141e-06,-5.4213e-05,-3.7995e-05,-2.4732e-09,-2.8789e-05,-2.2115e-05,-3.647e-06,1.8653e-05,1.8093e-05,1.1141e-05,2.2922e-05,-2.0671e-05,-2.5581e-05,-1.4345e-05,3.718e-06,-3.2125e-05,1.0303e-06,-2.9314e-05,-2.7489e-05,-2.4105e-05,-3.9842e-05,-1.7849e-05,1.5731e-05,-8.0486e-06,-3.722e-05,-1.9912e-05,-3.7344e-06,-0.00013725,2.9039e-06,9.3576e-06,-3.4187e-05,-1.3235e-05,-2.0126e-05,1.8321e-05,-0.00019526,-7.8276e-06,-3.3013e-05,-2.1738e-05,-4.642e-05
-0.00014975,-0.00023588,-0.00023301,-0.00011808,3.0326e-05,-2.3794e-05,-0.0001198,9.48e-05,-0.0057536,-0.00018486,6.8461e-05,-8.5279e-05,4.8444e-05,-8.3906e-05,9.0569e-05,-0.00034077,-0.00012123,-0.00012218,8.5415e-06,-6.0287e-05,-0.00017038,5.5605e-05,-9.5866e-05,2.5015e-05,-0.00012492,-0.00014218,-6.5255e-05,-0.00024712,-0.00033718,-9.3661e-05,-0.0013149,-9.7433e-06,-0.00028224,2.7156e-05,-0.00013873,1.5919e-06,-0.00034464,-6.5498e-05,-3.7001,-0.00057739,-0.00017234,-9.706e-05,-1.9743e-05,-4.5556e-05,-0.00031708,-6.9466e-05,-1.9429e-05,-0.00055099,-0.00037333,-0.00014585,-1.428e-09,-0.00017853,-0.00012817,0.00017536,0.00017593,0.00012641,0.00016331,-0.00015929,-0.00023784,-0.00013308,1.6517e-05,-0.00028636,-4.2808e-06,-0.00025627,-0.00028745,-0.00022462,-0.00028903,-0.00014635,4.5033e-05,-7.1146e-05,-0.00033664,-0.00016294,-5.2077e-05,-0.059472,1.7354e-05,0.00010471,-0.00034374,-0.00011411,-0.00021006,0.00015851,-0.0031832,-7.713e-05,-0.00034123,-0.00016639,-0.00043618
-0.00014554,-0.00021509,-0.00022751,-0.00013407,1.8511e-05,-2.597e-05,-9.751e-05,9.6123e-05,-0.011738,-0.00014702,6.3846e-05,-8.6178e-05,2.9116e-05,-9.4981e-05,8.6324e-05,-0.00031296,-0.00014334,-0.00011493,3.7335e-06,-6.6404e-05,-0.00016859,3.9065e-05,-8.0313e-05,8.9279e-06,-0.00012423,-0.00012969,-5.2289e-05,-0.00020305,-0.0002575,-8.5478e-05,-0.0015037,-2.0678e-05,-0.00027092,2.9364e-05,-9.8637e-05,1.7916e-05,-0.00031925,-8.1361e-05,-3.7571,-0.00055363,-0.00014141,-0.00012157,-9.7954e-05,-5.1863e-05,-0.0002642,-5.1977e-05,-1.075e-05,-0.00051909,-0.0003766,-0.00016331,-0.00023904,-7.8658e-10,-0.00016337,0.00012794,0.00012951,8.4888e-05,0.00019816,-0.00014736,-0.00022831,-0.00014201,1.8823e-05,-0.00028208,-1.0282e-05,-0.00025765,-0.0002643,-0.00021324,-0.00029598,-0.00017288,4.1569e-05,-9.2246e-05,-0.00027804,-0.00016766,-4.3701e-05,-0.22276,1.9484e-05,7.6984e-05,-0.00029228,-9.4044e-05,-0.00017914,0.00014614,-0.012823,-6.6627e-05,-0.00028249,-0.00022065,-0.00042003
-3.4073e-05,-4.7958e-05,-4.559e-05,-3.2482e-05,4.2525e-06,1.3095e-05,-2.6281e-05,1.4962e-05,-9.9398e-05,-4.4102e-05,1.3376e-05,-1.1902e-05,-4.7856e-07,-1.9131e-05,5.7796e-06,-5.5291e-05,-2.5433e-05,-3.3274e-05,4.726e-06,-1.4132e-05,-3.9631e-05,3.609e-06,-2.2368e-05,1.152e-05,-3.3755e-05,-3.0505e-05,-2.1841e-05,-3.1771e-05,-3.8837e-05,-7.404e-06,-0.00012892,1.888e-06,-4.3877e-05,2.4738e-05,-2.6648e-05,-6.7725e-07,-6.683e-05,-1.7217e-05,-1.9475,-0.0001054,-1.3512e-05,-6.6456e-06,3.9687e-05,-3.0556e-06,-6.3398e-05,-1.3009e-05,-5.4029e-06,-0.0001043,-7.0665e-05,-2.0414e-05,-6.1096e-05,-4.0367e-05,-4.8213e-09,2.3861e-05,2.3556e-05,1.1639e-05,3.2281e-05,-4.1956e-05,-5.3644e-05,-2.2057e-05,8.136e-06,-6.9887e-05,-2.7658e-06,-4.9756e-05,-3.8324e-05,-5.0944e-05,-6.5115e-05,-3.7723e-05,1.1644e-05,-1.924e-05,-7.1452e-05,-4.1878e-05,-9.4482e-06,-0.00051029,-4.1144e-06,1.5964e-05,-4.8158e-05,-2.6074e-05,-4.1654e-05,2.4057e-05,-0.00036533,-1.7859e-05,-4.0427e-05,-4.8727e-05,-8.3859e-05
-0.00016626,-0.00025442,-0.00022987,-0.00012956,4.7036e-05,-1.7826e-05,-0.00010587,9.6788e-05,-0.0020167,-0.00020755,0.00011317,-9.979e-05,4.8093e-05,-9.7464e-05,0.00013468,-0.00033134,-0.00013545,-0.00013538,3.782e-05,-5.6781e-05,-0.00020077,6.5362e-05,-0.0001005,3.1445e-05,-0.00016888,-0.00016045,-6.1279e-05,-0.00024536,-0.00032155,-7.94e-05,-0.0010639,-1.4781e-05,-0.00030751,4.6367e-05,-0.00014183,1.8468e-05,-0.00036929,-7.892e-05,-3.1473,-0.00059851,-0.00016302,-0.00010508,-6.1165e-05,-5.1552e-05,-0.00031198,-6.3241e-05,-1.5095e-05,-0.00052986,-0.00042616,-0.00016627,-0.00027359,-0.00020785,-0.00012785,-1.484e-09,0.00029109,0.00010796,0.00024114,-0.00018886,-0.0002809,-8.6945e-05,1.6391e-05,-0.00031438,-8.7723e-06,-0.00029908,-0.00029156,-0.00023933,-0.00034292,-0.00019355,5.9114e-05,-9.7907e-05,-0.00034451,-0.00017675,-5.571e-05,-0.22256,1.9459e-05,0.00010762,-0.00031877,-0.00010861,-0.00020937,0.00018381,-0.0019491,-7.2875e-05,-0.00035452,-0.0002414,-0.0004823
-0.00019827,-0.00030627,-0.00027353,-0.00015253,5.9084e-05,-2.5435e-05,-0.00012987,0.00011044,-0.01606,-0.0002534,0.00014406,-0.00012377,6.0471e-05,-0.00011527,0.000166,-0.00039907,-0.00016338,-0.00015983,5.372e-05,-6.6394e-05,-0.00023833,8.5569e-05,-0.00012372,4.1006e-05,-0.00020197,-0.00019398,-7.343e-05,-0.00030227,-0.00036586,-0.00010137,-0.0026222,-2.4012e-05,-0.00036251,6.2677e-05,-0.00017337,3.954e-05,-0.00045775,-9.4899e-05,-3.1408,-0.00073863,-0.00019321,-0.00013035,-6.7812e-05,-5.1727e-05,-0.00038056,-7.8496e-05,-1.4812e-05,-0.00062623,-0.00050599,-0.00020999,-0.00032589,-0.00025485,-0.00017082,0.00034765,-1.5088e-09,0.00012749,0.00030795,-0.00023033,-0.00034493,-0.00010825,2.4194e-05,-0.00038111,-1.1587e-05,-0.00036117,-0.00034444,-0.00029857,-0.00041733,-0.00024345,7.7404e-05,-0.00012146,-0.00038976,-0.00020724,-6.385e-05,-0.22179,2.7982e-05,0.00014187,-0.00037225,-0.00013374,-0.00025974,0.00022989,-0.0040062,-8.7754e-05,-0.00045742,-0.00028497,-0.00056565
-0.00025315,-0.00043383,-0.00036182,-0.00026866,5.1808e-05,3.0526e-05,-0.00016679,0.00020275,-0.0019933,-0.0002799,0.00013079,-0.00016589,6.5369e-07,-0.00014438,0.00015381,-0.00060444,-0.00023508,-0.00017201,2.7462e-05,-0.00010503,-0.00027966,8.5404e-05,-0.00015114,8.2511e-06,-0.00022441,-0.00021981,-9.3719e-05,-0.00036721,-0.00057699,-0.00013447,-0.0012499,-3.9542e-05,-0.00045065,3.6014e-05,-0.00017279,1.6635e-06,-0.00050597,-0.00016966,-3.644,-0.00087617,-0.00026473,-0.00020189,-0.00014612,-0.00010118,-0.00049286,-8.9879e-05,-1.0617e-05,-0.00092002,-0.00069926,-0.00025263,-0.00040511,-0.00028768,-0.00014818,0.00024072,0.00025513,-9.4059e-10,0.00034126,-0.00033259,-0.00050512,-0.00024742,1.8167e-05,-0.00050832,1.4466e-07,-0.00050898,-0.00045226,-0.00035804,-0.00052198,-0.00029557,6.5269e-05,-0.00013252,-0.00049855,-0.00028199,-5.8556e-05,-0.27417,4.5027e-05,0.00016219,-0.00047496,-0.00016531,-0.00032235,0.0002677,-0.0070232,-0.00011815,-0.00059559,-0.00036546,-0.00069637
-7.0967e-05,-0.00010537,-9.425e-05,-5.3323e-05,1.194e-05,-1.176e-05,-4.5139e-05,2.5709e-05,-0.00048876,-9.4595e-05,3.6909e-05,-4.0378e-05,5.8749e-06,-3.7902e-05,3.0793e-05,-0.00012452,-5.5326e-05,-5.9969e-05,9.6819e-06,-2.4008e-05,-8.1941e-05,2.8322e-05,-4.1357e-05,1.3049e-05,-6.8402e-05,-6.5316e-05,-3.0632e-05,-0.00010177,-0.00011855,-4.0224e-05,-0.00027409,-7.9736e-06,-0.00012242,2.8221e-05,-6.5112e-05,5.0487e-06,-0.00015526,-3.6781e-05,-3.8525,-0.00022507,-6.2285e-05,-5.2174e-05,-5.3749e-05,-2.7155e-05,-0.00011657,-3.067e-05,-4.1382e-06,-0.00019514,-0.00021689,-7.2079e-05,-0.00015203,-8.6198e-05,-6.3956e-05,7.2019e-05,7.3187e-05,3.8653e-05,-1.5312e-09,-8.187e-05,-0.00011582,-4.6834e-05,1.9259e-07,-0.00013363,-5.5503e-06,-0.00013271,-0.00011706,-0.00010864,-0.00015312,-7.9312e-05,2.3216e-05,-4.3749e-05,-0.00013861,-7.3404e-05,-2.0844e-05,-0.16774,6.3287e-06,4.5523e-05,-0.00014091,-4.9437e-05,-0.00010292,7.7351e-05,-0.00056894,-3.0618e-05,-0.0001222,-9.5869e-05,-0.00019134
-0.00012224,-0.00015421,-0.00016141,-1.347e-05,2.4003e-05,-1.1194e-05,-8.0097e-05,9.2374e-05,-0.00058579,-0.00011063,7.4033e-05,-5.3289e-05,0.00014235,-6.6705e-05,0.00011928,-0.00027335,-9.4354e-05,-9.1754e-05,2.1808e-05,-3.9696e-05,-0.0001481,3.3083e-05,-7.7257e-05,5.385e-05,-9.4323e-05,-9.695e-05,-4.9406e-05,-0.00016699,-0.00016569,-4.9723e-05,-0.00091896,-1.1809e-05,-0.00019258,5.11e-05,-7.5139e-05,3.8889e-05,-0.00026817,-2.9664e-05,-1.4794,-0.00036251,-8.6282e-05,-6.4192e-05,-2.5234e-05,7.4616e-06,-0.00020052,-5.3035e-05,-1.3748e-05,-0.00037812,-0.00023543,-0.0001286,-0.00016828,-0.00011719,-7.5599e-05,0.00013175,0.00012378,5.801e-05,0.00016475,-2.3194e-09,-0.00014316,-3.4931e-05,1.9361e-05,-0.00022629,-1.5995e-05,-0.00015782,-0.00019888,-0.00016795,-0.0002018,-0.00013225,2.9798e-05,-4.1594e-05,-0.00020757,-0.00011811,-4.7076e-05,-0.20745,1.3211e-05,7.7093e-05,-0.00018656,-8.2255e-05,-0.0001474,0.00010525,-0.00077588,-6.0416e-05,-0.00021526,-0.00014152,-0.00030411
-3.9792e-05,-5.3974e-05,-6.0061e-05,-2.6078e-05,9.9149e-06,5.3399e-06,-2.9915e-05,3.7701e-05,-0.00028234,-4.5557e-05,2.4256e-05,-1.4857e-05,2.6433e-05,-2.0399e-05,3.5802e-05,-8.4831e-05,-2.5038e-05,-3.28e-05,5.0099e-06,-7.5701e-06,-5.2598e-05,1.9057e-05,-2.2351e-05,1.0515e-05,-3.5778e-05,-3.8732e-05,-1.6397e-05,-5.8176e-05,-8.7019e-05,-1.7385e-05,-0.00024187,2.6906e-06,-7.2765e-05,2.075e-05,-3.5354e-05,1.506e-05,-9.0839e-05,-1.3938e-05,-3.478,-0.00014569,-3.1421e-05,-1.4402e-05,-7.5283e-07,-6.3293e-06,-7.5162e-05,-1.705e-05,-3.5329e-06,-0.00013398,-0.00010197,-3.4567e-05,-6.0922e-05,-4.3293e-05,-3.1676e-05,5.3117e-05,5.0311e-05,2.7419e-05,7.9099e-05,-3.112e-05,-3.4008e-09,-3.2373e-05,7.4921e-06,-7.3898e-05,-3.8805e-07,-5.7724e-05,-7.1543e-05,-6.5715e-05,-7.8392e-05,-3.9849e-05,2.3657e-05,-1.3746e-05,-8.3174e-05,-3.6995e-05,-1.6261e-05,-0.0096017,6.9783e-06,4.1235e-05,-8.4418e-05,-2.9045e-05,-5.6117e-05,4.726e-05,-0.00070465,-1.4362e-05,-6.905e-05,-4.7666e-05,-0.00011445
-0.00024552,-0.00063294,-0.00033914,-0.00016727,8.2278e-05,8.6162e-05,-0.00010308,5.0405e-05,-0.011908,-0.00039159,0.00015278,-0.00022131,7.9935e-06,-0.00010938,8.4014e-05,-0.00067597,-0.00013243,-0.00018005,5.0571e-05,-0.00012256,-0.00031891,0.00019049,-0.00013276,7.9842e-06,-0.00022227,-0.00015982,-9.9246e-05,-0.00031904,-0.00066922,-0.00014765,-0.0021734,-4.2152e-05,-0.00039045,3.5722e-05,-0.00028554,8.156e-05,-0.00080926,-4.3338e-05,-1.2274,-0.00046647,-0.0002901,-0.00021179,-0.00015988,-3.0724e-06,-0.00067617,-0.00019421,-0.00012154,-0.00046202,-0.00080079,-0.00016133,-0.00038312,-0.00027838,-0.0002258,0.00027667,0.00032668,0.00016948,0.00027775,-0.00020459,-0.00034739,4.1045e-10,-0.00010241,-0.00031481,-6.9183e-05,-0.0004241,-0.00042426,-0.00049505,-0.00049577,-0.00035427,6.5242e-05,-8.2567e-05,-0.00048564,-0.00023759,-0.00015559,-0.31631,-6.2968e-05,0.00028773,-0.00049963,-0.00023148,-0.00036957,0.00019761,-0.0009189,-0.00018557,-0.0011701,-0.00035668,-0.00065473
-0.00050491,-0.0010044,-0.00075386,-0.00051376,0.00017144,0.00022704,-0.00021855,0.00022903,-0.031789,-0.00062537,0.00019226,-0.00028124,-4.3289e-05,-0.00035544,0.00018238,-0.001126,-0.00038771,-0.00040319,4.4074e-05,-0.00028323,-0.00063317,0.00018598,-0.00028679,0.00017016,-0.00039555,-0.00034072,-0.00014615,-0.00063132,-0.0012019,-0.00018496,-0.0036893,-1.8287e-05,-0.00081934,0.00017631,-0.00037315,0.00021154,-0.0013077,-0.00026132,-2.7931,-0.001071,-0.0005208,-0.00030661,-0.00035556,-8.0177e-05,-0.0012343,-0.00024618,-0.00016172,-0.0016971,-0.0010685,-0.00031277,-0.0010317,-0.00058021,-0.00059361,0.00038335,0.00043596,0.00038454,0.00056466,-0.00064086,-0.00091171,-0.00079728,8.8679e-10,-0.00094389,-2.3456e-05,-0.0010202,-0.0009198,-0.00087381,-0.0011539,-0.00074236,0.00047315,-0.00025045,-0.0008119,-0.00061002,-0.00021848,-0.0097427,-9.6515e-06,0.00044432,-0.0011776,-0.00037739,-0.00074055,0.00051311,-0.0034566,-0.00025966,-0.0013769,-0.00092578,-0.0014537
-0.00041014,-0.00069318,-0.00065121,-0.00039104,9.0599e-05,-7.8011e-05,-0.00031419,0.00025736,-0.0082124,-0.00054808,0.00021873,-0.00024368,9.145e-05,-0.00025017,0.00024303,-0.00088584,-0.00031382,-0.00033034,6.0477e-05,-0.00016572,-0.00054848,0.00019182,-0.00022163,3.6491e-05,-0.00042811,-0.00043897,-0.0001884,-0.00068402,-0.0008353,-0.00024443,-0.003108,-4.3215e-05,-0.00078798,0.00014435,-0.0004056,3.026e-05,-0.0010421,-0.00018931,-3.5769,-0.0016064,-0.0004198,-0.00027044,-0.00013369,-0.00016856,-0.00082422,-0.00018529,-4.5507e-05,-0.00142,-0.00118,-0.00044073,-0.00066801,-0.00051072,-0.00047909,0.00054232,0.00054414,0.00030168,0.00071681,-0.00055299,-0.00066881,-0.00030871,3.812e-05,-7.7683e-10,1.2954e-05,-0.00071699,-0.00074461,-0.00066872,-0.00091805,-0.00048487,0.00013474,-0.00023433,-0.00092224,-0.00043801,-0.00014773,-0.12482,5.3495e-05,0.00032419,-0.00098957,-0.000303,-0.00056483,0.00049494,-0.0067709,-0.00019939,-0.00090229,-0.0005645,-0.0012885
-1.4592e-05,-2.3974e-05,-2.1982e-05,-1.5423e-05,2.5335e-06,-2.239e-06,-1.0336e-05,8.1213e-06,-0.003101,-1.657e-05,6.5306e-06,-8.2859e-06,-1.1427e-08,-1.073e-05,6.9231e-06,-3.0442e-05,-1.6166e-05,-1.2466e-05,3.2413e-07,-7.5146e-06,-1.7689e-05,4.5111e-06,-7.5305e-06,1.3474e-06,-1.4032e-05,-1.3463e-05,-5.6261e-06,-2.0392e-05,-2.5041e-05,-8.1032e-06,-9.3392e-05,-1.5875e-06,-2.4732e-05,6.1699e-06,-1.0077e-05,5.2078e-07,-3.1337e-05,-9.673e-06,-3.9136,-5.3377e-05,-1.2985e-05,-1.1445e-05,-7.1676e-06,-5.0141e-06,-2.5082e-05,-2.2956e-06,-1.72e-06,-5.1103e-05,-4.0172e-05,-1.3622e-05,-2.8381e-05,-1.8079e-05,-1.325e-05,1.3392e-05,1.3497e-05,9.2879e-06,1.9589e-05,-2.0758e-05,-2.8299e-05,-1.5661e-05,2.2627e-06,-2.9751e-05,-7.8272e-10,-3.153e-05,-2.5962e-05,-2.1561e-05,-3.5092e-05,-1.7383e-05,4.5236e-06,-9.6709e-06,-2.9156e-05,-1.7774e-05,-4.2387e-06,-0.14099,2.4004e-06,6.667e-06,-3.2449e-05,-7.9983e-06,-1.8177e-05,1.6142e-05,-0.014566,-6.6785e-06,-3.1213e-05,-2.536e-05,-4.4544e-05
-0.0018052,-0.0024168,-0.0027759,-0.0011467,0.00046609,-5.0821e-05,-0.0014827,0.0011876,-0.015727,-0.0022083,0.0011599,-0.00086286,0.001034,-0.0012649,0.0015026,-0.0040564,-0.0015679,-0.0015175,0.00015883,-0.00073706,-0.0025945,0.00069218,-0.0012616,0.0012529,-0.0017275,-0.0017874,-0.00080094,-0.0028132,-0.0038348,-0.00082424,-0.0097942,0.00053187,-0.0037294,0.0012305,-0.0015277,0.00051424,-0.0040375,-0.00076856,-2.8314,-0.0066688,-0.0013648,-0.00068576,5.9725e-05,-4.8555e-05,-0.0037694,-0.0009325,-9.7089e-05,-0.0070287,-0.0042087,-0.0018867,-0.0028976,-0.0022818,-0.00069847,0.0023264,0.0022633,0.0011661,0.0027836,-0.0017119,-0.0025812,-0.0014943,0.00032959,-0.00361,-0.00012266,-1.7774e-09,-0.0016016,-0.0031223,-0.0038307,-0.0022996,0.00075616,-0.00096921,-0.0038426,-0.0020061,-0.00062245,-0.13028,0.00038598,0.0018984,-0.003163,-0.0014487,-0.0025224,0.0022329,-0.021476,-0.00095579,-0.003408,-0.0023957,-0.0055461
-0.00010909,-0.0001486,-0.00015479,-7.3878e-05,3.0077e-05,-5.094e-06,-7.6493e-05,5.485e-05,-0.00084171,-0.00012951,6.1374e-05,-5.3638e-05,2.6104e-05,-7.6967e-05,5.6235e-05,-0.00019482,-0.00010695,-9.4976e-05,7.8504e-06,-5.2567e-05,-0.00011925,2.7094e-05,-6.1775e-05,5.2539e-05,-9.6976e-05,-9.4333e-05,-4.2514e-05,-0.00014358,-0.0001785,-5.7112e-05,-0.00051759,2.8953e-06,-0.00018926,6.1403e-05,-7.5098e-05,1.7518e-05,-0.00020923,-4.9041e-05,-2.9393,-0.00034984,-7.731e-05,-6.1786e-05,-2.3185e-05,-2.1502e-05,-0.0002035,-4.7873e-05,-5.6828e-06,-0.00038326,-0.00028825,-0.00010071,-0.00019744,-0.00013197,-2.6118e-05,0.00010365,0.00010233,5.9449e-05,0.0001679,-0.00012578,-0.00017731,-7.9868e-05,6.9635e-06,-0.00020732,-7.5e-06,-8.9885e-05,-1.8028e-09,-0.00015955,-0.00025694,-0.00013344,2.1184e-05,-6.3634e-05,-0.0002021,-0.00012531,-2.4403e-05,-0.12763,1.4948e-05,6.9637e-05,-0.00018264,-7.6697e-05,-0.00013235,0.00011474,-0.0015289,-5.1842e-05,-0.00016829,-0.00015612,-0.00030032
-0.0037093,-0.0057037,-0.0056315,-0.003614,0.00059113,-0.00040934,-0.0026181,0.0021154,-0.027774,-0.0044274,0.0019387,-0.0020214,0.0004993,-0.0027446,0.0020138,-0.0072608,-0.0033155,-0.0031197,0.00064993,-0.0017016,-0.0040235,0.00094483,-0.0022257,0.00035217,-0.0034493,-0.0034241,-0.0015564,-0.0045566,-0.0053441,-0.0019382,-0.022742,-0.0004492,-0.0062794,0.00087366,-0.0028456,0.00028458,-0.0078513,-0.0021814,-3.7904,-0.012675,-0.0035498,-0.0025066,-0.0016836,-0.00078226,-0.0063675,-0.0013967,-0.00017707,-0.012696,-0.0095598,-0.0036267,-0.0064729,-0.0044997,-0.0028825,0.0037572,0.0037568,0.00214,0.0049382,-0.0045915,-0.0066819,-0.0034349,0.00041651,-0.0074828,-0.00014882,-0.0071097,-0.0063377,-1.4211e-09,-0.0083931,-0.0043182,0.0012001,-0.002313,-0.0070646,-0.0040549,-0.0011646,-0.18308,0.00050823,0.0024538,-0.0072185,-0.0023426,-0.0046617,0.0036554,-0.040697,-0.001484,-0.0066103,-0.005376,-0.010567
-0.00020516,-0.00031201,-0.00032937,-0.00018328,4.6388e-05,1.5026e-05,-0.00011993,0.00013713,-0.0057352,-0.00023976,0.00011797,-0.00010849,5.6488e-05,-0.00013357,0.00016691,-0.00043775,-0.00016279,-0.00016601,3.2785e-05,-6.6821e-05,-0.00024924,6.8482e-05,-0.0001332,3.784e-05,-0.00019125,-0.00020102,-6.5325e-05,-0.00031046,-0.00039893,-6.8818e-05,-0.0017113,-8.1193e-06,-0.00037899,6.1764e-05,-0.00016552,5.6476e-05,-0.00046118,-0.00010893,-3.8188,-0.00077344,-0.00017,-0.00015648,-5.5896e-05,-5.5598e-05,-0.00036467,-8.015e-05,-1.7955e-05,-0.00069344,-0.00049296,-0.00023275,-0.0003262,-0.00025581,-0.00011818,0.00025461,0.00025434,0.00014917,0.00038251,-0.00022174,-0.00033378,-0.00019233,4.0572e-05,-0.00041787,-1.3734e-05,-0.00038092,-0.00040925,-0.00032799,-7.8838e-10,-0.00023764,8.7702e-05,-0.00010624,-0.00037555,-0.00022731,-6.7514e-05,-0.010061,2.1158e-05,0.00017261,-0.00041219,-0.00014246,-0.00028675,0.00022498,-0.022661,-8.9589e-05,-0.00043994,-0.00030033,-0.00062143
-6.792e-05,-9.9659e-05,-9.5156e-05,-4.6639e-05,1.5965e-05,1.5538e-06,-5.2305e-05,3.7654e-05,-0.00088155,-8.4979e-05,3.3293e-05,-3.1988e-05,2.2774e-05,-4.0255e-05,3.9204e-05,-0.00013127,-4.6593e-05,-5.6527e-05,6.0979e-06,-2.5051e-05,-8.7592e-05,2.9207e-05,-3.8734e-05,7.3126e-06,-6.5414e-05,-6.6183e-05,-3.0103e-05,-9.6393e-05,-0.00012611,-3.6201e-05,-0.00064903,2.5888e-06,-0.0001144,3.0061e-05,-6.0428e-05,3.4529e-06,-0.00014033,-2.5066e-05,-3.8073,-0.00023378,-6.2607e-05,-3.5343e-05,-1.4849e-05,-1.6715e-05,-0.00011971,-2.6624e-05,-1.0406e-05,-0.00020453,-0.00018888,-6.0361e-05,-9.7046e-05,-8.3154e-05,-4.8234e-05,8.2374e-05,7.9512e-05,4.5821e-05,0.0001205,-7.2566e-05,-0.00010012,-4.9329e-05,1.0964e-05,-0.00013053,2.114e-06,-0.00011863,-0.00012341,-0.00010117,-0.00014411,-8.291e-10,2.1414e-05,-3.3685e-05,-0.00014138,-7.1038e-05,-2.6184e-05,-0.11514,7.3433e-06,6.1186e-05,-0.00014923,-4.8721e-05,-9.1773e-05,7.338e-05,-0.002773,-3.2398e-05,-0.00011356,-7.6234e-05,-0.00019156
-0.0013152,-0.0019303,-0.0019389,-0.001323,0.00032838,0.00044951,-0.00058406,0.00085143,-0.014209,-0.0014193,0.00069327,-0.00062195,0.00017039,-0.00094104,0.00068223,-0.0023289,-0.0013955,-0.00087716,0.00013577,-0.00056433,-0.0012559,0.00040156,-0.00073698,0.00089691,-0.0012059,-0.0010044,-0.00034668,-0.0017746,-0.0024931,-0.00054542,-0.0089497,9.8208e-05,-0.002198,0.00054398,-0.00080044,0.00019781,-0.0026848,-0.00086535,-3.2939,-0.0040411,-0.0011532,-0.0002833,-0.00073348,-0.00030245,-0.0024242,-0.00036978,2.9984e-05,-0.0048161,-0.0026769,-0.00063742,-0.0025097,-0.0014581,-0.0013902,0.0014343,0.001507,0.00077122,0.0021269,-0.0015701,-0.0022346,-0.0017105,0.00043753,-0.0026662,1.3704e-05,-0.002412,-0.0022233,-0.0017508,-0.0027986,-0.0016078,-2.1215e-09,-0.00078239,-0.0023051,-0.0014888,-0.00022471,-0.094515,0.00025481,0.000574,-0.0024332,-0.00086913,-0.0016209,0.0014341,-0.021496,-0.00039318,-0.00236,-0.0020672,-0.0040126
-0.00018842,-0.00028001,-0.00027277,-0.00014416,3.64e-05,3.0777e-05,-0.00014377,0.00013309,-0.0012535,-0.00023666,9.0892e-05,-9.2627e-05,5.0911e-05,-0.00010782,9.9624e-05,-0.00040485,-0.0001632,-0.00015518,3.4235e-05,-5.2015e-05,-0.00023315,7.0172e-05,-0.0001198,1.0825e-05,-0.00017916,-0.00017934,-8.9171e-05,-0.00026954,-0.00039204,-8.9267e-05,-0.0016298,-4.3739e-05,-0.00032626,7.4836e-05,-0.00015624,1.8487e-05,-0.00044508,-9.0341e-05,-3.4626,-0.00074555,-0.00016263,-7.0489e-05,-2.2277e-05,-4.4575e-05,-0.00035649,-7.9788e-05,-3.1168e-05,-0.00066175,-0.00044146,-0.00016924,-0.00029324,-0.00023328,-7.9551e-05,0.00020524,0.00019403,0.00013074,0.00027548,-0.00017568,-0.00028824,-0.00014408,3.984e-05,-0.00036809,-3.4097e-06,-0.00032395,-0.0003198,-0.00028226,-0.00038697,-0.00021311,6.1519e-05,-1.07e-09,-0.00037341,-0.00020054,-7.0417e-05,-0.083616,2.3141e-05,0.00012318,-0.00040803,-0.00013493,-0.00025129,0.00019141,-0.015817,-9.4905e-05,-0.00037531,-0.00024361,-0.00049409
-0.00019043,-0.00028891,-0.00026204,-0.00018496,2.0732e-05,-3.2992e-05,-0.00011761,8.7243e-05,-0.0034204,-0.00019948,8.7139e-05,-0.00010992,1.0983e-05,-0.00012961,9.4278e-05,-0.00037748,-0.0001777,-0.00014675,3.149e-05,-8.2512e-05,-0.00020037,4.2395e-05,-0.00011475,2.7962e-05,-0.00015995,-0.0001647,-6.5787e-05,-0.00025778,-0.00030062,-8.6431e-05,-0.0010119,-2.683e-05,-0.00033826,5.35e-05,-0.00012077,5.787e-06,-0.00039009,-0.00011201,-3.981,-0.00060348,-0.00017153,-0.00016318,-0.00012195,-5.8462e-05,-0.00030884,-6.0345e-05,-1.242e-05,-0.00065094,-0.00041644,-0.00019599,-0.00034277,-0.00020713,-0.00015759,0.00015994,0.00016383,9.1591e-05,0.00023484,-0.00021526,-0.00032701,-0.00018461,2.4985e-05,-0.0003797,-1.0585e-05,-0.00035919,-0.00029958,-0.00025309,-0.00036791,-0.00022877,5.4139e-05,-0.00012435,-1.2187e-09,-0.00020916,-4.5549e-05,-0.050021,1.8859e-05,7.5641e-05,-0.00033881,-0.00011913,-0.00022979,0.00018222,-0.0019927,-7.2312e-05,-0.00036053,-0.00031182,-0.00051376
-0.00024198,-0.00034166,-0.00033021,-0.00020888,4.5966e-05,-4.6437e-05,-0.00017743,0.00016037,-0.013012,-0.00032322,0.00014745,-0.00015745,6.9958e-05,-0.00011903,0.00017045,-0.00054873,-0.0001779,-0.00019148,3.3611e-05,-5.987e-05,-0.00029475,0.00012952,-0.0001484,2.9256e-05,-0.00022679,-0.00022251,-0.00011334,-0.00036096,-0.00048733,-0.00013666,-0.006009,-3.5434e-05,-0.00043814,6.8193e-05,-0.00023774,2.6031e-05,-0.00054577,-0.00010631,-3.5382,-0.00081571,-0.00025116,-0.00018075,-0.00012716,-6.2448e-05,-0.00042022,-9.8535e-05,-2.6428e-05,-0.00074181,-0.00061809,-0.00027919,-0.00037853,-0.00031106,-0.0002479,0.00032191,0.00032412,0.0001683,0.00042387,-0.00026959,-0.00035219,-0.00016885,3.2293e-05,-0.00045264,-5.4676e-06,-0.00039712,-0.00044202,-0.0003587,-0.00050412,-0.0002657,8.7752e-05,-0.00012057,-0.00048463,-8.4209e-10,-8.9187e-05,-0.10688,4.9239e-05,0.00020801,-0.00053511,-0.00017235,-0.00036102,0.00029706,-0.017713,-0.00011226,-0.00057055,-0.00030509,-0.00069115
-0.0001037,-0.0001681,-0.00014867,-9.9226e-05,1.4545e-05,1.0519e-06,-6.3662e-05,5.6519e-05,-0.00194,-0.00010565,5.3381e-05,-5.91e-05,4.6516e-06,-7.5475e-05,5.3225e-05,-0.0001929,-0.00011153,-6.4047e-05,1.6603e-05,-4.8653e-05,-0.00010274,1.8869e-05,-5.5876e-05,2.9866e-05,-9.1488e-05,-8.4982e-05,-3.5577e-05,-0.0001403,-0.00019192,-4.9465e-05,-0.00076874,-1.559e-05,-0.00017118,2.4449e-05,-6.5638e-05,-1.6229e-06,-0.00020529,-6.7924e-05,-3.788,-0.00034199,-9.3445e-05,-8.2202e-05,-7.3449e-05,-3.4439e-05,-0.00018221,-3.5716e-05,8.3447e-06,-0.0003781,-0.0002533,-8.7073e-05,-0.00019158,-0.00011472,-7.2411e-05,8.3822e-05,8.8409e-05,5.7409e-05,0.00014029,-0.00012644,-0.00019502,-0.00010151,1.1866e-05,-0.00020978,-5.6402e-06,-0.00021478,-0.0001633,-0.00014158,-0.0002172,-0.00012817,3.3507e-05,-7.2359e-05,-0.00017758,-0.00012144,8.3669e-11,-0.13407,2.3523e-05,3.8663e-05,-0.00016725,-6.5405e-05,-0.00012815,0.00011379,-0.0021794,-3.9754e-05,-0.00020492,-0.00017353,-0.00029443
-9.4659e-06,-1.401e-05,-1.6326e-05,-9.6282e-06,9.3786e-07,1.4677e-06,-9.809e-06,6.4062e-06,-0.00031848,-1.2136e-05,1.0115e-06,-3.1532e-06,-1.0781e-06,-5.2574e-06,4.5907e-06,-2.0171e-05,-7.8504e-06,-1.0666e-05,-2.6401e-06,-1.7562e-06,-1.4117e-05,3.6924e-06,-7.3479e-06,1.8046e-06,-8.0807e-06,-1.0883e-05,-4.5669e-06,-7.9161e-06,-1.6017e-05,-3.9174e-06,-1.6632e-05,1.4689e-06,-1.0142e-05,-1.4188e-07,-9.9627e-06,5.9634e-06,-2.4208e-05,-6.2441e-06,-2.3989,-3.2944e-05,9.1044e-08,4.2071e-07,2.9564e-05,-3.1802e-06,-1.8122e-05,-4.0847e-06,-2.4366e-06,-4.1329e-05,-2.1944e-05,-3.9705e-06,-1.2773e-05,-1.6196e-05,2.2502e-06,5.1119e-06,5.6436e-06,3.2558e-07,9.9545e-06,-1.3975e-05,-1.1031e-05,-2.3315e-05,3.9446e-06,-2.1609e-05,-1.9731e-06,-1.8068e-05,-2.0553e-05,-1.8687e-05,-1.0323e-05,-1.1934e-05,1.6806e-06,-3.4271e-06,-1.7977e-05,-1.0694e-05,-5.5116e-06,-4.2281e-09,1.6167e-07,8.1223e-06,-2.7188e-05,-5.5646e-06,-1.2348e-05,9.387e-06,-0.064254,-5.7062e-06,-1.5847e-05,-1.1364e-05,-2.8434e-05
-0.001095,-0.0017106,-0.0016442,-0.0010086,0.00017314,-3.1836e-05,-0.00074638,0.00060908,-0.11618,-0.0012351,0.00061901,-0.00055504,0.00011488,-0.00073164,0.00068735,-0.0022515,-0.0010595,-0.00072603,0.00018624,-0.00053189,-0.0010943,0.00036409,-0.00063844,0.00029666,-0.0010315,-0.00096128,-0.00044113,-0.0013996,-0.0018269,-0.00059267,-0.0062616,-0.00010095,-0.0018108,0.00035032,-0.00078937,0.00019786,-0.0023256,-0.00061766,-3.7531,-0.0039518,-0.00099635,-0.00067416,-0.00068861,-0.00027454,-0.0020236,-0.00043335,2.1132e-05,-0.0039274,-0.0025471,-0.0010092,-0.0019555,-0.0012682,-0.0012354,0.0010102,0.0010608,0.00066637,0.0015047,-0.0012985,-0.0018948,-0.0010341,0.00013704,-0.0022446,-1.1797e-05,-0.0020908,-0.0018911,-0.0015627,-0.0023858,-0.0013696,0.00036704,-0.00067589,-0.0020239,-0.0011968,-0.00020436,-0.11864,1.2176e-09,0.00076093,-0.0018945,-0.00071519,-0.0013697,0.0016428,-0.023182,-0.00050058,-0.0024968,-0.0016858,-0.0030242
-7.0757e-05,-0.00010692,-9.5892e-05,-5.3074e-05,1.1446e-05,-3.004e-07,-5.9878e-05,3.5532e-05,-0.00049198,-9.1247e-05,4.6532e-05,-2.3946e-05,3.2246e-05,-5.1215e-05,5.7364e-05,-0.00014017,-3.8936e-05,-6.0446e-05,2.1679e-05,-4.2187e-05,-0.00010022,2.3246e-05,-4.7778e-05,1.5457e-05,-6.6489e-05,-6.8491e-05,-3.5923e-05,-8.5995e-05,-7.8657e-05,-3.6887e-05,-0.00028899,7.0611e-06,-0.00010403,2.61e-05,-6.2874e-05,2.8272e-05,-0.00013567,-2.7079e-05,-3.5187,-0.00021106,-5.6408e-05,-4.0532e-05,-1.0589e-05,4.8048e-06,-0.00012551,-3.5544e-05,-1.0504e-05,-0.00022786,-0.00020223,-8.0302e-05,-0.00011939,-9.2884e-05,-7.8372e-05,7.9197e-05,7.6754e-05,5.3526e-05,0.00011282,-8.0644e-05,-0.00011244,-6.6329e-05,4.1342e-06,-0.00014188,-5.3753e-06,-0.00010418,-0.00011472,-0.00010383,-0.00014238,-7.7907e-05,1.6385e-05,-4.0693e-05,-0.00015345,-8.3138e-05,-2.934e-05,-0.089538,1.5055e-05,-1.3749e-09,-0.0001111,-5.8542e-05,-0.00011393,7.8272e-05,-0.00077056,-3.3441e-05,-0.00010293,-8.5173e-05,-0.00018127
-0.0011775,-0.0016694,-0.0014309,-0.00072339,0.00015918,5.4701e-05,-0.00080692,0.000728,-0.00993,-0.0010414,0.00086757,-0.00061031,0.00051822,-0.00087668,0.0010744,-0.0021519,-0.0011532,-0.00089168,0.00042172,-0.00050434,-0.001211,0.00027482,-0.00068447,0.00024826,-0.0009491,-0.0009565,-0.00051319,-0.0015092,-0.0018483,-0.00050419,-0.0047507,-0.00019994,-0.0018292,0.0003406,-0.00067636,0.00019071,-0.0021968,-0.0005499,-2.7951,-0.0042937,-0.00082092,-0.00086852,-0.00055798,-2.8334e-05,-0.0020382,-0.00045669,-2.8234e-05,-0.0042471,-0.0030784,-0.0011681,-0.0020709,-0.0013244,-0.00086867,0.001128,0.0011711,0.00063526,0.0014233,-0.00086023,-0.0018398,-0.00087836,0.00012833,-0.002486,-0.0001797,-0.0017782,-0.0018038,-0.0016194,-0.0022579,-0.0014801,0.00028439,-0.0008197,-0.0021423,-0.0014584,-0.00022253,-0.22783,0.00026401,0.00089749,-6.2942e-10,-0.00083737,-0.0015179,0.0011642,-0.010694,-0.00052568,-0.0024711,-0.0018457,-0.0031121
-0.00011065,-0.00017363,-0.00016929,-0.00010935,2.1175e-05,-3.1012e-05,-7.5668e-05,6.0305e-05,-0.0010803,-0.00012175,5.2421e-05,-6.5867e-05,8.8612e-06,-7.7404e-05,5.9132e-05,-0.00022201,-0.00011806,-9.2488e-05,4.5823e-06,-5.2933e-05,-0.00011789,3.2976e-05,-6.2325e-05,1.3444e-05,-0.00010236,-0.00010294,-3.7857e-05,-0.00014343,-0.00018331,-5.6246e-05,-0.00071511,-1.9435e-05,-0.00019585,2.9184e-05,-7.9019e-05,5.6125e-06,-0.00022778,-6.9148e-05,-3.8502,-0.00042643,-0.00010175,-9.5362e-05,-6.7147e-05,-4.4683e-05,-0.00018497,-2.2321e-05,-8.1274e-06,-0.00038256,-0.0002802,-0.00011971,-0.00020811,-0.00012576,-8.562e-05,0.00010617,0.0001087,6.3787e-05,0.00015315,-0.00013908,-0.00020311,-0.0001024,1.5709e-05,-0.0002254,9.5742e-06,-0.00022807,-0.00019557,-0.00015186,-0.00024816,-0.00013579,2.8143e-05,-7.453e-05,-0.00021123,-0.00012771,-3.063e-05,-0.048776,1.5154e-05,4.4414e-05,-0.00023103,-1.5695e-09,-0.00013875,0.00011825,-0.0021586,-4.8645e-05,-0.00021204,-0.00018353,-0.00032208
-0.00017462,-0.00028999,-0.00028213,-0.00017739,3.63e-05,-1.9149e-05,-0.00011666,0.00010995,-0.0023739,-0.00019162,7.9294e-05,-9.4866e-05,1.9274e-05,-0.00012603,9.2856e-05,-0.00036025,-0.00017943,-0.00014691,1.6726e-05,-7.0203e-05,-0.00020186,4.8445e-05,-8.198e-05,1.9162e-05,-0.00016555,-0.00016501,-6.5071e-05,-0.0002387,-0.00031477,-8.141e-05,-0.0010794,-1.479e-05,-0.00031405,5.2754e-05,-0.00011546,3.0333e-05,-0.00041578,-0.00010791,-3.7308,-0.00066879,-0.00015282,-0.00011516,-6.6731e-05,-7.8129e-05,-0.00034033,-5.919e-05,-1.5833e-05,-0.00068259,-0.00042552,-0.00015987,-0.00032547,-0.00019388,-0.00015366,0.00018078,0.00017889,0.00010445,0.00020239,-0.00021599,-0.0003201,-0.0001679,1.5234e-05,-0.00035124,1.6126e-06,-0.00035041,-0.00030331,-0.00024772,-0.00039727,-0.00021438,5.5387e-05,-0.00011757,-0.00034601,-0.00022569,-5.5963e-05,-0.063234,2.7818e-05,6.2482e-05,-0.00037519,-0.00011537,-7.9608e-10,0.00018653,-0.003292,-8.4129e-05,-0.00038971,-0.00029836,-0.00050718
-0.0002093,-0.00032864,-0.00031272,-0.00019091,3.2488e-05,-3.2069e-05,-0.00013676,0.00010497,-0.022733,-0.00023305,0.00010682,-0.0001185,1.786e-05,-0.00014288,0.00011674,-0.00040465,-0.00022059,-0.00014513,3.0332e-05,-0.00010492,-0.00020369,5.5317e-05,-0.00011561,4.1386e-05,-0.00020227,-0.00017703,-7.9631e-05,-0.00027486,-0.00035863,-0.00010258,-0.0016068,-3.2956e-05,-0.000345,4.8152e-05,-0.00014443,7.305e-06,-0.00044198,-0.00012825,-3.7359,-0.0007559,-0.00019894,-0.00015882,-0.00013252,-6.9425e-05,-0.00037701,-7.6721e-05,2.4888e-06,-0.0007468,-0.00050097,-0.00020105,-0.00039158,-0.00023905,-0.00017293,0.00018552,0.00019313,0.0001136,0.00029333,-0.00025352,-0.00038084,-0.00017872,2.7739e-05,-0.00042661,-2.1253e-06,-0.00042597,-0.00034281,-0.00029872,-0.00047239,-0.00026077,5.5221e-05,-0.00014184,-0.00037757,-0.00023303,-3.827e-05,-0.083339,8.5516e-05,0.00010715,-0.00037249,-0.00012981,-0.00025807,-1.2018e-09,-0.0043846,-9.3842e-05,-0.00043109,-0.00034005,-0.00058791
-0.00014606,-0.00019494,-0.00017527,-3.2841e-05,1.8883e-05,1.9912e-05,-0.00010726,6.7118e-05,-0.00056018,-0.00016434,8.7842e-05,-6.6997e-05,0.00010849,-8.2904e-05,0.00010004,-0.00026675,-0.00010023,-0.00012369,4.2923e-05,-5.5404e-05,-0.00017542,2.9658e-05,-9.052e-05,6.489e-05,-0.00011405,-0.00011802,-7.4008e-05,-0.00017903,-0.00017519,-6.4409e-05,-0.00084582,2.1185e-05,-0.00022976,8.436e-05,-0.00010865,3.9706e-05,-0.00033605,-4.4581e-05,-1.2223,-0.00039423,-9.0377e-05,-8.2236e-05,-3.072e-05,1.1988e-06,-0.00023722,-6.2744e-05,-1.2609e-05,-0.00037229,-0.00024703,-0.00014649,-0.00022707,-0.00016326,-3.3048e-05,0.00015261,0.00014592,5.6523e-05,0.00026873,-3.8437e-05,-0.00019726,-6.5327e-05,2.3539e-05,-0.00026961,-2.814e-05,-0.00019223,-0.0002134,-0.00019623,-0.00028228,-0.00017635,3.1899e-05,-7.6072e-05,-0.0002451,-0.00016214,-5.4699e-05,-0.13193,7.0341e-06,0.00011836,-0.00021034,-0.00010642,-0.00018745,0.00012895,-4.0653e-09,-7.0079e-05,-0.00029864,-0.00017956,-0.00034737
-0.00037187,-0.00052887,-0.00049949,-0.00034361,5.6372e-05,-1.0421e-05,-0.00021353,0.00019677,-0.009384,-0.00039986,0.00017919,-0.00018887,3.574e-05,-0.00025345,0.00017844,-0.00057342,-0.00033224,-0.00026728,2.6587e-05,-0.0001494,-0.00041855,7.8901e-05,-0.00020435,6.3062e-05,-0.00033191,-0.0003051,-0.00010818,-0.0004849,-0.00059188,-0.00016849,-0.002281,-5.9462e-05,-0.00057634,8.6303e-05,-0.00025514,-1.8112e-05,-0.00070988,-0.00020485,-3.5128,-0.0012273,-0.00031699,-0.00025389,-0.000188,-0.00014333,-0.00057053,-0.00012414,-3.2536e-06,-0.0011754,-0.0008924,-0.00035019,-0.00066125,-0.00040665,-0.00032099,0.00032977,0.00033457,0.00018395,0.00055092,-0.00044081,-0.00058391,-0.00036077,5.4348e-05,-0.00070238,-1.3415e-05,-0.00069912,-0.00061501,-0.00047326,-0.00074178,-0.00042885,0.00014617,-0.00024699,-0.00063067,-0.00039977,-7.6867e-05,-0.12202,4.1787e-05,0.00019471,-0.0006849,-0.00022558,-0.00045974,0.00035167,-0.022568,-8.7811e-10,-0.00063875,-0.00055364,-0.0010248
0.0017684,0.00096251,-0.00063486,-0.00049376,-0.0010149,0.0007684,0.00070498,0.00099544,1.0744e-07,-5.2973e-05,0.00023294,-0.00010645,0.0017276,-0.0015905,0.00044943,-0.00066807,-0.00092749,-0.00035548,0.0002966,-0.0022871,-0.0017938,0.00020854,-0.00057935,0.00041729,0.00022164,-0.0015869,-0.0014224,-0.0011009,0.0004229,0.00065002,-0.00060782,-0.00016143,0.0014133,-0.00031174,0.00066197,-0.0011291,-2.2259e-05,0.0023557,0.00018707,-0.00023833,-0.00088578,0.00065582,-0.001166,0.00029175,-0.00026627,0.0010881,-2.6879e-05,0.00096412,-0.00061938,0.00015101,0.00031054,-5.7159e-05,0.0012397,0.00034891,0.00055122,0.00036267,0.0010099,-0.0012966,0.0015264,-0.00036935,-0.00040701,0.00061227,-0.00050242,-0.00087635,-0.00062437,0.0005403,0.0010077,-0.0016936,0.00012503,0.00020117,-0.00089764,-0.00021223,-0.0010057,-0.00027368,-0.00012214,0.00013393,-0.0010832,-0.00091181,0.00070699,0.00091865,-9.84e-05,-0.0016126,-2.1863e-16,0.00085714,0.00041084
-0.00059104,-0.00082529,-0.00076832,-0.00041067,0.00013793,5.3045e-05,-0.00039091,0.00033011,-0.0036898,-0.00075259,0.00027947,-0.00026366,0.00018202,-0.00031645,0.00031272,-0.0011276,-0.00036205,-0.00044338,4.7488e-05,-0.00022987,-0.00069888,0.00022772,-0.0003952,8.0568e-05,-0.00053144,-0.00054905,-0.00022137,-0.00075583,-0.0010792,-0.00035292,-0.0037079,4.9665e-06,-0.00091921,0.00021627,-0.00054597,3.8347e-05,-0.0012821,-0.000208,-3.1111,-0.0018706,-0.00051913,-0.00022644,-9.8149e-05,-0.0001145,-0.001097,-0.00027357,-7.4655e-05,-0.0017994,-0.0013268,-0.00051832,-0.00075593,-0.00071835,-0.00030165,0.00065908,0.00066361,0.00048272,0.00096464,-0.00057162,-0.00084233,-0.00043443,7.6647e-05,-0.0010655,-3.6274e-05,-0.00092433,-0.00097533,-0.00077078,-0.0011797,-0.00052234,0.00018498,-0.00025048,-0.0012728,-0.00056578,-0.00021039,-0.051972,9.2083e-05,0.0005439,-0.0011966,-0.00042712,-0.00082306,0.00059491,-0.0075196,-0.00024561,-0.0010831,-1.5532e-09,-0.0015012
-5.4662e-05,-9.0798e-05,-7.7382e-05,-5.1236e-05,1.2455e-05,3.9094e-06,-4.0878e-05,3.2074e-05,-0.00047273,-6.9337e-05,3.0925e-05,-2.4871e-05,1.0442e-05,-3.504e-05,3.0032e-05,-0.00011133,-4.391e-05,-5.0849e-05,7.6108e-06,-2.3799e-05,-6.5481e-05,2.02e-05,-3.5202e-05,1.4918e-05,-5.3311e-05,-5.4115e-05,-2.4694e-05,-7.252e-05,-8.6668e-05,-2.929e-05,-0.00023219,-3.1459e-06,-7.8913e-05,2.1608e-05,-4.4463e-05,1.38e-05,-0.00013759,-3.0893e-05,-3.3953,-0.00015418,-4.273e-05,-3.2487e-05,-1.0688e-05,-1.4829e-05,-9.7179e-05,-2.3251e-05,-8.1778e-06,-0.00015357,-0.00014336,-5.4468e-05,-9.8539e-05,-6.9941e-05,-3.4991e-05,6.0219e-05,6.1912e-05,3.8368e-05,8.8256e-05,-6.5296e-05,-9.7052e-05,-4.8101e-05,8.9487e-06,-0.00011585,-2.4155e-06,-0.00010884,-0.00010071,-8.2594e-05,-0.00012947,-6.8279e-05,1.3654e-05,-3.0351e-05,-0.00011397,-6.3515e-05,-1.93e-05,-0.066599,5.1092e-06,4.3784e-05,-0.00011214,-3.9823e-05,-7.7149e-05,5.6862e-05,-0.00069358,-2.8056e-05,-0.00010392,-7.6106e-05,-1.4737e-09
