0.031772,0.012553,0.045888,0.018746,-0.044554,-0.011106,0.032284,0.0039646,-0.011769,-0.035847,-0.010134,-0.044593,0.0072503,-0.017491,-0.0213,0.006807,0.0094203,0.00084883,0.012418,-0.011831,-0.02824,0.070372,0.03001,-0.075904,-0.097818,0.15434,0.02589,0.14867,-0.10705,-0.077737,-0.061061
-0.00047382,0.01299,-0.0079749,0.015134,-0.011788,0.0056411,-0.010301,0.0062762,-0.048821,0.022244,-0.0040914,0.01947,-0.00073479,0.027757,-0.0083968,0.0013418,0.030815,-0.013486,-0.0039569,-0.0074123,-0.024859,0.006956,-0.016601,-0.011596,-0.025653,0.013264,0.017389,0.011288,0.030464,0.014309,-0.021358
0.0017435,0.00070315,0.0083595,0.013364,0.042007,-0.014205,-0.033754,0,-0.018269,0.028911,0.010031,-0.017379,-0.024294,0.0185,-0.0011774,0.012985,0.0066764,-0.012409,0.0047759,-0.017823,-0.061899,0.026772,0.011018,-0.00063439,-0.014724,-0.031453,0.015576,0.0042118,-0.0083295,-0.0054807,-0.018002
0.025255,0.044852,0.030618,-0.06026,-0.00011384,0.01271,-0.0087351,0.053113,-0.023239,0.019375,-0.0022112,-0.024581,-0.0078839,-0.011025,-0.00026908,-0.011463,0.0096327,-0.021819,-0.018099,-0.0085982,-0.021087,0.016861,0.031018,0.0074666,-0.071778,0.0071112,0.034351,0.019177,0.0093963,0.020595,-0.030362
-0.023464,-0.033967,0.0069816,-0.0032322,0.0032689,0.061409,-0.0060867,-0.011514,-0.013994,0.0071802,-0.0083379,-0.0025619,0.003891,-0.0060386,-0.0084552,0.028274,0.001837,-0.021337,0.0028456,0.049066,0.010261,0.028428,0.053995,0.019172,-0.0084335,0.049834,0.028241,0.0086327,-0.0065978,-0.00022392,-0.022667
0.0061904,0.012064,0.028714,-0.036367,-0.020891,-0.010394,-0.024446,0.0069324,-0.032622,0.0030612,0.015253,0.015017,0.030755,0.035062,0.037518,-0.024565,0.0029355,-0.011731,0.0054525,0.016561,-0.050957,0.041597,0.0016938,-0.017609,-0.10229,0.038883,0.082005,0.092477,-0.020312,0.0055721,-0.038744
-0.013575,0,0,0,0.001297,-0.00052103,0.0083682,0,-0.025817,0.033068,0,-0.010812,0.0074782,-0.0015745,-0.0014942,-0.0022923,0.0020914,0.0053306,0,-0.072343,-0.00055399,-0.017586,0,0.006062,0.010262,0,0,-0.032419,0,0,0
0.0089532,0.029773,0.044734,-0.055656,0.028521,-0.003183,-0.010897,0.018561,-0.021887,0.011325,0.016227,-0.013059,0.023155,-0.00044855,-0.022663,-0.023121,0.0087951,-0.029509,0.01171,-0.045336,-0.0053539,0.023131,-0.0025141,0.0049901,-0.0052469,0.0073279,0.053273,0.025746,0.0077745,0.0069721,-0.0014112
-0.0057831,0.022214,0.0316,-0.026122,0.020566,0.016777,-0.012921,-0.0075,-0.015312,0.019462,-0.0025358,-0.036074,-0.0093257,-0.037722,0.00064474,-0.020813,0.032536,-0.027102,0.00085988,-0.024277,-0.044407,0.021016,-0.0045246,0.019625,-0.0081061,0.03152,0.014244,0.031409,-0.023042,-0.0027772,0.0032465
-0.00073529,0.022009,0.010279,-0.02211,0.022079,-0.010642,0.0085145,0.0076511,-0.028402,-0.0044676,-0.0014754,0.014394,-0.015308,-0.0036629,-0.0433,-0.024135,0.0015439,-0.015252,-0.017284,-0.022864,-0.017205,0.0073507,0.0012959,-0.014571,-0.027135,-0.00049242,0.056311,0.019211,-0.013191,-0.0074306,0.032819
0.015556,0.026167,0.043389,-0.015939,-0.011675,-0.0073486,-0.021445,-0.00098522,-0.011312,0.023057,-0.010637,0.017756,0.014339,-0.0062015,0.0045309,-0.035881,0.029597,-0.0036678,-0.0076843,-0.017349,-0.01495,0.012934,0.0088621,-0.0034282,-0.022089,-0.017552,0.032231,0.0063387,0.045953,-0.004157,-0.056085
0.0047096,0.026017,0.01801,0.039781,-0.094006,0.030403,-0.01438,0.01034,-0.0041449,0.015649,-0.007673,0.0098303,0.015217,-0.060741,-0.021653,-0.021831,0.0054554,-0.069585,-0.0046568,-0.037388,-0.020996,-0.011497,-0.024864,-0.022387,-0.01679,-0.012438,0.05167,0.036057,0.011107,0.020904,-0.029336
0.011505,-0.00088689,0.0065452,-0.019668,-0.0060942,-0.011538,-0.012983,0.0070583,-0.046922,0.023202,-0.015814,-0.0080083,-0.0062033,0.022396,0.038534,-0.013444,0.0011488,-0.019875,-0.001829,-0.011749,0.0087695,0.012943,-0.0081331,-0.0094356,-0.023515,-0.00078166,0.0484,0.035211,0.028745,0.00086405,0.0048643
0.020539,0.015339,0.020098,-0.0047302,0.0066498,-0.001469,-0.019491,0.00070192,-0.022008,0.011214,0.0059844,-0.0095718,-0.0084584,-0.0079169,0.012947,-0.033736,0.008802,-0.011537,-0.0010245,-0.020598,-0.030106,-0.015541,0.0044671,-0.0055297,-0.013659,-0.049745,0.011188,0.010232,0.0087497,0.0052893,-0.0099684
0.0036731,0.0021816,0.026811,-0.012332,-0.0084032,-0.06807,0.011666,-0.00045861,-0.021357,0.0019629,-0.019245,0.0031669,0.014035,-0.027656,-0.0014717,0.0009127,0.01768,-0.015701,0.01331,-0.033294,-0.031084,0.0094122,0.0088508,-0.011137,-0.028604,0.023392,0.04998,0.02991,-0.0055311,-0.029776,-0.018711
-0.0040664,0.00030238,0.010807,0.0095939,0.019933,-0.019541,0.00051646,-0.0022602,-0.029603,-0.033027,0.00068458,0.013557,-0.0050925,0.015444,0.038044,0.047537,0.002034,-0.0027301,-0.022945,-0.02133,-0.014985,0.012932,-0.0079871,-0.010978,-0.00071747,0.0019485,-0.010109,0.00058056,-0.0023657,-0.0047724,-0.026111
-0.0046553,0.017323,0.022737,0.019283,0.047443,0.042855,0.075917,0.0003951,-0.033161,-0.016792,-0.033885,0.0081024,0.0013788,-0.016465,-0.0033744,-0.010078,0.03139,-0.027487,0.010033,0.025229,0.0095668,-0.0019289,0.012331,-0.0016976,-0.044639,0.018235,0.048368,0.0036638,0.037514,-0.00046167,-0.010116
-0.014603,0.020799,0.011947,-0.021127,-0.030207,0.072332,-0.050289,0.0035685,-0.010876,0.0018778,0.04315,0.016613,0.0025552,0.013889,0.0048138,-0.024862,0.0067994,-0.035825,-0.033563,-0.025773,0.019487,-0.0095068,-0.00097873,-0.021668,-0.01738,-0.037374,0.059109,0.018917,0.051939,0.0038161,-0.04789
0.00025608,0.038494,0.019015,0.010661,0.025718,0.013277,0.0057398,0.02566,-0.01146,-0.0075321,0.00076465,-0.028697,-0.006534,0.0051564,-0.0035822,-0.0077903,0.024604,-0.0091749,-0.010935,-0.021572,-0.015929,-0.014093,-0.012558,0.0027449,-0.0083412,-0.013092,-0.013728,0.022816,0.042662,0.010935,0.021515
-0.0046411,0.013316,0.040247,0.016029,-0.0090077,-0.019616,-0.012558,0.0027968,-0.051735,0.011581,-0.024136,-0.058432,-0.0030275,-0.020047,-0.016566,-0.031654,0.010524,-0.023521,0.010271,-0.039278,-0.009726,0.0304,8.0521e-05,-0.0059094,-0.016159,0.010116,0.034038,-0.0018285,0.025957,0.023778,-0.023172
-0.046223,-0.01322,0.12692,-0.032088,-0.016897,0.009751,-0.0052757,0.010334,0.01586,0.047731,-0.046358,-0.052906,-0.09322,0.027245,-0.033487,-0.028021,-0.018961,0.021866,0.043823,-0.012052,-0.036856,-0.002682,-0.054293,-0.011218,-0.011294,-0.043658,0.107,0.0097154,0.033474,0.014832,0.044208
0.026534,-0.0033694,0.030849,0.0011677,0.003963,0.058425,-0.029905,0.011577,-0.021391,0.014458,0.030618,0.0020606,0.014354,0.026745,-0.0054956,-0.021917,0.0065683,-0.028658,-0.038898,-0.022975,0.017549,-0.016108,0.0099464,-0.011628,-0.003158,-0.062037,0.082971,0.039774,0.077401,0.015603,-0.028214
-0.044872,0.074493,0.096403,-0.010934,0.0070132,-0.0013581,-0.0042302,0.030651,-0.0099182,0.016194,0.0031746,-0.049746,-0.0079365,0.0082645,-0.024,-0.028169,0.020833,-0.01438,-0.00057971,-0.0073433,-0.020829,-0.0074006,-0.02262,-0.021898,-0.015438,-0.0078125,0.0625,-0.067235,-0.00032223,-0.023322,0.0083241
0.013255,0.0098583,0.0078569,-0.012193,-0.013349,-0.0096287,-0.0078255,0.0028847,0.0066163,-0.046957,-0.022548,-0.014519,-0.0075182,-0.018854,-0.0034153,-0.02056,0.0056662,-0.038176,-0.0071305,0.0007166,-0.063809,0.04559,-0.0089476,-0.049215,-0.087126,0.02729,0.036967,0.082646,-0.053753,-0.034015,-0.027187
0.014757,-0.015584,0.036425,-0.01678,0.013052,0.014575,0.011885,0,-0.040636,-0.011743,-0.041347,-0.039511,-0.014232,0.010294,0.020991,-0.0071276,0.010195,-0.022183,-0.013644,-0.018999,-0.029578,0.045823,-0.020906,-0.013153,-0.0040032,0.045387,0.047445,-0.0065364,-0.0056913,-0.023276,-0.014866
0.011268,0.010412,0.016572,0.0014974,-0.0036018,0.012976,-0.012953,0.0092478,-0.021346,-0.0004758,0.0079428,0.020202,-0.001053,-0.00054673,0.00060218,-0.0043011,0.010179,-0.0123,0.0061972,-0.0091962,-0.018256,-0.0061173,-0.0066495,-0.026294,-0.013524,-0.013558,0.029142,0.010315,0.0077874,0.0014565,-0.008476
-0.0056427,0.046405,0.017064,-0.0052931,-0.010807,-0.0062069,-0.0056275,0,-0.016668,0.0020451,0.042495,-0.0037017,-0.0082619,0.0042843,-0.016291,-0.021362,0.024356,0.0010889,-0.013133,-0.021095,0.0015073,0.016164,0,0,0,-0.019819,0.02985,0.012252,0.0078911,-0.011699,-0.070207
0.0024263,-0.0014615,0.0058925,-0.0012114,0.019921,0.0002575,-0.0096482,0,-0.017458,0.011839,0.012758,0.017113,0.0038168,-0.0021151,0.012013,-0.024794,0.033454,0.0036905,0.0029102,-0.044807,0.0038911,0.010459,-0.0054242,-0.0038199,0.027609,-0.0056355,0.034457,0.036969,0.012671,-0.01445,0.0060661
0.0004577,0.0019763,0.014228,0.020222,0.010533,-0.0017205,-0.0075832,0.0045081,-0.0096387,0.0037439,-0.0080969,0.010439,-0.01234,-0.0078491,0.025498,-0.015946,-0.022094,-0.0056062,0.0069075,0.012924,-0.019849,0.012182,0.0072741,0.00083674,-0.024361,0.026081,0.012862,0.037272,-0.02504,-0.0040469,-0.017991
-0.019002,-0.013739,0.0095318,0.0057014,-0.019576,-0.012643,-0.02622,-0.00070423,-0.0086416,0.013759,-0.0054777,-0.024914,-0.0044835,-0.014358,-0.017169,-0.015765,0.016226,-0.008921,0.0037329,-0.0092303,-0.0085026,0.016688,0.018555,0.026049,-0.0032024,0.012078,0.0082566,-0.056993,-0.017449,0.014513,-0.00040835
0,0,0,0,0,0,0,0,0,0,0,0,0,0,0,0,0,0,0,0,0,0,0,0,0,0,0,0,0,0,0
-0.010504,0.0039412,0.011337,-0.018821,-0.037871,0.046773,-0.023127,0.019405,-0.042035,0.011604,0.012423,0.01623,0.025648,0.01017,-0.0061823,-0.038834,0.0015347,-0.031537,-0.049695,-0.031276,-0.00047197,-0.019649,-0.0048828,-0.0093845,-0.013553,-0.044521,0.031006,0.0067186,0.043947,0.010876,-0.0080926
0.025962,0.0012176,0.028999,0.017803,0.011382,0.022043,0.016562,0.0067961,-0.014981,-0.00095862,0.014859,0.004961,0.0023997,-0.026071,0.015902,-0.055242,0.0053067,-0.022986,-0.015139,-0.023461,-0.016014,-0.013954,0.012038,0.012086,-0.030193,0.0013984,0.01851,0.0046899,0.0052922,-0.0054269,-0.05982
0.016206,0.0041861,0.012994,0.0039277,0.00094142,0.02899,0.012943,0.0015608,-0.019485,-0.0036648,-0.017,0.0045274,-0.0089935,-0.017752,0.016675,-0.016185,0.014615,-0.014023,-0.012521,-0.019383,-0.010219,-0.005474,-0.016986,0.0019874,-0.031,0.0089762,0.017768,0.045471,0.019305,0.03269,-0.030781
0.0038453,0.0090067,0.037514,-0.011296,0.010694,0.046497,0.017685,0.0030722,-0.0082689,-0.0012318,0.012821,-0.0013509,-0.02094,0.0018313,-0.0034687,-0.0073514,0.02779,-0.023096,-0.017663,-0.012351,0.0018586,-0.020172,0.0073772,-0.017922,-0.0018084,-0.013633,0.012149,0.069492,0.024468,-0.0026082,-0.038471
0.0096474,0.023054,0.021647,0.00066934,-0.001643,0.017208,0,-0.00072411,-0.039298,0.011439,0.016378,-0.01337,0.032869,0.047026,0.054095,0.0010735,-0.00028923,-0.025094,-0.013881,-0.017124,-0.083012,0.00032294,-0.028755,-0.046927,0.00062049,-0.00042489,0.04738,0.012713,0.017909,0.0043093,-0.046891
-0.017744,0.0011284,0.0021774,-0.0049998,0.01251,0.0014474,-0.023778,-0.0047265,0.04652,-0.010529,-0.060067,0.088815,0.011168,-0.021936,0.0010183,-0.033309,0.0098362,-0.064356,0.044533,0.11162,-0.0033881,0.048412,-0.043654,-0.069311,-0.024974,0.0084498,-0.077513,0.022673,-0.19457,0.05695,0.09616
0.02177,0.018019,0.021216,0.010553,0.020396,-0.018856,-0.00095928,-0.0092859,-0.023501,0.023773,-0.020476,0.009407,-0.017246,-0.0017381,0.011199,-0.015043,-0.00038462,-0.0038697,-0.015172,-0.018215,-0.02299,0.021241,-0.019216,-0.016785,-0.03672,0.0098918,0.028659,0.016076,-0.0017301,-0.004958,-0.05652
0.0068201,0.040871,0.007569,0.037627,-0.019611,-0.034141,-0.018464,0.0022561,-0.04211,-0.031377,0.0017374,0.029503,0.042038,-0.00090535,-0.019077,-0.0089543,-0.013971,0.0084919,0.033229,0.0021938,-0.029833,0.034423,0.020433,0.007444,-0.050596,0.016268,-0.022231,0.020495,-0.020573,0.0077097,-0.0215
0.0043297,-0.0017898,0.0054477,-0.0093156,0.017121,-0.0020012,-0.011045,0.0013328,-0.019427,-0.003592,-0.0062625,-0.021437,-0.0053446,-0.0074372,-0.0082346,0.0034381,0.02091,-0.024519,0.00060183,-0.0094368,-0.0020686,-0.00052877,0.029875,0.0048711,-0.012507,0.030647,0.0043605,0.014033,0.0063699,0.016631,-0.010805
-0.0072157,0.016178,0.00090591,0.0037109,-0.0084105,0.006995,-0.010883,0.0068966,-0.029449,0.022834,0.0086612,0.0018969,-0.0056133,-0.011722,0.017797,-0.016715,0.031329,0.0017695,0.01077,-0.0097486,-0.025246,0.012475,-0.013991,-0.016647,-0.0096947,-0.00014368,0.011625,0.020918,0.014487,-0.0085191,-0.0038529
-0.015672,0.0019385,0.017362,-0.015715,-0.022049,0.0035994,0.0033622,-0.0033031,-0.032854,0.025504,0.0071791,-0.01485,0.004738,0.00077698,-0.011505,-0.022524,0.010979,-0.0090386,0.0011941,-0.0093042,-0.0087794,0.011345,-0.011041,0.00043061,0.00685,-0.020369,0.034341,-0.016557,0.03079,-0.047074,-0.014634
-0.03912,0.013919,0.015416,0.0075753,-0.0056082,-0.016838,-0.022709,0.0044506,-0.024883,-0.010716,-0.011831,-0.01342,-0.0031438,0.026585,0.033114,-0.028932,0.010266,-0.0158,0.0094066,-0.020326,0.0010003,0.0096954,-0.007119,-0.017954,-0.010787,-0.022508,6.6981e-05,0.0095294,0.0093906,0.0031753,0.0050319
0.023129,0.036769,-0.0044686,-0.00027632,-0.0097182,-0.00048092,0.012625,0.0010453,-0.016943,0.031017,0.013488,0.0080306,0.0040372,0.016323,-0.0045226,-0.0076611,0.019931,-0.010912,0.015663,-0.032231,0.015256,0.0015014,-0.0094954,-0.0091008,-0.012295,-0.0069987,0.022939,0.021673,0.018117,-0.016256,0.0067639
0.0094886,0.015576,0.017653,-0.0022978,0.019976,0.022919,-0.020104,0,-0.026006,0.021342,-0.011613,0.013903,-0.0090255,-0.019516,0.011765,-0.026717,0.026625,-0.0076516,-0.0067254,-0.0073035,-0.0092826,0.0065973,-0.0048684,-0.001754,-0.014044,0.0034866,0.013605,0.028365,0.031447,0.0048561,-0.0241
-0.0062009,0.0046141,0.028923,-0.020738,-0.011801,0.028573,-0.016502,0.0060205,-0.010596,0.022988,-0.010624,0.015827,0.024036,-0.0070405,0.0032064,-0.0073822,0.0093269,-0.020328,-0.016452,-0.027629,-0.053736,2.6409e-05,-0.01761,-0.0091789,-0.0036098,-0.016296,0.053795,0.010407,0.0012094,-0.034722,-0.0088074
0.0063553,0.01946,0.035095,-0.020647,-0.0070185,0.039848,0.015557,0.0071899,-0.016248,0.0075728,-0.01544,0.019829,0.024265,-0.015233,0.004338,-0.00024377,0.016332,0.0037797,0.00041055,-0.0062706,-0.011838,0.051049,-0.002062,0.017167,-0.0098869,-0.033509,-0.027356,0.040349,-0.034984,-0.0072402,0.041261
-0.00084239,-0.03089,0.052704,-0.024339,0.0056394,-0.03274,-0.0053675,0.00092265,0.0066996,-0.0069162,-0.00013992,0.0097588,-0.01018,-0.0092975,0.0034819,-0.030937,0.028421,0.0017808,-0.0038428,-0.0030386,-0.023609,-0.020248,-0.011558,-0.0050208,-0.003556,-0.075761,0.045898,0.07193,0.059685,0.0039626,-0.011345
0.026122,0.021551,-0.00055385,-0.020611,0.025767,-0.0017762,-0.010647,-0.026926,0.00082056,-0.020075,0.00084104,-0.014396,-0.029794,-0.023317,0.022052,-0.041646,-0.0145,-0.012342,-0.00098479,0.0095237,-0.025125,0.07686,-0.040414,0.044262,-0.052815,0.025597,0.078853,-0.0062059,-0.045535,0.015126,0.012299
-0.0067925,0.024069,0.062923,0.0027857,0.007841,0.034349,-0.026534,0.0072402,-0.035216,0.025303,0.0052701,-0.0022016,-0.0041309,-0.010071,0.0048597,-0.017999,0.011423,-0.023789,-0.0048016,-0.0024641,0.0020382,0.11742,0.035853,-0.021673,-0.032997,-0.019459,0.027733,0.0277,-0.023566,0.0025363,-0.011812
-0.0065973,0.063421,0.035649,0.0039755,0.039659,0.0097591,0.015009,0.0061776,-0.021717,0.028228,0.001615,-0.027293,-0.0072224,0.0049467,0.0075904,-0.00048452,0.00038208,0.0036831,-0.0032527,-0.033541,-0.015807,0.02179,0.025406,0.016376,-0.036244,-0.030381,0.037577,0.015907,-0.016226,0.0027829,-0.011694
-0.011765,0.092369,0.061312,0.014204,0.0090474,-0.048123,-0.0060416,-0.0080257,-0.030569,0.026927,0.012668,0.023915,-0.012839,0.02948,-0.0030857,-0.042668,0.015018,-0.025483,-0.066088,-0.048078,-0.037328,-0.02196,-0.044188,-0.032836,-0.049018,-0.010115,0.039234,0.049151,0.020339,-0.048497,0.015382
-0.0014646,-0.0022664,0.010323,-0.014371,0.038682,-0.010775,0.016144,0,-0.02925,0.0077771,-0.026316,-0.0060942,-0.024117,-0.03251,0.0068426,0.0077248,0.0011765,-0.021257,-0.0017721,0.011813,0.019189,0.058759,0.021667,0.021838,-0.033236,-0.046117,-0.049404,-0.015515,0.069244,-0.037713,0.029811
0.019634,0.01229,0.0073828,-0.0077175,0.028016,0.029731,-0.014129,0.010794,-0.020466,0.011549,0.022493,-0.00096618,0.029084,-0.017776,0.0020181,-0.023433,0.0097073,0.012114,-0.024639,-0.016234,-0.026721,0.036106,0.0066427,-0.0023195,0.0035048,0.049539,0.029387,0.030511,0.017361,-0.017351,-1.0912e-05
0.01891,0.006154,0.02327,-0.0049485,0.020601,-0.027056,-0.024723,-0.013074,-0.001267,0.055176,0.0029043,0.020591,0.052866,0.038996,-0.026513,-0.021625,0.013634,-0.017415,0.0044717,-0.028673,0.0032854,0.00040933,-0.0037879,0.011468,0.00092518,-0.017306,0.019841,0.0052059,0.02035,0.0081272,-0.021255
0.014617,-0.029163,0.0067617,-0.042246,-0.017888,0.028351,-0.0049235,0.002386,0.011179,-0.0020141,-0.0062651,0.014873,-0.016293,-0.0048495,0.0035928,-0.018314,0.0063714,-0.014011,0.0071316,0.05941,-0.068218,-0.019655,0.048069,-0.19603,-0.23117,0.059898,0.083062,-0.011065,-0.02069,0.0364,0.031901
-0.015097,-0.0070979,0.23323,0.029337,-0.027955,-0.047048,-0.035468,0.0316,-0.050579,-0.035656,-0.034994,-0.072512,-0.089635,-0.0065023,-0.0087229,-0.047389,0.005623,-0.019983,0.053619,0.055705,-0.04355,0.058236,0.027036,0.018807,-0.00041162,0.12821,0.13072,0.050564,-0.1253,0.1339,-0.044829
0,0,0,0,0,0,0,0,0.060606,0,0,0,0,0,0,0,0,0,0,0,0,0,0,0,-0.02,0,0,0,-0.026087,0.017857,0
-0.0053911,-0.016445,-0.0082037,0.0059328,0.015239,0.0039455,-0.0164,0.0019399,-0.031849,-0.0015179,-0.0064781,0.001509,0.0032189,-0.012121,0.00035806,0.00025933,-3.1131e-05,-0.014644,-0.006628,-0.017851,-0.016615,0.024189,-0.0080572,-0.092508,-0.008282,0.011566,0.042198,0.020288,0.014284,-0.0011227,-0.015247
0.010794,-0.0042761,0.029066,-0.01232,0.0011508,0.010863,0.0094262,-0.009009,-0.03267,-0.021557,0.0072768,0.012534,0.003868,-0.013958,0.026328,-0.01583,0.015156,-0.0097574,-0.006457,-0.013575,-0.026889,-0.0052817,-0.013686,-0.0065295,-0.047078,-0.033543,0.021946,-0.03218,0.055073,-0.01859,-0.015604
0.0091652,0.00075019,0.030953,0.0558,0.010646,0.011504,-0.001522,0.010753,-0.024023,-0.0078727,-0.0035095,0.011211,-0.0012009,0.019531,0.012716,0.031343,0.036647,-0.014264,-0.0034131,0.0083386,-0.042724,-0.01263,-0.022775,0.0056931,-0.020925,0.026827,0.052127,-0.0018542,-0.0038584,-0.0019259,0.010868
-0.031297,-0.015201,-0.02709,-0.020315,-0.0029626,-0.012354,0.0091772,-0.021184,0.0084509,-0.052042,-0.0037436,-0.020259,0.02422,-0.045903,-0.026951,-0.046895,0.0083483,-0.058605,0.025851,0.013017,-0.029893,0.061529,-0.014587,-0.017606,-0.013201,0.02282,-0.085866,0.049388,-0.059643,-0.017041,0.018975
-0.023929,-0.0067294,0.036615,-0.012098,0.003404,-0.005494,-0.013879,-0.0050525,-0.044634,0.017747,-0.0065366,0.0043637,0.0034424,-0.00561,0.02659,-0.017251,0.013592,-0.029025,-0.0040489,0.01456,0.040794,0.035095,-0.0097787,-0.012212,0.014685,0.0033067,0.040216,0.011503,0.056765,0.026168,-0.018737
-0.028142,-0.023731,-0.0029174,-0.013111,0.0042757,0.047978,0.0052036,0.00085837,-0.036414,0.0084658,0.0064695,0.011847,0.0094044,-0.0099603,-0.00041359,-0.019851,0.014384,-0.0134,-0.013231,-0.029355,-0.030538,0.0072486,0.0015593,-0.0056417,0.012505,-0.0224,0.051503,0.019544,0.024739,0.0081287,0.036156
0.014039,0.0026739,0.02141,-0.01456,-0.0037104,0.028228,-0.013435,0.0031958,-0.052613,-0.0068112,0.0060454,-0.014384,0.019696,-0.005472,-0.0074616,0.00049395,0.013087,-0.034813,-0.015122,0.0059655,-0.011517,0.019185,-0.0096714,-0.0017534,-0.047075,0.0050059,0.040108,0.02797,0.013337,-0.0053351,0.0043289
0.0065722,0.0020367,-0.0052448,0.0076555,-0.011175,0.0004718,0.005643,0.014702,-0.0018742,-0.022712,-0.018005,-0.012332,-0.016854,-0.0473,-0.010677,-0.0051135,-0.0063273,-0.028008,0.0071671,-0.043066,-0.059495,0.063265,0.0084943,-0.026848,-0.12886,0.040406,0.060824,0.16922,-0.032527,-0.038637,-0.029311
0.028178,0.037282,0.027236,-0.011736,-0.00078249,0.015226,0.028989,0.018591,-0.022964,0.012216,0.011643,0.040766,0.019197,0.0030035,0.0017463,-0.015984,0.015017,-0.015825,-0.016723,-0.00288,-0.019363,-0.0010106,0.041352,-0.043889,0.0024385,-0.0098636,0.03762,0.047166,0.014862,-0.043764,-0.052967
0.01151,0.0067353,0.033019,0.00059787,0.0086678,0.014916,-0.022005,0.0089874,-0.012405,0.030986,0.0078221,0.021592,0.0046032,-0.019992,0.0057594,-0.0060909,0.017431,-0.010898,0.0035705,0.016796,0.024235,-0.0037067,-0.00050991,-0.013925,0.0043935,-0.023107,0.026312,0.030679,0.010819,-0.014589,-0.0061246
0.01372,0.014605,0.037461,0.025988,0.025731,-0.014901,0.0024141,0.01537,-0.019354,0.010629,-0.029782,0.0076903,-0.0055777,0.0046075,0.00083568,-0.042838,0.052919,-0.011609,-0.0040276,-0.017886,0.0053152,0.039557,-0.014025,0.021841,0.028196,0.036952,-0.026956,-0.021174,-0.0099663,-0.041383,-0.020885
0.0084128,0.02154,0.0037717,0.0015848,0.016438,0.034171,-0.026791,0.0084746,-0.031639,0.0037027,-0.014829,0.027875,0.014068,-0.019591,0.018118,-0.029667,0.031422,-0.011448,-0.0072057,-0.014552,-0.010657,-0.0058406,-0.0097607,-0.002215,-0.013432,-0.0050446,0.027592,0.029868,0.022685,-8.8249e-05,-0.03492
0.0068126,0.00021153,-0.011891,0.0063053,0.0042071,-0.0043332,-0.038683,0.0059733,-0.027486,0.021509,-0.021339,0.0067465,0.0070273,0.001482,0.014937,-0.01485,0.0044559,-0.02554,-0.0067754,-0.0056882,-0.0079907,0.015096,-0.0092254,-0.0057154,-0.0276,-0.028223,0.03113,0.011769,0.0084661,-0.012606,0.012463
0.0039295,0.026749,0.037762,-0.0045456,0.017402,0.0079401,-0.0031906,0.0064051,-0.076535,0.017627,0.0091731,-0.015411,0.027653,0.029384,-0.0025328,-0.014903,0.018058,-0.022524,0.0061425,-0.030386,-0.031984,-0.0045983,-0.023083,-0.0082802,-0.012877,-0.024874,-0.015903,-0.013512,0.029071,-0.0057817,-0.0091374
-0.053347,0.020479,0.0064148,-0.016836,0.034313,0.025026,-0.0092677,0.0049724,-0.03417,0.011265,-0.018545,0.0071288,0.0065146,-0.021317,0.0095572,-0.026962,0.031749,0.0054155,0.00037989,-0.013337,-0.021497,-0.029502,-0.0092148,-0.0095705,0.0075993,-0.021333,0.016989,0.053123,0.01624,-0.010849,0.015921
-0.016763,0.053309,0.020105,0.036764,0.036171,0.0079246,0.0012904,0.019663,-0.044911,0.0084538,0.0020471,-0.020051,0.0090482,-0.0075962,-0.0071239,0.01007,0.033971,-0.03779,0.00080149,-0.028491,-0.030535,0.00093119,-0.0044735,-0.01827,-0.042506,-0.0018928,0.066796,0.033103,0.03404,-0.00088773,-0.0025972
0.022163,0.00056089,0.0024702,0.014021,0.018894,0.020675,-0.019151,0,-0.031653,0.024056,-0.014668,0.012501,-0.0011686,-0.020567,0.044476,-0.025692,0.022845,-0.0032338,-0.0028954,-0.014153,-0.018937,0.0056522,-0.030067,-0.0013515,-0.0035424,0.0023843,0.016516,0.0078081,0.022297,-0.0033699,-0.039896
-0.012275,0.020732,-0.0071834,-0.023335,0.013278,0.025494,-0.0071148,0.026439,0.0093339,0.016863,0.004078,-0.032823,-0.031938,-0.0043448,-0.024882,-0.0068731,0.0012275,-0.01157,0.018974,-0.02092,-0.077363,0.043536,-0.026724,-0.01809,0.024352,-0.0013039,0.0085583,-0.0031827,-0.018083,-0.0036969,-0.019071
0.013396,0.013765,0.014471,-0.011348,0.0022222,0.0029037,0.0039704,0.020747,-0.020078,0.024479,-0.0045014,-0.009581,-0.0060456,-0.015483,-0.013472,-0.0095553,0.028071,-0.01978,0.0025087,-0.021655,-0.025428,0.023776,0.0029131,-0.012813,-0.012055,-0.001849,0.0073385,0.010499,-0.015153,-0.0028778,-0.013557
0.010303,-0.0046722,0.0055469,0.007921,0.024333,-0.0095695,-0.0029091,-0.014798,-0.016108,0.0074422,-0.014528,0.0080137,-0.0035354,0.0038344,0.01148,-0.013848,0.010073,-0.015426,0.0041537,-0.024948,-0.021789,0.0068806,0.00074846,-0.011211,-0.012394,0.002186,0.035317,0.0091903,0.00453,-0.01112,-0.0064594
0.078381,-0.011442,-0.0057272,0.016419,0.0073774,-0.018946,-0.010733,0.001973,0.0035887,0.047754,0.015155,0.016293,0.030741,0.0033193,0.0055873,-0.027027,0.012713,-0.0021347,-0.00069829,-0.035466,-0.021832,0.027295,-0.021818,0.0055941,0.0036591,-0.0052085,0.029523,0.016799,0.034549,0.014701,0.061205
0.011471,0.020286,0.013873,0.010708,0.0075659,0.015393,-0.0036742,0.027758,-0.026798,0.012453,0.016396,0.032253,-0.0056685,0.0072656,0.018653,0.039622,0.012013,-0.0082529,-0.01976,-0.02264,-0.0037609,-0.007066,-0.0040424,-0.0082219,-0.0048572,-0.024235,-0.0057647,0.01349,0.016948,-0.023384,-0.0082743
0.033536,-0.022451,-0.011089,-0.0082737,0.0021114,0.054496,-0.041335,0.031942,-0.0037838,0.013693,0.025385,0.013678,-0.0015994,-0.019876,0.0061104,-0.012411,0.017079,-0.016102,-0.0068746,-0.011568,0.005425,-0.012572,0.012095,-0.016652,0.00055828,-0.026581,0.001247,0.021636,0.028457,0.0066594,0.001
0.026733,-0.027981,0.031297,-0.01473,-0.0081989,0.00828,-0.010916,0.0035419,-0.059504,0.0018764,-0.026533,0.0079228,0.0019873,-0.02383,0.021228,-0.028389,0.018431,-0.020985,0.018247,-0.045488,-0.017645,0.0019583,-0.0233,-0.02358,-0.013495,-0.016397,0.052425,-0.010686,0.024845,-0.016404,-0.05071
0.018263,0.047002,0.020976,-0.024096,0.0244,0.025809,0.0022308,0.0099038,-0.0066368,0.02209,0.0182,-0.0046142,-0.013127,0.017751,-0.0087143,-0.0073478,0.024425,-0.029967,-0.02439,-0.057458,-0.037343,-0.008485,-0.0042684,-0.0090251,-0.0084277,0.016399,0.027463,0.036343,0.041746,-0.022999,0.03592
-0.0077026,0.00030984,0.013623,0.0073195,0.0025397,0.011715,-0.0025742,0.0012809,-0.010298,0.0087266,-0.0019163,-0.0081017,-0.035438,0.0046849,-0.0046105,-0.024909,0.0097405,-0.010959,-0.015599,-0.0082491,-0.013893,0.0055546,-0.02756,0.0056885,0.00071538,0.01196,0.014647,0.0028065,0.018821,-0.0073997,-0.0013981
-0.0029218,-0.0010306,0.033077,-0.048144,0.03122,0.005304,-0.0035949,-0.00047494,-0.01605,0.0068802,0.020427,0.011859,0.018511,0.0053102,-0.0014872,-0.000733,0.036625,-0.0081951,-0.00080323,-0.048202,-0.013408,-0.0075234,0.022222,-0.010136,-0.027271,-0.0012215,0.021685,0.025459,0.021194,-0.0046946,0.018384
-0.008939,0.0023574,0.01973,-0.0080085,0.015261,0.021015,0.0065096,0.0074257,-0.024402,0.027088,0.063626,0.016041,-0.0097709,-0.028055,0.0052332,0.0061111,0.007033,-0.027556,-0.0083885,-0.013694,-0.019703,-0.0085481,0.0086705,-0.0017283,-0.0043422,0.0042553,0.0049649,0.028229,0.027037,0.002849,-0.0080808
0.0029967,0.009137,0.020069,-0.0033259,-0.0099392,-0.0042031,-0.0056437,0.004065,-0.019423,0.01818,0.00726,-0.0092717,-0.00085421,-0.015091,-0.012085,-0.014898,-0.00039425,-0.019876,-0.0060087,-0.027301,-0.0062251,0.0090437,-0.028108,-0.0091969,-0.0066252,-0.016738,0.025136,0.01809,-0.34238,-0.012989,0.0094994
0.0052596,0.015882,0.023113,-0.013856,0.006358,-0.0067412,-0.0074633,0.013966,-0.038419,-0.0090197,-0.0099834,-0.012084,0.0073442,-0.00069638,0.0021661,0.005699,0.0066345,-0.016515,-0.019725,0.012164,-0.0030639,0.0041823,0.033331,-0.010184,-0.028719,0.028994,0.041743,0.0054171,0.0017467,-0.012547,-0.022216
-0.032963,0.034612,0.038121,-0.026997,-0.018835,0.027794,-0.016976,0.0038971,-0.028046,-0.01327,-0.049957,-0.00072886,-0.0049555,-0.0074329,0.00447,-0.021643,0.018381,-0.0051661,-0.018883,-0.026529,-0.019636,-0.012167,-0.0049231,-0.005428,-0.025851,-0.0046577,0.023494,-0.0093688,0.0051438,0.0044015,0.01593
-0.0035711,0.015451,0.064925,0.017742,0.02217,0.0093544,-0.0051914,0.010887,-0.050473,0.012631,-0.00066443,-0.010886,-0.0015509,-0.017536,0.0039884,-0.014303,0.012167,-0.011037,-0.019179,-0.0077164,-0.01457,0.011188,0.0060686,-0.022381,0.0049723,-0.020717,0.033785,0.019373,0.01938,-0.022854,-0.0014058
0.017623,-0.017206,0.028685,0.03831,0.079328,0.045018,0.015428,-0.0052438,-0.05403,0.014569,0.0087427,0.10936,0.071394,0.0057338,0.048629,0.011262,0.013169,0.0071293,0.017981,0.026361,-0.051066,0.069563,-0.035323,0.0029442,-0.017133,-0.0098413,0.037439,0.024636,0.0029773,-0.030968,0.002478
-0.0045986,0.0092517,0.034008,-0.043498,0.020866,0.027966,-0.022415,-0.002681,-0.027002,0.00092066,0.027876,-0.013857,-0.0066251,-0.010819,0.0062684,0.012713,0.017533,0.012269,0.007486,-0.01758,0.014182,0.02268,0.031889,-0.023477,0.0017681,-0.042239,0.065806,-0.018998,-0.00032679,0.0046547,-0.014269
-0.0020364,-0.0031269,-0.0075767,0.0028628,0.0054936,0.0058404,-0.0093712,0.0045977,-0.021902,-0.0086849,-0.043657,0.0019641,0.019987,0.0037239,0.00028038,-0.0076585,0.0098625,-0.0048165,-0.012841,-0.0082985,-0.0083785,0.023264,-0.013761,-0.012827,-0.0011236,0.0028749,0.029473,0.026719,0.0029108,0.0028738,-0.015511
0.013007,0.039818,0.039815,0.00086087,0.025215,0.042285,-0.011354,-0.00097276,-0.01795,-0.000109,-0.0012895,-0.00091195,0.011293,0.0087419,0.0017129,-0.004878,0.026158,-0.021091,-0.0017733,-0.012938,-0.016493,0.0023072,0.0092102,-0.03384,0.0067946,-0.028429,0.086278,0.027947,0.032448,0.010899,0.0233
-0.01654,-0.017615,0.012164,-0.025,0.043859,0.03889,0.011474,0.034517,0.042962,-0.002044,-0.012133,0.040031,0.010825,0.0053696,0.0029209,0.038036,0.020259,-0.0066321,-0.0036523,-0.024096,-0.024709,-0.040759,-0.030775,-0.0043388,0.03698,-0.0072098,0.045217,0.0089102,0.01754,0.0077898,-0.02085
0.008162,-0.019579,0.014827,-0.018666,0.020454,0.029985,-0.034173,-0.0027285,-0.018618,0.033153,0.0034906,0.010208,0.049781,0.010738,0.0084724,0.0044671,0.004547,-0.011928,-0.0037774,0.086364,0.0013367,0.029594,-0.010318,0.0066225,0.005191,0.028032,0.014859,0.03612,2.2619e-05,0.0055343,0.010679
0,0,0.0016155,0,0,0,0,0,0,0,-0.00038151,0.028777,0,-0.006993,0,0.0086207,0.0061576,0,0,0,0.0054348,0.0054945,0,0,-0.005814,0,0,0,0,-0.0054645,0
-0.010354,0.041188,0.036076,0.018783,0.014985,0.0058309,0.016403,0.0037736,-0.015609,-0.004664,-0.029765,-0.0016862,-0.0039658,-7.4176e-05,0.019601,0.011956,0.0096618,-0.0079589,0.017403,0.025279,-0.011568,0.0050983,0.0027664,-0.025577,0.01039,-0.0047755,0.005712,-3.6435e-05,0.021127,0.0036568,0.01712
0.012701,0.0044603,0.014236,0.011783,0.011195,0,0.0038983,0,-0.0097517,-0.0055561,-0.01108,0.010245,0,-0.02234,0.0059016,0,0,-0.0007593,0.012088,-0.022725,-0.020768,-0.00099341,0.048431,0.024199,-0.024438,0.0097372,-0.0095019,0.0023048,0.0024974,-0.0043317,-0.023873
0.024837,0.0083208,0.053093,-0.027219,0.015535,0.023155,-0.0054564,0.00098063,-0.02194,-0.0086793,-0.017954,-0.016189,0.0070776,-0.015205,-0.0091156,0.029168,0.035125,-0.015479,-0.010989,-0.042139,-0.029431,-0.0059313,0.021761,-0.0068742,-0.026396,-0.0024814,0.0083548,0.015099,0.033243,-0.0012634,-0.023893
-0.009584,0.011037,0.017284,-0.013084,-0.012583,0.055649,-0.014589,0.02889,-0.025217,-0.023821,-0.00073162,-0.0087808,0.012619,-0.02947,-0.0060031,-0.029238,0.017321,-0.010807,0.010058,-0.013636,-0.00044497,-0.021511,-0.007129,-0.012265,-0.011607,0.0070387,0.034212,0.012985,0.010369,-0.002464,-0.011166
0.010419,0.020194,0.019612,0.0083515,-0.035616,0.013814,0.008868,0.012687,0.019418,0.022664,-0.0021958,0.024749,0.048135,0.018358,-0.0035646,-0.012555,0.034128,-0.034223,-0.015529,-0.042002,-0.019754,-0.043064,0.08868,-0.049915,-0.026905,-0.045881,0.067382,0.016546,0.017592,0.010646,0.0071897
0.012983,0.038193,0.025924,-0.029478,0.062197,0.0047703,-0.0081119,0.01353,-0.0093547,0.021156,-0.0093626,0.014939,-0.023047,0.00050184,-0.011418,-0.012658,0.017027,-0.032888,0.018796,-0.00069589,-0.010412,-0.0045011,-0.030737,-0.023514,-0.026005,-0.001551,0.030031,0.019062,0.016009,0.0035644,-0.0065474
0,-0.00042819,0,0.0015503,0,-0.048933,0.0026502,0,0,0.026082,0,0,-0.021135,-0.014243,-0.0060078,-0.0066633,-0.00012248,-0.01058,0.001535,-0.047299,-0.052673,0.010362,0,-0.013288,0.0043158,0,0,-0.017197,0.0048505,0,-0.030733
0.013468,0.0043507,-0.010491,0.0095316,0.023795,0.00080506,0.0077336,0.0045606,-0.0020291,0.017607,-0.00028042,-0.031379,-0.016953,0.01186,-0.0018465,0.0024636,0.008329,-0.0073982,0.009011,-0.046821,-0.013999,0.012473,0.00036704,0.00036582,0.021428,-0.027419,0.0080332,0.0049898,0.031379,0.00099176,0.0023859
0.013699,0.020065,0.041016,-0.017642,-0.067638,-0.060949,-0.01521,0.0053071,-0.0049005,0.031129,0.046522,0.0025865,0.0070707,0.0084505,0.0036588,0.01738,0.015349,-0.034455,-0.046664,0.0055413,-0.0115,0.0036498,0.01028,0.01293,-0.019772,0.0098742,0.040543,0.01593,0.015292,-0.015001,-0.0036265
0.016087,0.0076421,0.0021604,0.011296,0.015938,0.017384,-0.012185,0.0047574,-0.023194,0.018748,-0.016702,0.006143,-0.011533,-0.0088859,0.040357,-0.019594,0.018638,-0.0015279,0.0015748,-0.012183,-0.010892,0.017724,-0.021376,0.015892,-0.014759,0.025728,0.026166,0.01069,0.022693,-0.0016992,-0.024495
0.0079985,0.014676,0.01268,-0.0022041,0.0077903,-0.00037659,-0.010424,0.0038152,-0.014652,0.0060649,0.0039911,0.0037916,0.0032732,-0.0022914,0.012834,-0.0065836,0.016552,-0.011371,0.013338,-0.01579,-0.0062784,0.0019107,-0.0064427,-0.0051826,-0.027943,-0.01423,0.033233,0.030005,0.03309,-0.0071982,-0.04243
0.014867,0.013646,0.019437,-0.0016335,0.0033063,0.017957,0.01216,-0.00040102,-0.017576,-0.0033271,-0.011658,0.0057453,-0.0025623,0.0057798,-0.0028719,-0.0054767,0.01642,0.0031074,0.011975,-0.011464,2.6117e-05,0.019267,0.0069315,-0.015594,-0.012293,-0.0065311,0.032792,0.046171,0.03804,-0.0075526,-0.062461
0.019525,0.0020066,0.0047992,0.029878,0.034903,-0.01264,-0.02732,-0.0040128,-0.029274,0.005456,-0.0056408,0.017027,0.0087816,-0.021583,-0.019216,0.06161,0.022396,-0.005521,0.0014106,-0.017672,-0.0084833,0.013771,-0.00051268,0.061367,-0.00090189,-0.021832,-0.0065486,0.015045,0.023948,-0.0054248,0.005838
0.016589,0.0017512,0.04737,-0.0021206,-0.00066987,-0.0031581,-0.0021158,0.0087533,-0.0024313,0.039621,-0.027162,0.034421,-0.024464,0.012758,-0.029573,-0.010465,0.029021,1.9003e-06,-0.017329,0.0081203,-0.010689,0.039167,0.0026408,0.0097466,-0.026193,-0.015887,0.044612,0.019704,-0.0010678,0.010362,0.013482
-0.030108,0.0043956,0.025731,-0.004511,-0.0085976,0.00030773,-0.030513,0.0029568,0.015965,0.0085002,0.036165,-0.036273,-0.012953,-0.0043531,0.026213,-0.012363,0.021313,0.0059745,-0.013117,0.038106,-0.016871,0.0024281,0.02386,0.0049968,-0.040731,0.0033831,0.014693,0.0089343,-0.0060597,-0.00489,0.00016584
0,0.072462,0,-0.047186,-0.03165,-0.011306,0.0042001,0.0065934,0.00056117,-0.0084885,0.010744,0.030744,-0.0020704,-0.014062,0.013971,0.011639,-0.0062831,-0.016542,-0.023093,-0.027194,-0.039908,0.074537,0.028453,-0.033465,0.014147,0.0041879,-0.037835,0.017794,0.0091662,0,-0.063529
-0.0035472,-0.006582,0.0016768,0.0053213,0.017464,0.018687,-0.021141,0.0071942,-0.00058219,0.0071368,-0.0089053,0.0085098,-0.0014123,0.00050863,-0.0028595,-0.0035984,0.020216,-0.017977,0.0027149,0.0062197,-0.008824,0.010845,-0.002277,0.0086845,-0.01593,-0.0267,0.037934,0.020323,0.017205,0.0046102,-0.0073583
-0.012344,0.0020142,0.022871,-0.0022096,0.0017947,0.00066817,-0.0016648,0.01616,-0.029554,0.00097725,0.011896,0.0093471,0.0010111,0.003252,-0.012632,-0.014007,0.0042026,-0.016148,0.040361,-0.022184,-0.015119,0.005124,0.028198,-0.0075024,-0.0078468,0.064425,0.023729,0.011125,0.012784,-0.017924,-0.015088
0.013517,0.010413,0.0023009,-0.0047699,-0.019851,0.0015688,-0.029093,0.0038742,-0.043269,-0.01256,-0.0012206,0.028978,0.010176,-0.018197,0.0093425,-0.03542,0.011463,-0.034547,0.0017801,-0.032954,-0.0062861,0.012555,-0.012982,-0.010416,0.0073189,0.018632,0.018566,0.040418,-0.01813,0.00075285,-0.053332
0.025502,0.014755,0.042532,0.0044248,0.0032492,0.022558,0.0017108,0.0095073,-0.017611,-0.023854,-0.0070796,0.0042582,-0.0095073,-0.0007932,-0.014132,-0.0034866,0.01008,0.0040293,0.001541,0.0081002,-0.017023,0.0035317,0.001329,0.023515,-0.038278,0.056735,0.019851,0.073681,0.0068671,0.0081181,-0.0063768
0.00041723,0.063789,0.04249,0.011238,-0.0056745,0.0073471,0.014951,-0.0028382,-0.045108,0.00395,-0.0144,0.0027546,0.010345,-0.01609,0.0069923,0.0074102,0.0167,-0.033345,-0.01389,-0.046506,-0.0068037,0.031352,-0.00042703,-0.069821,-0.0055828,0.032372,0.023394,0.0089161,0.0054936,0.0034834,-0.0094246
0.0082471,-0.0042636,0.011558,0.020389,-0.005998,-0.026945,-0.027642,-0.0076023,-0.047654,-0.034501,0.036436,0.019013,-0.0050922,0.0042088,0.01698,-0.022128,0.017954,-0.0039416,0.011783,-0.033617,-0.030133,0.051361,-0.017967,0.017329,0.010363,0.017119,0.0093424,0.047437,0.0058165,-0.0084378,-0.075312
0.0089604,-0.0089514,-5.1975e-05,0.0047507,0.0027774,0.0085448,0.0036284,-0.0091848,-0.020241,0.0068376,-0.035677,0.008108,-2.6369e-05,-0.00322,0.028959,-0.0078409,0.023426,-0.0094002,-0.0087272,-0.00037289,-0.0096314,-0.0097951,0.0070485,-0.01802,-0.0039468,-0.007809,0.0055668,-0.00020003,0.0055548,-0.0018594,-0.016738
-0.013074,0.011941,-0.0023047,-0.00042074,-0.0008824,0.017647,-0.0076112,0.0091185,-0.012823,-0.0014493,0.0045079,-0.01664,0.0042551,-0.010211,0.0091378,0.040026,0.0075628,-0.016913,-0.0020104,-0.0031911,0.0073259,-0.0052513,-0.012756,-0.0051138,0.017352,0.0098189,0.018882,0.015983,-0.0061641,0.020522,-0.0033528
0.033805,0.0048512,0.010252,0.048556,0.049687,0.019923,-0.049203,0.0242,-0.075108,-0.0068565,0.055288,0.0070577,-0.013356,-0.006739,0.0048995,-0.0069245,0.026973,-0.0015107,0.0036187,-0.053405,-0.046421,0.037107,0.017986,-0.029887,-0.0086939,0.04756,0.054284,0.027178,0.0093611,-0.12935,-0.0025676
-0.015666,0.06659,0.015169,0.0028921,-0.0056472,0.0052101,-0.0095792,0.0059613,-0.033507,0.025624,-0.015793,-0.022014,0.0014142,-0.0013609,0.012286,0.014739,0.013193,-0.01924,-0.0034414,-0.030764,-0.023706,0.023138,-0.010817,-0.016512,-0.040321,0.0070931,0.10124,0.0057887,0.012256,0.0028582,-0.043515
0.025787,0.022305,0.030157,0.008997,0.0073124,0.010447,-0.0094365,0.00088731,-0.014349,0.0083949,0.022376,-0.012041,0.051985,-0.023634,0.01023,-0.061806,0.00018816,-0.0162,0.036523,-0.0046082,-0.079476,0.10592,0.025607,0.011011,-0.051997,0.075027,0.062607,0.038483,-0.0036138,-0.017308,0.0011068
-0.014129,0.0265,0.027847,0.029371,0.0087537,0.017207,-0.0054307,0.0014279,-0.028664,0.038112,0.0027707,0.013769,0.016212,0.0026263,0.016417,-0.014382,0.018731,-0.019017,-0.0035647,-0.032778,-0.025086,-0.01599,0.010979,-0.015258,-0.0044408,-0.023661,0.018381,0.046011,0.023795,0.00039042,-0.02355
0.0067715,0.016061,0.0080259,-0.00098013,-0.00020626,0.0078026,-0.0068657,0.0082727,-0.0084961,-0.0034088,-0.01039,0.0030104,0.00094073,-0.017326,0.0036677,-0.014903,0.011611,-0.003808,0.0018935,-0.0041615,0.0033927,0.013577,0.0076983,-0.00153,-0.016717,-0.016091,0.0055545,0.053133,0.012085,0.018096,0.0069261
-0.0027557,-0.0014113,0.024836,-0.0066575,0.031671,0.011933,0.0071579,-0.011029,-0.036404,0.0013633,-0.0098291,0.002264,-0.0012473,0.021801,0.0070444,-0.0041163,0.013559,-0.017317,-0.0090676,-0.015198,0.012495,-0.0010447,0.0024775,-0.0049828,-0.015588,-0.01417,0.010345,0.014401,0.038166,-0.0075228,-0.020123
0.014134,0.00035337,0.0054331,0.017459,0.0096213,0.014856,-0.0075801,-0.0049566,-0.025783,-0.011917,-0.00021296,0.012746,-0.0020419,0.025132,0.0075482,-0.021255,-0.010274,-0.017188,-0.0018249,-0.019911,-0.009408,0.019615,-0.0050993,-0.0082639,-0.010564,-0.018281,0.018888,0.028566,-0.0049673,-0.012008,0.012138
-0.051493,-0.021933,0.12336,-0.028715,0.04319,0.021689,0.026467,0.020295,0.0089752,-0.045659,0.0054417,-0.092455,-0.036707,-0.011888,0.022043,-0.040278,0.0093653,-0.00064364,0.017201,0.03017,0.046163,0.0067781,0.0054386,-0.021955,-0.07302,-0.034587,0.036921,0.025914,-0.028934,-0.013459,0.005084
-0.0062005,0.011156,0.0016988,-0.022069,-0.00053491,0.013276,-0.0078331,0,-0.0071058,-0.0047733,-0.0015627,0.014361,-0.0019204,-0.013555,0.025897,-0.018713,0.013758,-0.025766,-0.0066863,-0.026918,-0.015888,0.010078,0.0029061,0.034767,-0.032452,-0.020112,0.0393,0.033517,0.020593,-0.024383,-0.038669
0.010709,-0.05586,0.013227,0.012434,-0.015279,-0.00063688,0.036023,-0.018551,0.00047267,-0.0097114,-0.0072754,-0.010842,0.005733,-0.0043233,0.011824,-0.033952,0.004902,-0.0099631,-0.015988,-0.0035306,0.0025286,0.019512,0.0074551,-0.019843,0.0030894,0.011028,0.008324,-0.001697,0.036734,0.0035814,-0.012414
-0.014268,0.026287,0.055469,-0.021835,-0.023114,-0.0046378,-0.016351,-0.0057851,0.00064022,0.036623,-0.020113,-0.00086687,0.020753,0.027187,-0.00346,-0.020355,-7.4949e-05,-0.012326,0.013985,-0.02219,-0.064952,0.02574,-0.0058784,-0.0018008,-0.012828,-0.015912,0.035434,0.020215,0.013157,-0.0097534,-0.00056859
-0.031467,0.0040892,0.031481,-0.0067529,0.0025928,0.018047,0.0096882,0.006,-0.02929,-0.015939,-0.009738,-0.0020642,0.00453,-0.014513,0.0093365,-0.018061,0.019483,-0.0042236,-0.0092679,0.012097,-0.026643,0.010618,0.01337,0.0032365,0.016721,0.0081272,0.010117,0.010761,0.010434,-0.008799,-0.0076479
-2.7604e-05,-0.001257,0.035682,-0.031111,0.047928,-0.00086232,-0.0074485,0.0052657,-0.024621,-0.015341,-0.025459,-0.0041251,0.012305,-0.0060494,0.0029903,-0.0036113,-0.031814,-0.0055181,0.011309,-0.0055255,-0.0055272,0.0082453,0.016026,0.0055552,-0.026504,-0.029016,0.042988,0.0039522,-0.0017852,-0.00032096,0.015568
0.0069029,-0.014804,-0.00078568,-0.0038877,0.013459,-0.029426,-0.024586,-0.026627,-0.0073261,0.00099862,-0.019612,0.016307,-0.0066117,0.0143,0.017327,-0.022455,0.0070438,-0.016711,0.00048448,-0.035268,-0.015183,0.0089381,-0.020704,-0.0032573,0.0017901,-0.005111,-0.0028973,0.00062738,0.016336,-0.0090251,-0.011918
0.012256,0.025281,0.031583,-0.00032481,0.019764,-0.0040636,0.10058,0.033498,-0.025381,0.0004871,-0.016845,0.025692,0.018587,-0.025179,-0.023022,0.005725,0.0045428,-0.017885,0.0045524,-0.026451,-0.0033408,0.014218,0.018888,-0.0052057,-0.016626,0.017745,0.044999,-0.0062947,0.0058258,-0.022421,-0.041848
0.017939,0.014244,0.0094519,0.0055007,-0.033736,0.00069844,-0.018299,0.0072964,-0.028005,0.008166,0.0065642,0.013262,-0.010579,0.0043746,0.025043,0.00021605,-0.0029205,0.005546,0.012199,0.012571,0.01408,0.0054415,0.0016547,0.0084598,-0.044636,0.066707,0.0053114,0.016503,-0.028622,0.023976,-0.03735
-0.011377,0.039956,0.086013,0.018732,-0.0052545,0.10626,-0.062807,0.025397,-0.023833,0.023086,0.0072412,0.016194,0.0035523,0.0049661,-0.0035389,-0.006058,0.025605,-0.015399,-0.024058,-0.012564,0.0093494,-0.0064516,0.018642,-0.022515,-0.012683,-0.021302,0.018188,0.017553,0.075196,0.0067906,-0.0465
-0.010033,-0.0052919,0.02185,-0.0014537,0.022088,6.3446e-05,-0.0043076,0.002065,-0.01658,0.01083,-0.0076799,-0.0018519,-0.0058083,0.00082945,0.012241,-0.007809,0.01325,-0.0064527,0.012821,-0.012009,-0.020533,0.0042518,-0.0034043,-0.00067276,0.011778,-0.02676,0.035162,0.0013652,0.013822,0.0040236,-0.0011294
0.015827,-0.0068928,0.018309,-0.0049909,0.01462,0.025423,0.041558,-0.0049972,0.089059,0.014308,-0.0018362,0.0038896,-0.010809,-0.0042933,-0.057074,-0.012107,0.022849,-0.011655,-0.006228,-0.019458,-0.014299,-0.027751,0.0095883,-0.0058197,-0.011272,0.019002,0.058033,0.032772,0.035304,0.0029762,-0.012219
0.045176,-0.006543,0.031487,-0.0038578,-2.6355e-05,-0.027564,-0.021636,0.013715,-0.023826,0.013442,-0.01371,-0.0053688,0.023376,-0.02799,0.027116,0.017456,-0.0004732,-0.0072792,-0.011559,-0.059409,0.0019342,0.015127,0.0052265,0.025924,0.014961,-0.0049233,0.027443,-0.0080975,0.0086059,0,-0.0070354
0.0094298,-0.008587,0.041575,-0.00040563,-0.019475,0.0088061,-0.0025512,-0.0010237,0.026501,-0.040053,-0.01711,-0.040806,-0.0079437,-0.0051134,-0.021725,-0.029338,0.0061354,-0.0069524,0.014044,-0.0060025,0.032127,0.023937,0.027987,-0.09574,-0.072404,0.0039688,0.037859,0.097954,-0.070425,-0.019324,-0.011405
0.0045495,0.0024951,0.008227,0.01511,-0.042673,0.0021846,-0.019198,0.025164,-0.016243,0.042645,-0.015853,0.018379,-0.007637,-0.013916,0.055833,0.0084747,0.0049174,-0.031963,0.0057761,-0.013646,0.021696,0.019031,-0.0014522,-0.023944,-0.020038,-0.033199,0.019626,0.026083,0.013349,-0.019692,-0.012985
-0.021048,0.023545,0.020996,-0.0012737,0.0093551,0.013468,0.0015807,-0.0072385,-0.013514,0.0030975,0.0093701,-0.013982,0.010245,-0.010078,-0.017061,0.0056471,0.045627,-0.064721,-0.023709,0.030394,0.0038105,0.019527,0.01471,-0.0039891,0.0031276,0.048512,0.03375,-0.0038165,0.034668,0.0042142,-0.0098751
0.0347,-0.0021997,0.015306,-0.008916,0.0058727,0.021747,0.019716,0.0099425,-0.028256,0.016537,-0.0247,-0.020421,0.032722,0.0028261,0.019403,-0.0017706,0.0049015,-0.019186,-0.01231,-0.025809,-0.0047269,0.028173,0.010901,-0.0096565,-0.0025702,-0.020524,0.026177,-0.0010359,0.03152,0.017628,-0.020366
-0.0088674,-0.0045241,-0.0037865,-0.026249,-0.010367,-0.017744,-0.015296,-0.00094967,-0.041302,-0.0098456,-0.0018413,0.0044967,0.0064259,-0.0299,0.0050984,-0.0050646,0.0015306,-0.022812,0.0037037,-0.0019924,-0.0057079,0.018931,0.038332,0.0043594,-0.0055085,-0.013253,0.025081,0.029992,-0.0024013,-0.019921,-0.025122
-0.059955,-0.036768,-0.050454,0.00157,-0.005981,-0.020409,-0.0040057,-0.010753,0.010408,-0.028952,0.019951,0.0069226,0.06991,-0.041584,0.0034393,-0.013242,0.0025944,-0.0040928,0.02417,0.068803,0.018778,0.027697,-0.0064034,-0.041061,-0.0026168,0.0061468,-0.16231,0.024231,-0.068678,0.0044493,0.0020673
-0.0057346,0.01793,0.038052,-0.021049,-0.007535,-0.0031274,-0.0039358,-0.0008726,-0.02432,-0.00092995,-0.00021875,0.010026,0.010456,0.0054038,-0.0017239,-0.010006,0.031238,-0.014241,0.0064784,-0.022882,-0.0098933,-0.0030008,0.009348,-0.019557,-0.018932,-0.024838,0.013686,0.0095799,0.0071485,-0.0057612,-0.03452
0.0093408,0.064434,0.028925,-0.017529,0.015931,0.0073854,0.025758,0.0052659,-0.0096289,0.032766,0.028215,0.025978,0.015135,-0.0059916,-0.053556,-0.067476,-0.017084,0.00046019,-0.037015,-0.032622,-0.0086109,0.024698,-0.012048,-0.0035698,-0.028241,0.024338,0.0094473,0.0084216,0.005958,-0.011548,-0.00026574
-0.010079,0.054657,0.015541,-0.008227,-0.011818,0.016157,0.0081161,-0.0059222,-0.020813,0.011771,-0.00092656,0.010948,0.0030206,0.008755,-0.0023705,-0.03,-0.0021071,-0.011148,-0.0079069,-0.0080062,-0.0052371,0.003942,-0.010409,-0.0046936,0.0095347,0.0070694,0.030965,0.015122,0.01273,-0.0032372,-0.00042105
-0.035727,0.0069726,0.050958,-0.01591,0.013636,0.013325,0.0068876,-0.026277,-0.042443,-0.023883,-0.0035602,0.0053271,0.0067713,-0.022048,-0.0063274,-0.0048564,0.023273,-0.003417,0.013893,-0.015644,-0.0049162,0.0013781,-0.020128,-0.010899,-0.033429,-0.037607,0.045686,-0.0033708,0.011551,-0.04383,-0.0090372
0.00090777,0.016999,0.0016986,0.010448,-0.0075208,-0.0020829,-0.0040272,0.0022472,-0.02392,-0.020162,-0.0050675,-0.0056489,-0.0035486,0.023042,0.0015644,0.014632,0.0099656,-0.015801,-0.0050044,-0.027935,-0.026056,0.015942,0.0080427,-0.0052557,-0.01199,-0.0086888,-0.0010393,-0.0011869,0.0040475,-0.001124,0.0045865
-0.003132,-0.00094177,0.012608,0.029049,-0.017827,-0.012643,-0.0001127,0.0012492,-0.072725,-0.02147,0.0010756,0.014226,0.0035599,0.015083,0.016136,-0.021667,-0.0025428,-0.011059,0.012083,-0.01912,-0.021659,0.033653,0.011588,0.014973,-0.012813,0.010258,0.044236,0.018339,-0.035445,-0.0051489,-0.053045
0.00094345,0.021408,0.053464,-0.016393,-0.0038018,0.0058636,-0.007579,0.0043912,-0.049847,-0.001735,0.0010187,0.0070718,0.00018009,-0.0022244,0.0023313,-0.017397,0.035289,-0.015398,-0.010044,-0.030477,-0.014275,0.0024036,0.0090522,-0.024103,-0.032321,-0.0049213,0.064928,0.014659,0.032372,-0.0091415,-0.014135
0.0062565,0.019973,0.048194,-0.015806,-0.0060986,0.0031916,0.00054483,0.013846,-0.033353,0.024146,0.028798,0.026462,0.0032835,-0.0036695,0.0086927,-0.015183,0.013416,-0.025539,-0.0049207,-0.042458,-0.0074046,-0.014782,-0.0036286,-0.026138,-0.010412,7.2138e-05,0.057769,0.022287,0.022492,-0.021505,-0.016903
0.029761,0.02555,0.016092,0.003825,-0.014755,0.019802,-0.011736,-0.00027027,-0.0068308,0.011245,0.00038341,0.0095352,-0.0078563,-0.017236,-0.011812,-0.01433,0.020864,-0.043049,0.004583,-0.018259,-0.028234,0.010744,-0.0095339,0.0009165,-0.017175,-0.016797,0.037438,0.028744,0.029363,0.0063453,-0.0070662
-0.032747,0.011767,0.020482,-0.038855,0.068528,0.10385,-0.031269,0.023897,-0.027282,-0.03018,-0.0024585,0.02597,0.024984,-0.055893,-0.048448,-0.050503,0.032975,0.019712,0.010807,-0.0056071,-0.031525,0.016933,-0.049472,-0.045311,0.019011,-0.028642,0.050056,0.024448,0.03308,-0.0094685,0.0367
0.024715,0.0068625,0.038614,-2.7383e-05,0.01504,0.0090716,-0.024273,0.003663,-0.012442,0.011019,-0.017506,0.02365,-0.0012978,-0.011898,0.024744,-0.028574,0.033238,-0.0039886,-0.0046514,-0.017702,-0.0089421,-0.00266,-0.011722,-0.0076655,-0.006155,-0.0023271,0.0092521,0.024753,0.025444,0.0095635,-0.036789
0.021177,-0.027818,-0.01823,-0.013111,-0.030884,0.0047171,-0.012087,0.0040306,-0.033681,-0.0026334,0.0080988,-0.012439,0.0054205,0.020135,0.03365,-0.016223,0.022492,-0.0095282,-0.012038,0.00074151,-0.0010213,0.020744,-0.003623,-0.0085664,-0.0029651,0.0024281,0.042896,0.044183,0.0067465,-0.0078832,0.018944
0.040261,0.0028101,0.0041379,-0.0046401,0.022687,-0.0011268,-0.058529,-0.034305,-0.017608,0.002303,0.0022999,-0.0094352,0.00027373,0.0053689,0.01011,-0.0085926,-0.0057041,-0.0058336,0.043723,-0.011093,-0.024655,0.0098146,-0.0045521,-0.012644,-0.0072507,-0.039337,0.03984,0.018432,-0.0013775,0.003169,-0.0043841
0.01039,0.035501,0.020843,0.016794,0.018867,0.0033994,-0.0040312,0.00052247,-0.022588,1.0447e-05,-0.0049224,0.008989,0.0068816,0.0014325,0.012467,-0.016445,0.027614,-0.013283,0.0014206,-0.024565,-0.030938,0.020641,-0.00081934,-0.0033722,-0.017746,-0.015654,0.037968,0.022411,0.023334,-0.0061532,-0.03256
0.023821,0.041824,0.042234,0.010172,0.0089645,-0.054032,0.0091215,-0.001497,-0.046013,0.015118,-0.0025165,-0.013622,0.0059111,0.023227,-0.014035,0.0040603,0.015045,-0.015873,-0.016777,-0.051279,-0.02763,0.00071314,0.0069033,-0.0039855,0.002267,0.0019687,0.0359,-0.00069454,0.04039,0.014696,0.005031
-0.0042995,0.01075,0.019062,0.0052838,-0.015261,0.012031,-0.0069984,-0.0015886,-0.042932,-0.0012075,-0.0020468,-0.012891,-0.014843,0.0046211,0.0042689,-0.011135,0.010657,-0.026807,0.0061573,-0.013514,-0.037416,0.018507,-0.030368,-0.019633,-0.039534,0.012783,0.019736,0.015249,0.0037736,0.0049508,-0.0018522
0.0065581,0.026411,0.012004,-0.017183,-0.013106,0.021792,0.00019908,0.0044092,-0.04431,-0.0091046,0.012793,0.017086,-2.0072e-05,-0.01585,0.02846,-0.019081,-0.011499,-0.025938,-0.014315,-0.036829,0.0073558,-0.0093348,-0.0085032,-0.0051745,-0.00014196,-0.014713,0.033179,0.0098827,0.010325,0.01283,0.021538
0.018392,0.011748,0.0043017,-0.002357,0.056967,-0.039612,-0.016232,0.022706,-0.020528,0.026127,-0.0025921,0.00092675,-0.0038418,0.023242,0.008181,-0.021316,0.012294,-0.018005,0.0080369,-0.0059163,-0.017869,0.0067667,-0.015321,-0.0071094,0.0050166,0.0030167,0.024278,0.0051206,0.021247,-0.0065424,0.0059727
-0.004821,0.0041364,-0.0062469,-0.039748,0.0017557,0.015388,-0.018358,0.0079251,-0.037609,0.0069287,-0.022134,0.016373,0.0081192,-0.037546,-0.011791,-0.023764,0.006054,-0.012447,0.0029132,-0.031006,-0.015351,-0.05331,-0.010609,-0.013843,-0.025326,0.14068,0.060997,-0.0031014,-0.022178,0.049678,0.0038697
0.006748,0.0023998,0.045637,-0.017236,0.015358,0.013492,-0.004647,0.0057585,-0.010583,0.024575,0.0014069,-0.006594,0.024128,-0.0045866,0.019284,0.0012512,0.024991,-0.055863,-0.01469,-0.0019164,-0.038282,0.025021,0.0063295,-0.012224,-0.014796,0.015523,0.051452,0.0050781,0.0056275,-0.0069026,0.012494
-0.16778,0.088134,0.024187,-0.15861,0.051323,0.019465,0.0049382,0,-0.028935,0.011061,-0.035945,-0.026927,-0.016062,-0.054007,0.0053577,0.027702,0.027221,-0.0070437,0.016458,-0.007622,-0.022734,0.044603,0.062203,-0.038673,-0.053988,0.034881,0.0285,0.045607,0.0098283,-0.010731,-0.0032895
0.033339,-0.0048406,-0.022807,0.0063853,3.8e-05,-0.0039233,-0.0088596,-0.0040956,-0.021742,-0.0047662,0.004436,-0.012058,-0.0022652,0.00096566,0.02837,0.0019268,0.006089,-0.0073788,0.011194,0.0042431,-0.014106,0.011678,-0.0083507,-0.030861,-0.03364,-0.0060128,0.019458,0.0052518,0.0046667,-0.027483,-0.015509
-0.011787,0.0041596,0.005519,0.0083697,0.02098,-0.042239,0.014091,-0.0032765,-0.021322,0.0062055,-0.017406,-0.019331,-0.0051567,-0.0081291,0.059795,-0.022007,0.022276,-0.025383,0.017447,-0.024964,-0.028601,0.047673,0.025629,0.011006,-0.011501,0.036254,0.04855,0.0047902,-0.042677,-0.03655,-0.0055584
0.020167,0.018261,-0.0070833,0.0051497,0.0058426,0.028483,-0.011556,-0.00063331,-0.0043689,0.011434,0.017422,-0.00094673,0.0058565,-0.01639,0.045509,-0.0026372,0.034998,-0.00057008,0.00010929,-0.033836,-0.0036101,-0.0060001,-0.0031907,-0.0076027,-0.020719,-0.017012,0.081325,0.025301,0.045922,-0.0050251,-0.030221
0.011902,0.0016604,0.016941,-0.029519,0.0063145,0.011962,-0.0044256,0.0017036,-0.01577,0.0087678,0.015712,0.030529,0.025017,-0.0020492,0.054108,-0.055199,0.00049696,-0.023371,0.00017166,-0.025422,-0.018706,-0.046365,0.0083605,-0.020363,0.00021187,-0.01494,0.033364,0.0083383,-0.0032529,0.0052976,-0.046102
-0.0072158,0.00072934,0.0096925,-0.0019282,0.006391,0.0022106,-0.01768,0,-0.03515,0.0024443,-0.022483,0.00098031,-0.010913,-0.0022042,0.027355,-0.021112,0.0017815,-0.013057,-0.0028426,-0.017529,-0.0038586,-0.0045926,-0.022945,-0.012888,0.0018375,-0.015538,0.0209,0.01487,-0.010646,-0.0030414,0.0053334
0.010933,0.01304,0.025734,-0.0058417,-0.016439,0.0058561,-0.080453,0.0093071,-0.046082,0.018325,0.025663,-0.027891,0.012493,-0.019406,-0.025207,-0.010137,0.002214,-0.019148,-0.0064731,-0.0048556,-0.017677,0.028793,-0.00012019,-0.012667,-0.017301,0.021783,0.022424,0.027278,0.0083724,0.0065208,0.020626
-0.030798,-0.0068586,0.012776,0.011287,0.013164,-0.011538,-0.0099087,0,-0.017169,0.0086,-0.0462,0.047754,0.010573,-0.018591,-0.0056151,0.010799,-0.0096168,-0.017429,-0.013366,-0.02026,-0.0015581,0.0078841,-0.044748,-0.017902,0.013162,0.0053137,0.043203,-0.049201,0.032252,-0.023177,-0.0015301
0.018133,0.010348,0.017913,0.029449,0.0104,-0.024832,-0.0075113,-0.0022883,-0.17381,0.035242,0.011682,0.010278,-0.013397,-0.0017331,0.0069331,0.0099091,0.0068873,0.0038206,-0.026782,-0.0009901,-0.018363,0.031558,0.010532,-0.0089629,0.017494,-0.022804,0.010177,0.02149,0.022722,3.2167e-05,-0.0048391
0.0034778,0.01144,0.037869,0.002067,0.01893,-0.015753,-0.022356,0.0075949,-0.032139,0.0066285,0.038353,0.016631,-0.016545,-0.019453,-0.050593,-0.013382,0.040604,0.037998,0.011198,-0.031804,-0.019581,-0.0037563,0.0050745,0.012023,-0.0322,-0.072393,0.051388,-0.0041108,0.017165,-0.013251,-0.026312
0.026941,-0.017771,0.032473,-0.029596,0.022267,0.043602,0.027167,0.031609,-0.029945,0.02725,0.00039457,0.055635,0.058427,0.0093631,0.052176,0.016693,0.0067197,-0.0010526,-0.02006,-0.0011262,-0.021035,-0.025249,0.017358,-0.03935,-0.00093542,-0.014266,0.063182,-0.00053364,0.021487,0.010107,-0.026856
-0.013973,0.071006,-0.0019902,0.012293,-0.02266,-0.0077103,0.0018554,-0.00065445,-0.02486,-0.0079716,0.055082,0.010479,0.053708,-0.034909,0.007358,-0.019463,-0.012559,-0.020399,-0.00014615,0.041378,-0.056049,0.045474,0.098559,0.057188,-0.052124,0.11702,0.086206,0.10235,-0.040065,0.018302,-0.1425
-0.0090715,-0.0003197,0.030884,-0.019067,0.0052407,0.046406,-0.014769,0.00369,-0.019749,0.0084489,0.010232,-0.012951,0.025507,0.0014135,0.0078593,-0.014064,-0.0016801,-0.022185,0.003267,-0.037576,0.0046993,0.0015136,0.015142,0.0027195,-0.025071,-0.027386,0.04326,0.015035,0.010922,0.021588,0.0076963
0.019555,0.002936,0.011838,0.0099125,0.029171,-0.012455,-0.011109,0.006843,-0.058404,-0.017656,0.059391,0.046831,0.034461,-0.0077639,0.02636,-0.027829,0.0052932,0.012094,0.03027,-0.028773,-0.019019,0.037753,-0.0093792,0.015616,0.0060746,-0.027653,0.016959,0.0027844,-0.014601,-0.034846,-0.10443
0.025014,0.019512,0.0074942,0.01676,-0.011564,-0.016906,-0.013441,-0.011369,-0.071268,-0.027419,-0.024304,-0.035493,-0.0049199,-0.01213,0.015144,-0.022639,-0.010892,-0.017304,0.0078385,-0.026011,-0.01323,-0.00044202,-0.0013856,-0.0027436,-0.03326,0.024609,0.018136,0.026166,-0.0035595,0.033197,0.00076563
-0.014329,0.010805,0.043026,-0.00074917,-0.012538,0.077754,-0.052595,0.013925,0.0034184,0.017887,0.039985,0.015769,0.012889,0.0015625,0.024715,-0.026008,0.02775,-0.042137,-0.034196,-0.011453,0.0050443,-0.0094455,-0.0066273,-0.020246,-0.01624,-0.04112,0.06329,0.02263,0.051419,0.017987,-0.049834
-0.018226,0.0022706,0.035295,0,-0.02078,-0.0020716,-0.00036583,-0.0060576,0.27329,0.005894,0.0059835,0.019636,-0.003789,-0.0098476,0.0061467,0.0060902,0.0072145,-0.01466,0.012773,-0.015505,-0.01319,0.051548,0.014351,-0.014292,-0.03302,-0.026345,-0.011866,0.017059,0.019057,-0.0061968,0.0022972
-0.016283,0.047286,0.052456,0.036461,0.041008,0.0025093,-0.013966,-0.00079043,-0.033993,0.016094,0.0082122,-0.0029422,0.0037516,-0.0048821,-0.0066463,-0.004323,-4.3232e-05,-0.0028424,-0.0018844,-0.016182,-0.01292,0.023747,0.00091568,-0.012845,-0.0015362,-0.016979,0.021681,0.0067454,0.016129,0.0008392,0.0017605
-0.0014254,-0.0061517,0.028244,-0.00043236,0.036321,0.0066257,-0.0081581,0.013699,-0.026057,0.002924,-0.013994,-0.005497,0.0016221,-0.0092141,0.0053808,0.0039148,-0.0062272,-0.012096,0.0093451,-0.0011199,-0.011057,0.011388,0.012971,-0.018266,-0.0097768,-0.012441,0.015228,0.016885,0.044095,0.016696,0.0028933
0.0047317,0.007239,0.020409,0.0080951,-0.0019545,-0.010886,-0.015011,-0.0038168,-0.023335,-0.00072506,0.038233,-0.0052991,-0.014921,0.024779,0.02704,0.036155,0.0028076,-0.0074604,0.0015535,-0.0381,-0.033945,0.0096984,-0.025473,-0.007679,-0.0063915,0.0095754,0.0023593,0.009169,0.015433,0.00075619,-0.013846
-0.0017569,0.018884,0.015604,0.0072296,0.012247,-0.0013831,-0.021559,0.012392,-0.0057229,-0.018834,-0.010017,0.016206,-0.0030407,-0.011693,-0.0050196,-0.024626,-0.0030471,-0.012418,-0.003332,-0.0011746,-0.017546,-0.0014579,-0.0047658,0.0016093,-0.0083957,0.009039,0.047689,-0.00078493,0.010965,-0.00066387,-0.050292
0.0084925,0.0097252,-0.011313,-0.002422,-0.0026692,0.012143,-0.016773,-0.0016779,-0.046073,-0.0025465,-0.015764,0.0082012,-0.011811,0.0053995,0.040534,-0.022756,0.014359,-0.020079,-0.006119,-0.0039593,-0.0085824,-0.00261,-0.018827,-0.0089801,-0.005347,-0.026007,0.01241,0.034178,-0.016697,-0.0080457,-0.0062215
0.0076883,0.0064413,0.038538,-0.0027799,0.0049569,0.022166,-0.0077179,0.028402,-0.010196,-0.010119,0.014613,-0.027174,0.011554,-0.0033133,-0.002963,-0.013649,0.0049583,-0.02072,0.0014472,-0.037196,-0.03792,0.025354,0.034396,0.0041978,0.032476,0.022851,0.03081,0.0056579,-0.0012816,-0.0060584,-0.010199
-0.0007798,0.017808,0.037744,-0.0056641,0.02453,-0.012032,0.0053239,0.013538,-0.018423,-0.033954,-0.046202,-0.070255,-0.0028022,-0.10095,-0.059639,-0.0072861,0.04591,0.016096,0.02943,0.018874,-0.012418,0.12462,-0.042771,0.042346,-0.069575,0.11141,0.034183,0.12995,-0.10866,-0.071367,0.019065
-0.0037055,0.0047278,0.027365,0.019191,0.0036518,0.024638,0.010932,0,-0.014144,-0.026384,-0.021823,-0.0068474,0.0063543,0.0030377,0.044038,-0.0028584,0.00057426,-0.011525,-0.0044573,-0.010852,-0.023576,0.023156,-0.0026685,-0.0449,-0.00018172,-0.037685,0.019517,0.019633,-0.012966,-0.016307,-0.016634
0.02297,0.011344,0.070251,0.0032961,0.020343,-0.01125,-0.032467,0.0010884,-0.02365,0.0054609,-0.0026229,0.0030883,0.012666,-0.01447,-0.027441,-0.018263,0.042487,-0.038025,0.0010575,0.016483,-0.0065817,0.033982,8.5354e-05,0.042445,-0.0079606,0.057738,0.035611,-0.019028,0.080184,0.035985,0.0098505
0.0010055,0.031417,0.017494,0.017839,0.0066105,-0.0011718,-0.014793,-0.0018498,-0.049644,-0.014007,-0.021032,-0.021678,0.021608,0.01351,-0.028916,-0.01065,0.0068956,-0.03896,-0.013878,-0.015909,-0.012114,0.0315,0.052727,0.0010102,-0.051095,0.065197,0.032571,0.024928,-0.0050598,0.015613,-0.032762
-0.0038373,0.021181,0.01311,0.034317,0.037525,-0.014968,-0.015216,0,-0.037739,0.021335,0.036939,-0.014913,0.037365,0.042184,0.01737,-0.01749,-0.016156,-0.035894,0.04034,-0.012577,-0.03992,0.025497,0.032597,0.0074854,-0.057027,0.055723,0.09388,0.052791,-0.00032051,-0.011262,-0.026861
-0.0073251,0.016808,0.020571,0.019557,0.013183,0.0495,0.015659,0.00082102,-0.0032025,0.012066,-0.020847,0.033067,-0.00051599,-0.0069664,-0.00038027,-0.02083,-9.7403e-06,-0.024787,0.00055883,-0.031606,-0.029064,-0.0070731,-0.0073916,0.018515,-0.051612,0.032975,0.043074,0.0061771,0.022377,-0.016591,-0.084531
0.0044189,0.050498,0.043078,-0.0063978,-0.0093243,-0.036355,-0.0016755,-0.0055474,-0.00059152,-0.019344,0.01704,0.014473,0.0084914,0.054039,0.0068905,-0.016841,0.031547,-0.032695,-0.014593,-0.022415,-0.018017,-0.0062873,0.018674,-0.0060952,-0.021613,-0.0026403,0.016757,0.030145,0.023263,-0.029541,-0.0027684
-0.013876,0.0085066,-0.00095019,-0.013475,-0.0085447,0.021288,-0.01598,0.0095359,-0.034271,-0.004565,0.0083241,-0.0093802,0.012431,-0.0086208,0.0024648,-0.011318,0.005291,-0.010303,0.0032781,-0.034599,-0.01665,-0.0035022,-0.022696,0.031681,-0.039395,-0.0029867,0.014397,0.023107,0.025185,0.0061389,-0.0089263
-0.0035793,0.015544,0.059391,-0.0080828,-0.033848,0.0076243,-0.018441,0.012235,-0.030223,0.018726,0.0048977,0.0076521,0.00028816,-0.010133,-0.0014289,-0.0044136,0.019114,-0.015945,0.004012,-0.0078352,-0.014261,0.026682,0.012665,-0.010967,-0.014979,-0.018623,0.066855,0.0036708,0.012881,0.0032026,-0.0030991
0.0026716,0.024716,0.0098477,-0.012374,-0.0071394,0.014806,-0.011951,-0.0060395,-0.023493,0.028147,-0.01548,0.014571,-0.0027005,-0.012371,-0.0068711,-0.019708,0.011415,-0.0013012,-0.0097728,-0.012438,-0.0060341,-0.0023467,-0.010409,0.0081995,-0.0033357,-0.012854,0.013576,-0.0053327,0.028139,-0.00024373,0.022659
